,smiles_string,prop,value
1,[*]=C=C=C(CCCCOC(=O)NC(C)C)C(=[*])CCCCOC(=O)NC(C)C,Egc,0.9608
2,[*]C#CC#Cc1cc2sc([*])cc2s1,Egc,1.561
3,[*]C#CC#Cc1cc2sc([*])cc2s1,eib,1.023394279
4,[*]C#CC#Cc1ccc([*])cc1,Egc,2.103
5,[*]C#CC#Cc1ccc([*])cc1,eib,1.085136551
6,[*]C#CC#Cc1ccc([*])s1,Egc,1.5989
7,[*]C#CC#Cc1ccc([*])s1,eib,0.90521369
8,[*]C#CC#Cc1ccc(-c2ccc([*])s2)s1,Egc,1.6029
9,[*]C#CC#Cc1ccc(-c2ccc([*])s2)s1,eib,1.194723113
10,[*]C#CC#CCCCCCCCC[*],Egc,5.4425
11,[*]C#CC#CCCCCCCCC[*],eib,3.563946462
12,[*]C#CC(=C([*])c1ccccc1)c1ccccc1,Egc,0.8844
13,[*]C#CC(=C([*])c1ccccc1)c1ccccc1,eib,1.108460832
14,[*]C#CC(=C([*])c1cnc2ccccc2c1)c1cnc2ccccc2c1,Egc,0.7215
15,[*]C#CC(=C([*])c1cnc2ccccc2c1)c1cnc2ccccc2c1,Egcr,0.5725
16,[*]C#CC(=C([*])c1cnc2ccccc2c1)c1cnc2ccccc2c1,eib,0.873919158
17,[*]C#CC(CCCCOC(=O)NCC(=O)OCCCC)=C([*])c1cncnc1,Egc,2.9465
18,[*]C#CC(CCCCOC(=O)NCCC)=C([*])CCCCOC(=O)NCCC,Egc,1.0016
19,[*]C#CC(CO)=C([*])n1c2ccccc2c2ccccc21,Egc,1.3335
20,[*]C#CC(CO)=C([*])n1c2ccccc2c2ccccc21,eib,1.02485041
21,[*]C#CC=C[*],Egc,1.2297
22,[*]C#CC=C[*],Egcr,1.3369
23,[*]C#CC=C[*],eib,0.533906286
24,[*]C#Cc1c(F)c(F)c(C#Cc2cc(CCCCCC)c([*])s2)c(F)c1F,Egc,2.7755
25,[*]C#Cc1c(F)c(F)c(C#Cc2cc(CCCCCC)c([*])s2)c(F)c1F,eib,1.219660742
26,[*]C#Cc1cc(C#Cc2cc(N)c([*])cc2[N+](=O)[O-])c(OCCOCCOC)cc1OCCOCCOC,Egc,2.8068
27,[*]C#Cc1cc(CCCCCC)c([*])s1,Egc,1.5455
28,[*]C#Cc1cc(CCCCCC)c([*])s1,eib,1.319999036
29,[*]C#Cc1cc(CCCCCC)c(C#Cc2sc([*])c([N+](=O)[O-])c2[N+](=O)[O-])s1,Egc,1.7301
30,[*]C#Cc1cc(CCCCCC)c(C#Cc2sc([*])c([N+](=O)[O-])c2[N+](=O)[O-])s1,eib,0.504098178
31,[*]C#Cc1cc(OCC(CC)CCCC)c(C#Cc2cc(OCCNCCCC)c([*])cc2OCCNCCCC)cc1OCC(CC)CCCC,Egc,3.0922
32,[*]C#Cc1cc(OCCCCCC)c(C#Cc2ccc3c(-c4c(O)ccc5cc([*])ccc45)c(O)ccc3c2)cc1OCCCCCC,Egc,3.1184
33,[*]C#Cc1cc(OCCCCCCCC)c(C#Cc2ccc([*])s2)cc1OCCCCCCCC,Egc,2.3184
34,[*]C#Cc1cc(OCCCCCCCCCC)c([*])cc1OCCCCCCCCCC,Egc,1.7935
35,[*]C#Cc1cc(OCCCCCCCCCCCC)c([*])cc1OCCCCCCCCCCCC,Egc,1.7402
36,[*]C#Cc1cc(OCCCCCCCCCCCC)c(C#Cc2ccc([*])c([N+](=O)[O-])c2)cc1OCCCCCCCCCCCC,Egc,2.0462
37,[*]C#Cc1cc(OCCOCCOC)c(C#Cc2ccc([*])c([N+](=O)[O-])c2)cc1OCCOCCOC,Egc,2.1853
38,[*]C#Cc1ccc([*])c(SCCCCCCCCCCCC)c1,Egc,3.7748
39,[*]C#Cc1ccc([*])s1,Egc,1.6401
40,[*]C#Cc1ccc([*])s1,eib,1.147835104
41,[*]C#Cc1ccc(C#Cc2sc([*])c([N+](=O)[O-])c2[N+](=O)[O-])cc1,Egc,1.9456
42,[*]C#Cc1sc(C#Cc2ccc([*])nc2)c([N+](=O)[O-])c1[N+](=O)[O-],Egc,2.3098
43,[*]C#Cc1sc(-c2sc([*])c3c2OCCO3)c2c1OCCO2,Egc,1.714
44,[*]C#Cc1sc(-c2sc([*])c3c2OCCO3)c2c1OCCO2,eib,2.046647288
45,[*]C([*])(C#N)C#N,Egc,4.2738
46,[*]C([*])(C#N)C#N,eib,-0.172700794
47,[*]C([*])(F)F,Egc,7.183
48,[*]C([*])(F)F,eib,2.63798614
49,[*]C([*])F,Egc,6.641
50,[*]C([*])F,eib,2.90845836
51,[*]C([*])O,Egc,6.5244
52,[*]C([*])O,eib,3.776381919
53,[*]C([2H])([2H])C([*])([2H])C([2H])([2H])[2H],Egc,6.4539
54,[*]C([2H])([2H])C([*])([2H])C([2H])=C([2H])[2H],Egc,2.522
55,[*]C([2H])([2H])C([*])([2H])Cl,Egc,6.2385
56,[*]C([2H])([2H])C([*])([2H])Cl,eib,3.91621029
57,[*]C([2H])([2H])C([*])(C(=O)OC([2H])([2H])C([2H])([2H])[2H])C([2H])([2H])[2H],Egc,6.3139
58,[*]C([2H])([2H])C([*])(F)F,Egc,7.2226
59,[*]C([2H])([2H])C([*])(F)F,eib,3.792670378
60,[*]C(=C([2H])C([2H])([2H])C([*])([2H])[2H])C([2H])([2H])[2H],Egc,5.1988
61,[*]C(=NCCCCCC)N([*])CCCCCC,Egc,4.2986
62,[*]C(=O)C(=O)c1ccc(C=C2CCC(=Cc3ccc([*])cc3)C2=O)cc1,Egc,2.8497
63,[*]C(=O)C(=O)c1ccc(C=C2CCC(=Cc3ccc([*])cc3)C2=O)cc1,eib,1.06077242
64,[*]C(=O)C(C)=C(C)C(=O)N1CC(C)N([*])CC1C,Egc,5.3573
65,[*]C(=O)C(C)NC(=O)CNC(=O)C1CCCN1[*],Egc,5.735
66,[*]C(=O)C(C=C1)=CC=C1C(=O)C(=S)[*],Egc,2.9772
67,[*]C(=O)C(C=C1)=CC=C1C(=O)C(=S)[*],eib,0.867507619
68,[*]C(=O)C(C=C1)=CC=C1C(=O)C(C=C2)=CC=C2[*],Egc,4.427
69,[*]C(=O)C(C=C1)=CC=C1C(=O)C(C=C2)=CC=C2[*],eib,2.7830372
70,[*]C(=O)C(C=C1)=CC=C1C(=O)C(S2)=CC=C2[*],Egc,3.616
71,[*]C(=O)C(C=C1)=CC=C1C(=O)C(S2)=CC=C2[*],eib,1.04871506
72,[*]C(=O)C(C=C1)=CC=C1C(=S)C(C=C2)=CC=C2[*],Egc,2.9329
73,[*]C(=O)C(C=C1)=CC=C1C(=S)C(C=C2)=CC=C2[*],eib,1.576786564
74,[*]C(=O)C(C=C1)=CC=C1C(=S)C(S2)=CC=C2[*],Egc,2.3694
75,[*]C(=O)C(C=C1)=CC=C1C(=S)C(S2)=CC=C2[*],eib,0.620433394
76,[*]C(=O)C(C=C1)=CC=C1C(=S)O[*],Egc,3.2523
77,[*]C(=O)C(C=C1)=CC=C1C(=S)O[*],eib,1.171074687
78,[*]C(=O)C(C=C1)=CC=C1C(C=C2)=CC=C2C(=S)[*],Egc,2.4786
79,[*]C(=O)C(C=C1)=CC=C1C(C=C2)=CC=C2C(=S)[*],eib,0.598934434
80,[*]C(=O)C(C=C1)=CC=C1C(C=C2)=CC=C2C(C=C3)=CC=C3[*],Egc,3.3512
81,[*]C(=O)C(C=C1)=CC=C1C(C=C2)=CC=C2C(C=C3)=CC=C3[*],eib,1.967327464
82,[*]C(=O)C(C=C1)=CC=C1C(C=C2)=CC=C2C(S3)=CC=C3[*],Egc,2.843
83,[*]C(=O)C(C=C1)=CC=C1C(C=C2)=CC=C2C(S3)=CC=C3[*],eib,1.640400245
84,[*]C(=O)C(C=C1)=CC=C1C(S2)=CC=C2C(=S)[*],Egc,2.3581
85,[*]C(=O)C(C=C1)=CC=C1C(S2)=CC=C2C(=S)[*],eib,1.070796522
86,[*]C(=O)C(C=C1)=CC=C1C(S2)=CC=C2C(C=C3)=CC=C3[*],Egc,2.9732
87,[*]C(=O)C(C=C1)=CC=C1C(S2)=CC=C2C(C=C3)=CC=C3[*],eib,1.567210643
88,[*]C(=O)C(C=C1)=CC=C1C(S2)=CC=C2C(S3)=CC=C3[*],Egc,2.7667
89,[*]C(=O)C(C=C1)=CC=C1C(S2)=CC=C2C(S3)=CC=C3[*],eib,1.84788226
90,[*]C(=O)C(C=C1)=CC=C1C(S2)=CC=C2O[*],Egc,3.7083
91,[*]C(=O)C(C=C1)=CC=C1C(S2)=CC=C2O[*],eib,2.255312673
92,[*]C(=O)C(C=C1)=CC=C1OC(=S)[*],Egc,3.5207
93,[*]C(=O)C(C=C1)=CC=C1OC(=S)[*],eib,1.370981448
94,[*]C(=O)C(C=C1)=CC=C1OC(S2)=CC=C2[*],Egc,3.7007
95,[*]C(=O)C(C=C1)=CC=C1OC(S2)=CC=C2[*],eib,2.137313142
96,[*]C(=O)C(NC(=O)C1CCCN1C(=O)C1CCCN1[*])c1ccccc1,Egc,4.893
97,[*]C(=O)C(O)c1ccc([*])s1,Egc,3.56
98,[*]C(=O)C(O)c1ccc([*])s1,eib,2.083751595
99,[*]C(=O)C(S1)=CC=C1C(=O)C(=S)[*],Egc,2.2532
100,[*]C(=O)C(S1)=CC=C1C(=O)C(=S)[*],eib,0.064985154
101,[*]C(=O)C(S1)=CC=C1C(=O)C(S2)=CC=C2[*],Egc,2.951
102,[*]C(=O)C(S1)=CC=C1C(=O)C(S2)=CC=C2[*],eib,0.702534591
103,[*]C(=O)C(S1)=CC=C1C(=O)O[*],Egc,3.9696
104,[*]C(=O)C(S1)=CC=C1C(=O)O[*],eib,1.308247335
105,[*]C(=O)C(S1)=CC=C1C(=S)C(S2)=CC=C2[*],Egc,2.182
106,[*]C(=O)C(S1)=CC=C1C(=S)C(S2)=CC=C2[*],eib,0.636131094
107,[*]C(=O)C(S1)=CC=C1C(=S)O[*],Egc,2.7919
108,[*]C(=O)C(S1)=CC=C1C(=S)O[*],eib,0.714820685
109,[*]C(=O)C(S1)=CC=C1C(C=C2)=CC=C2C(=S)[*],Egc,2.3582
110,[*]C(=O)C(S1)=CC=C1C(C=C2)=CC=C2C(=S)[*],eib,0.775560376
111,[*]C(=O)C(S1)=CC=C1C(C=C2)=CC=C2C(S3)=CC=C3[*],Egc,2.499
112,[*]C(=O)C(S1)=CC=C1C(C=C2)=CC=C2C(S3)=CC=C3[*],eib,1.365829411
113,[*]C(=O)C(S1)=CC=C1C(C=C2)=CC=C2O[*],Egc,2.8561
114,[*]C(=O)C(S1)=CC=C1C(C=C2)=CC=C2O[*],eib,1.703922719
115,[*]C(=O)C(S1)=CC=C1C(S2)=CC=C2C(=S)[*],Egc,2.0567
116,[*]C(=O)C(S1)=CC=C1C(S2)=CC=C2C(=S)[*],eib,-0.003150579
117,[*]C(=O)C(S1)=CC=C1C(S2)=CC=C2C(S3)=CC=C3[*],Egc,1.9059
118,[*]C(=O)C(S1)=CC=C1C(S2)=CC=C2C(S3)=CC=C3[*],eib,1.144948337
119,[*]C(=O)C(S1)=CC=C1C(S2)=CC=C2O[*],Egc,2.6424
120,[*]C(=O)C(S1)=CC=C1C(S2)=CC=C2O[*],eib,1.355611387
121,[*]C(=O)C(S1)=CC=C1OC(=S)[*],Egc,3.6056
122,[*]C(=O)C(S1)=CC=C1OC(=S)[*],eib,1.204514029
123,[*]C(=O)C(S1)=CC=C1OC(S2)=CC=C2[*],Egc,3.5651
124,[*]C(=O)C(S1)=CC=C1OC(S2)=CC=C2[*],eib,1.763627132
125,[*]C(=O)C=C(C)C(=O)N1CCN([*])CC1,Egc,4.7733
126,[*]C(=O)C=CC(=O)N1CC(C)N([*])CC1C,Egc,4.2051
127,[*]C(=O)C=CC(=O)N1CC(C)N([*])CC1C,eib,1.945533321
128,[*]C(=O)C1C(C)C1C(=O)N1CCN([*])CC1,Egc,5.5018
129,[*]C(=O)C1CC(O)CN1[*],Egc,5.318
130,[*]C(=O)C1CC(OC(=O)CCC)CN1[*],Egc,4.5924
131,[*]C(=O)C1CC(OC(C)=O)CN1[*],Egc,4.2937
132,[*]C(=O)C1CC1C(=O)N1CCN([*])CC1,Egc,5.6073
133,[*]C(=O)c1ccc(C(=O)N(C)c2ccc(Cl)c(N([*])C)c2)cc1,Egc,3.0209
134,[*]C(=O)c1ccc(C(=O)N(C)c2ccc(Cl)c(N([*])C)c2)cc1,eib,1.842086089
135,[*]C(=O)c1ccc(C(=O)N(C)N([*])C)cc1,Egc,4.1739
136,[*]C(=O)c1ccc(C(=O)N2CC(C)N([*])CC2C)cc1,Egc,4.5321
137,[*]C(=O)c1ccc(C(=O)N2CCN([*])CC2)cc1,Egc,4.6749
138,[*]C(=O)c1ccc(C(=O)N2CCN([*])CC2)cc1,Egcr,4.7036
139,[*]C(=O)c1ccc(N([*])C)cc1,Egc,4.6391
140,[*]C(=O)c1ccc(N([*])C)cc1,eib,2.860126697
141,[*]C(=O)c1ccc(N([*])CCCCCCCC)cc1,Egc,3.6683
142,[*]C(=O)c1ccc(N=Nc2ccc(C(=O)N3C(=O)N([*])C(CC)(CC)C3=O)cc2)cc1,Egc,3.2554
143,[*]C(=O)c1ccc(N=Nc2ccc(C(=O)N3C(=O)N([*])C(CC)(CC)C3=O)cc2)cc1,eib,0.812593826
144,[*]C(=O)c1ccc(Oc2ccc(C(C)(C)c3ccc(Oc4ccc([*])s4)cc3)cc2)cc1,Egc,3.7073
145,[*]C(=O)c1ccc(Oc2ccc(C(C)(C)c3ccc(Oc4ccc([*])s4)cc3)cc2)cc1,eib,2.204506441
146,[*]C(=O)c1ccc(Oc2ccc(C3(c4ccc(Oc5ccc([*])s5)cc4)c4ccccc4-c4ccccc43)cc2)cc1,Egc,3.549
147,[*]C(=O)c1ccc(Oc2ccc(N3C(=O)c4ccc([*])cc4C3=O)cc2)cc1,Egc,2.925
148,[*]C(=O)c1ccc(Oc2ccc(N3C(=O)c4ccc([*])cc4C3=O)cc2)cc1,eib,1.192229129
149,[*]C(=O)c1ccc2c(c1)C(=Nc1ccc(Oc3cccc(N=C4OC(=O)c5ccc([*])cc54)c3)cc1)OC2=O,Egc,2.5605
150,[*]C(=O)c1ccc2c(c1)C(=O)N(c1cc(C(=O)O)cc(N3C(=O)c4ccc([*])cc4C3=O)c1)C2=O,Egc,3.6938
151,[*]C(=O)c1ccc2c(c1)C(=O)N(c1cc(C(=O)OC)cc(N3C(=O)c4ccc([*])cc4C3=O)c1)C2=O,Egc,3.6664
152,[*]C(=O)c1ccc2c(c1)C(=O)N(c1cc(C(=O)OC)cc(N3C(=O)c4ccc([*])cc4C3=O)c1)C2=O,eib,0.988651501
153,[*]C(=O)c1ccc2c(c1)C(=O)N(c1cc(-c3nc4ccccc4[nH]3)cc(N3C(=O)c4ccc([*])cc4C3=O)c1)C2=O,Egc,2.3475
154,[*]C(=O)c1ccc2c(c1)C(=O)N(c1cc(-c3nc4ccccc4[nH]3)cc(N3C(=O)c4ccc([*])cc4C3=O)c1)C2=O,eib,1.139735105
155,[*]C(=O)c1ccc2c(c1)C(=O)N(c1cc(-c3nc4ccccc4o3)cc(N3C(=O)c4ccc([*])cc4C3=O)c1)C2=O,Egc,2.6843
156,[*]C(=O)c1ccc2c(c1)C(=O)N(c1cc(-c3nc4ccccc4oc3=O)cc(N3C(=O)c4ccc([*])cc4C3=O)c1)C2=O,Egc,2.9075
157,[*]C(=O)c1ccc2c(c1)C(=O)N(c1cc(-c3nc4ccccc4s3)cc(N3C(=O)c4ccc([*])cc4C3=O)c1)C2=O,Egc,2.5568
158,[*]C(=O)c1ccc2c(c1)C(=O)N(c1cc(N3C(=O)c4ccc([*])cc4C3=O)c(O)cc1O)C2=O,Egc,2.8322
159,[*]C(=O)c1ccc2c(c1)C(=O)N(c1cc(OCCCC)cc(N3C(=O)c4ccc([*])cc4C3=O)c1)C2=O,Egc,2.6047
160,[*]C(=O)c1ccc2c(c1)C(=O)N(c1cc(OCCCCCCCC)cc(N3C(=O)c4ccc([*])cc4C3=O)c1)C2=O,Egc,2.8168
161,[*]C(=O)c1ccc2c(c1)C(=O)N(c1ccc(C(=O)c3cccc(C(=O)c4ccc(N5C(=O)c6ccc([*])cc6C5=O)cc4)c3)cc1)C2=O,Egc,2.8442
162,[*]C(=O)c1ccc2c(c1)C(=O)N(c1ccc(C(=O)N(C)c3ccc(N4C(=O)c5ccc([*])cc5C4=O)cc3)cc1)C2=O,Egc,2.4262
163,[*]C(=O)c1ccc2c(c1)C(=O)N(c1ccc(C(=O)Nc3ccc(N4C(=O)c5ccc([*])cc5C4=O)cc3)cc1)C2=O,Egc,2.5101
164,[*]C(=O)c1ccc2c(c1)C(=O)N(c1ccc(C(C)(C)c3ccc(C(C)(C)c4ccc(N5C(=O)c6ccc([*])cc6C5=O)cc4)cc3)cc1)C2=O,Egc,2.4803
165,[*]C(=O)c1ccc2c(c1)C(=O)N(c1ccc(C(c3ccc(N4C(=O)c5ccc([*])cc5C4=O)cc3)(C(F)(F)F)C(F)(F)F)cc1)C2=O,Egc,2.9566
166,[*]C(=O)c1ccc2c(c1)C(=O)N(c1ccc(C(c3ccccc3)(c3ccc(N4C(=O)c5ccc([*])cc5C4=O)cc3)C(F)(F)F)cc1)C2=O,Egc,3.0137
167,[*]C(=O)c1ccc2c(c1)C(=O)N(c1ccc(C(c3ccccc3)c3ccc(N4C(=O)c5ccc([*])cc5C4=O)cc3)cc1)C2=O,Egc,2.683
168,[*]C(=O)c1ccc2c(c1)C(=O)N(c1ccc(C=Cc3ccc(N4C(=O)c5ccc([*])cc5C4=O)cc3)cc1)C2=O,Egc,2.0708
169,[*]C(=O)c1ccc2c(c1)C(=O)N(c1ccc(C=Cc3ccc(N4C(=O)c5ccc([*])cc5C4=O)cc3)cc1)C2=O,eib,0.764095847
170,[*]C(=O)c1ccc2c(c1)C(=O)N(c1ccc(C3(c4ccc(N5C(=O)c6ccc([*])cc6C5=O)cc4)c4ccccc4-c4ccccc43)cc1)C2=O,Egc,2.372
171,[*]C(=O)c1ccc2c(c1)C(=O)N(c1ccc(-c3ccc(-c4ccc(N5C(=O)c6ccc([*])cc6C5=O)cc4)cc3)cc1)C2=O,Egc,2.3433
172,[*]C(=O)c1ccc2c(c1)C(=O)N(c1ccc(-c3ccc(-c4ccc(N5C(=O)c6ccc([*])cc6C5=O)cc4)cc3)cc1)C2=O,eib,0.787457196
173,[*]C(=O)c1ccc2c(c1)C(=O)N(c1ccc(-c3ccc(N4C(=O)c5ccc([*])cc5C4=O)c(OC)c3)cc1OC)C2=O,Egc,2.5507
174,[*]C(=O)c1ccc2c(c1)C(=O)N(c1ccc(-c3ccc(N4C(=O)c5ccc([*])cc5C4=O)cc3)cc1)C2=O,Egc,2.5342
175,[*]C(=O)c1ccc2c(c1)C(=O)N(c1ccc(-c3ccc(N4C(=O)c5ccc([*])cc5C4=O)cc3C)c(C)c1)C2=O,Egc,2.8171
176,[*]C(=O)c1ccc2c(c1)C(=O)N(c1ccc(-c3nc(-c4ccccc4)nc(-c4ccc(N5C(=O)c6ccc([*])cc6C5=O)cc4)n3)cc1)C2=O,Egc,2.85
177,[*]C(=O)c1ccc2c(c1)C(=O)N(c1ccc(Cc3ccc(N4C(=O)c5ccc([*])cc5C4=O)cc3)cc1)C2=O,Egc,2.7913
178,[*]C(=O)c1ccc2c(c1)C(=O)N(c1ccc(N(c3ccc(C#N)cc3)c3ccc(N4C(=O)c5ccc([*])cc5C4=O)cc3)cc1)C2=O,Egc,1.8892
179,[*]C(=O)c1ccc2c(c1)C(=O)N(c1ccc(N3C(=O)c4ccc([*])cc4C3=O)cc1)C2=O,Egc,2.9305
180,[*]C(=O)c1ccc2c(c1)C(=O)N(c1ccc(N3C(=O)c4ccc([*])cc4C3=O)nc1)C2=O,Egc,3.0618
181,[*]C(=O)c1ccc2c(c1)C(=O)N(c1ccc(N3C(=O)c4ccc([*])cc4C3=O)nc1)C2=O,eib,0.807672874
182,[*]C(=O)c1ccc2c(c1)C(=O)N(c1ccc(Oc3cc(C(C)(C)C)c(Oc4ccc(N5C(=O)c6ccc([*])cc6C5=O)cc4)cc3C(C)(C)C)cc1)C2=O,Egc,2.3313
183,[*]C(=O)c1ccc2c(c1)C(=O)N(c1ccc(Oc3cc4ccccc4cc3Oc3ccc(N4C(=O)c5ccc([*])cc5C4=O)cc3)cc1)C2=O,Egc,2.4977
184,[*]C(=O)c1ccc2c(c1)C(=O)N(c1ccc(Oc3ccc(-c4ccc(Oc5ccc(N6C(=O)c7ccc([*])cc7C6=O)cc5)cc4)cc3)cc1)C2=O,Egc,2.13
185,[*]C(=O)c1ccc2c(c1)C(=O)N(c1ccc(Oc3ccc(N4C(=O)c5ccc([*])cc5C4=O)cc3)cc1)C2=O,Egc,2.6811
186,[*]C(=O)c1ccc2c(c1)C(=O)N(c1ccc(Oc3ccc(N4C(=O)c5ccc([*])cc5C4=O)cc3Br)c(Br)c1)C2=O,Egc,2.6559
187,[*]C(=O)c1ccc2c(c1)C(=O)N(c1ccc(Oc3ccc(S(=O)(=O)c4ccc(Oc5ccc(N6C(=O)c7ccc([*])cc7C6=O)cc5)cc4)cc3)cc1)C2=O,Egc,2.5975
188,[*]C(=O)c1ccc2c(c1)C(=O)N(c1ccc(Oc3cccc(N4C(=O)c5ccc([*])cc5C4=O)c3)cc1)C2=O,Egc,2.4674
189,[*]C(=O)c1ccc2c(c1)C(=O)N(c1ccc(Oc3cccc(Oc4ccc(N5C(=O)c6ccc([*])cc6C5=O)cc4)c3)cc1)C2=O,Egc,2.5843
190,[*]C(=O)c1ccc2c(c1)C(=O)N(c1ccc(Oc3ccccc3Oc3ccc(N4C(=O)c5ccc([*])cc5C4=O)cc3)cc1)C2=O,Egc,2.575
191,[*]C(=O)c1ccc2c(c1)C(=O)N(c1ccc(OCC(C)(C)COc3ccc(N4C(=O)c5ccc([*])cc5C4=O)cc3)cc1)C2=O,Egc,2.6417
192,[*]C(=O)c1ccc2c(c1)C(=O)N(c1ccc(OCCOc3ccc(N4C(=O)c5ccc([*])cc5C4=O)cc3)cc1)C2=O,Egc,2.4765
193,[*]C(=O)c1ccc2c(c1)C(=O)N(c1ccc(OCCOCCOc3ccc(N4C(=O)c5ccc([*])cc5C4=O)cc3)cc1)C2=O,Egc,2.5244
194,[*]C(=O)c1ccc2c(c1)C(=O)N(c1ccc(OCCOCCOCCOc3ccc(N4C(=O)c5ccc([*])cc5C4=O)cc3)cc1)C2=O,Egc,2.5899
195,[*]C(=O)c1ccc2c(c1)C(=O)N(c1ccc(Sc3ccc(N4C(=O)c5ccc([*])cc5C4=O)cc3)cc1)C2=O,Egc,2.5762
196,[*]C(=O)c1ccc2c(c1)C(=O)N(c1ccc(Sc3ccc(N4C(=O)c5ccc([*])cc5C4=O)cn3)nc1)C2=O,Egc,2.1786
197,[*]C(=O)c1ccc2c(c1)C(=O)N(c1ccc(Sc3ccc(N4C(=O)c5ccc([*])cc5C4=O)cn3)nc1)C2=O,eib,1.34065933
198,[*]C(=O)c1ccc2c(c1)C(=O)N(c1ccc3c(c1)C(=O)c1cc(N4C(=O)c5ccc([*])cc5C4=O)ccc1-3)C2=O,Egc,2.5712
199,[*]C(=O)c1ccc2c(c1)C(=O)N(c1ccc3c(c1)Cc1cc(N4C(=O)c5ccc([*])cc5C4=O)ccc1-3)C2=O,Egc,2.344
200,[*]C(=O)c1ccc2c(c1)C(=O)N(c1cccc(C#Cc3cccc(N4C(=O)c5ccc([*])cc5C4=O)c3)c1)C2=O,Egc,2.5356
201,[*]C(=O)c1ccc2c(c1)C(=O)N(c1cccc(C(=O)c3cccc(N4C(=O)c5ccc([*])cc5C4=O)c3)c1)C2=O,Egc,3.3505
202,[*]C(=O)c1ccc2c(c1)C(=O)N(c1cccc(C(=O)N(C)c3ccc(N4C(=O)c5ccc([*])cc5C4=O)cc3)c1)C2=O,Egc,2.3323
203,[*]C(=O)c1ccc2c(c1)C(=O)N(c1cccc(C(=O)Nc3ccc(N4C(=O)c5ccc([*])cc5C4=O)cc3)c1)C2=O,Egc,2.5378
204,[*]C(=O)c1ccc2c(c1)C(=O)N(c1cccc(C(c3ccccc3)(c3cccc(N4C(=O)c5ccc([*])cc5C4=O)c3)C(F)(F)F)c1)C2=O,Egc,2.9754
205,[*]C(=O)c1ccc2c(c1)C(=O)N(c1cccc(-c3nc(-c4ccccc4)nc(-c4cccc(N5C(=O)c6ccc([*])cc6C5=O)c4)n3)c1)C2=O,Egc,2.9596
206,[*]C(=O)c1ccc2c(c1)C(=O)N(c1cccc(Cc3ccc(C(=O)c4ccc(N5C(=O)c6ccc([*])cc6C5=O)cc4)cc3)c1)C2=O,Egc,2.9024
207,[*]C(=O)c1ccc2c(c1)C(=O)N(c1cccc(N3C(=O)c4ccc([*])cc4C3=O)c1C)C2=O,Egc,3.3805
208,[*]C(=O)c1ccc2c(c1)C(=O)N(c1cccc(N3C(=O)c4ccc([*])cc4C3=O)c1C)C2=O,eib,0.827586071
209,[*]C(=O)c1ccc2c(c1)C(=O)N(c1cccc(Nc3nc(N)nc(Nc4cccc(N5C(=O)c6ccc([*])cc6C5=O)c4)n3)c1)C2=O,Egc,2.5377
210,[*]C(=O)c1ccc2c(c1)C(=O)N(c1cccc(Nc3nc(Nc4cccc(N5C(=O)c6ccc([*])cc6C5=O)c4)nc(-c4ccccc4)n3)c1)C2=O,Egc,2.5755
211,[*]C(=O)c1ccc2c(c1)C(=O)N(c1cccc(Nc3nc(Nc4cccc(N5C(=O)c6ccc([*])cc6C5=O)c4)nc(N(C)C)n3)c1)C2=O,Egc,2.4856
212,[*]C(=O)c1ccc2c(c1)C(=O)N(c1cccc(Nc3ncnc(Nc4cccc(N5C(=O)c6ccc([*])cc6C5=O)c4)n3)c1)C2=O,Egc,2.5005
213,[*]C(=O)c1ccc2c(c1)C(=O)n1c-2nc2ccc(-c3ccc4c(c3)nc3n4C(=O)c4ccc([*])cc4-3)cc21,Egc,2.4671
214,[*]C(=O)c1ccc2c(c1)C(=O)n1c-2nc2ccc(-c3ccc4c(c3)nc3n4C(=O)c4ccc([*])cc4-3)cc21,eib,0.770544162
215,[*]C(=O)c1ccc2c(c1O)C(=O)N(c1ccc(Oc3ccc(N4C(=O)c5ccc([*])c(O)c5C4=O)cc3)cc1)C2=O,Egc,2.4908
216,[*]C(=O)c1ccc2nc(-c3ccc(-c4cnc5cc([*])ccc5n4)cc3)cnc2c1,Egc,3.0794
217,[*]C(=O)c1ccc2nc(-c3ccc(-c4cnc5cc([*])ccc5n4)cc3)cnc2c1,eib,1.106316924
218,[*]C(=O)c1ccc2nc(-c3ccc(-c4nc5ccc([*])cc5nc4-c4ccccc4)cc3)c(-c3ccccc3)nc2c1,Egc,3.0546
219,[*]C(=O)c1ccc2nc(-c3ccccc3)c(-c3ccc(-c4nc5cc([*])ccc5nc4-c4ccccc4)cc3)nc2c1,Egc,3.2971
220,[*]C(=O)c1ccc2nc(-c3ccccc3)c(-c3ccc(-c4nc5ccc([*])cc5nc4-c4ccccc4)cc3)nc2c1,Egc,3.1987
221,[*]C(=O)c1cccc(C(=O)c2ccc3c(c2)C(=Nc2cccc(N=C4OC(=O)c5cc([*])ccc54)c2)OC3=O)c1,Egc,2.8729
222,[*]C(=O)c1cccc(C(=O)c2ccc3c(c2)C(=O)N(c2ccc(Oc4ccc(N5C(=O)c6ccc([*])cc6C5=O)cc4)cc2)C3=O)c1,Egc,2.6364
223,[*]C(=O)c1cccc(C(=O)N(C)c2cccc(N([*])C)c2)c1,Egc,4.5971
224,[*]C(=O)c1cccc(C(=O)N(C)c2cccc(N([*])C)c2)c1,eib,3.054840968
225,[*]C(=O)c1cccc(C(=O)N2CCN([*])CC2)c1,Egc,4.6488
226,[*]C(=O)c1cccc(C(=O)N2COCN2[*])c1,Egc,4.4061
227,[*]C(=O)C1CCCN1[*],Egc,5.2121
228,[*]C(=O)C1CCCN1[*],eib,3.72234899
229,[*]C(=O)CCC=CCCC(=O)N1CCN([*])CC1,Egc,5.4241
230,[*]C(=O)CCCCC(=O)N1CCN([*])CC1,Egc,5.6492
231,[*]C(=O)CCCCCCCCC(=O)N1CC(C)N([*])CC1C,Egc,5.6918
232,[*]C(=O)CCCCCCCCC(=O)N1CCN([*])CC1,Egc,5.5844
233,[*]C(=O)CCCCCCCCC(=O)N1CCN([*])CC1,eib,3.993107754
234,[*]C(=O)CCN(C)CCN(C)CCC(=O)N1CCN([*])CC1,Egc,4.709
235,[*]C(=O)CCN1CCN(CCC(=O)N2CCN([*])CC2)CC1,Egc,3.6334
236,[*]C(=O)CCP(=O)(CCC(=O)N1CCN([*])CC1)c1ccccc1,Egc,4.8188
237,[*]C(=O)CCP(=O)(CCC(=O)N1CCN([*])CC1)c1ccccc1,eib,2.898353991
238,[*]C(=O)CNC(=O)C1CCCN1C(=O)C1CCCN1[*],Egc,4.7012
239,[*]C(=O)CNC(=O)C1CCCN1C(=O)C1CCCN1[*],eib,4.069003762
240,[*]C(=O)COCC(=O)N1CCN([*])CC1,Egc,5.6093
241,[*]C(=O)COCCOCC(=O)N1CCN([*])CC1,Egc,5.164
242,[*]C(=O)N([*])C(C)C(C)=O,Egc,4.4859
243,[*]C(=O)N([*])CC,Egc,6.0174
244,[*]C(=O)N([*])CC,eib,4.060876784
245,[*]C(=O)N([*])CC=C,Egc,5.4866
246,[*]C(=O)N([*])CC=C,eib,3.052656247
247,[*]C(=O)N([*])CCCCCCCCC=C,Egc,5.307
248,[*]C(=O)N1CC(=O)N(C(=O)c2ccc(N3C(=O)c4ccc([*])cc4C3=O)cc2)C1=O,Egc,3.5902
249,[*]C(=O)Nc1cc(NC(=O)c2ccc([*])o2)c(N)cc1N,Egc,2.5905
250,[*]C(=O)Nc1cc(NC(=O)c2ccc3[nH]c(-c4cccc(-c5nc6cc([*])ccc6[nH]5)c4)nc3c2)cc(-c2nc3ccccc3[nH]2)c1,Egc,3.2549
251,[*]C(=O)NC1CC1NC(=O)N1CCN([*])CC1,Egc,5.7153
252,[*]C(=O)Nc1ccc(C(=O)Nc2ccc(NC(=O)c3ccc4[nH]c(-c5ccc(-c6nc7cc([*])ccc7[nH]6)cc5)nc4c3)cc2)cc1,Egc,2.6126
253,[*]C(=O)Nc1ccc(C(=O)Nc2ccc(NC(=O)c3ccc4[nH]c(-c5cccc(-c6nc7cc([*])ccc7[nH]6)c5)nc4c3)cc2)cc1,Egc,2.979
254,[*]C(=O)Nc1ccc(C(c2ccc(NC(=O)c3ccc(N4C(=O)c5ccc([*])cc5C4=O)cc3C)cc2)(C(F)(F)F)C(F)(F)F)cc1,Egc,2.9645
255,[*]C(=O)Nc1ccc(C2(c3ccc(N4C(=O)c5ccc([*])cc5C4=O)cc3)CC(C)CC(C)(C)C2)cc1,Egc,2.7724
256,[*]C(=O)Nc1ccc(C2(c3ccc(N4C(=O)c5ccc([*])cc5C4=O)cc3)CCC(C(C)(C)C)CC2)cc1,Egc,2.786
257,[*]C(=O)Nc1ccc(C2(c3ccc(N4C(=O)c5ccc([*])cc5C4=O)cc3)CCC(C(C)(C)CC)CC2)cc1,Egc,2.7979
258,[*]C(=O)Nc1ccc(C2(c3ccc(N4C(=O)c5ccc([*])cc5C4=O)cc3)CCC(CC)CC2)cc1,Egc,2.9391
259,[*]C(=O)Nc1ccc(C2(c3ccc(N4C(=O)c5ccc([*])cc5C4=O)cc3)CCCCC2)cc1,Egc,2.8538
260,[*]C(=O)Nc1ccc(-c2ccc(NC(=O)c3ccc4c(c3)C(=O)N(c3ccc(S(=O)(=O)c5ccc(N6C(=O)c7ccc([*])cc7C6=O)cc5)cc3)C4=O)cc2)cc1,Egc,2.4206
261,[*]C(=O)Nc1ccc(Cc2ccc(N3C(=O)c4ccc([*])cc4C3=O)cc2)cc1,Egc,3.0708
262,[*]C(=O)Nc1ccc(Cc2ccc(NC(=O)c3ccc4c(c3)C(=O)N(c3ccc(S(=O)(=O)c5ccc(N6C(=O)c7ccc([*])cc7C6=O)cc5)cc3)C4=O)cc2)cc1,Egc,2.4615
263,[*]C(=O)Nc1ccc(N2C(=O)c3ccc([*])cc3C2=O)cc1,Egc,3.3531
264,[*]C(=O)Nc1ccc(NC(=O)c2ccc(N3C(=O)c4ccc([*])cc4C3=O)cc2)cc1,Egc,2.9907
265,[*]C(=O)Nc1ccc(NC(=O)c2ccc(N3C(=O)c4ccc([*])cc4C3=O)cc2)cc1,eib,1.15298421
266,[*]C(=O)Nc1ccc(NC(=O)c2ccc(NC(=O)c3ccc(-c4nc5cc([*])ccc5[nH]4)cc3)cc2)cc1,Egc,2.7225
267,[*]C(=O)Nc1ccc(NC(=O)c2ccc3[nH]c(-c4cc(-c5nc6cc([*])ccc6[nH]5)cc(N5C(=O)c6ccccc6C5=O)c4)nc3c2)cc1,Egc,2.347
268,[*]C(=O)Nc1ccc(NC(=O)c2ccc3c(c2)C(=O)N(c2c(C)cc(C)c(N4C(=O)c5ccc([*])cc5C4=O)c2C)C3=O)cc1,Egc,3.5192
269,[*]C(=O)Nc1ccc(NC(=O)c2ccc3c(c2)C(=O)N(c2cc(-c4nc5ccccc5s4)cc(N4C(=O)c5ccc([*])cc5C4=O)c2)C3=O)cc1,Egc,2.8046
270,[*]C(=O)Nc1ccc(NC(=O)c2ccc3c(c2)C(=O)N(c2ccc(Oc4ccc(N5C(=O)c6ccc([*])cc6C5=O)cc4)cc2)C3=O)cc1,Egc,2.6682
271,[*]C(=O)Nc1ccc(NC(=O)c2ccc3c(c2)C(=O)N(c2ccc(Oc4cccc5c(N6C(=O)c7ccc([*])cc7C6=O)cccc45)cc2)C3=O)cc1,Egc,2.8733
272,[*]C(=O)Nc1ccc(NC(=O)c2ccc3c(c2)C(=O)N(c2ccc(S(=O)(=O)c4ccc(N5C(=O)c6ccc([*])cc6C5=O)cc4)cc2)C3=O)cc1,Egc,2.677
273,[*]C(=O)Nc1ccc(NC(=O)c2ccc3c(c2)C(=O)N(c2cccc(N4C(=O)c5ccc([*])cc5C4=O)c2)C3=O)cc1,Egc,2.9009
274,[*]C(=O)Nc1ccc(NC(=O)c2cccc(C(=O)Nc3ccc(N4C(=O)c5ccc([*])cc5C4=O)cc3)c2)cc1,Egc,3.0011
275,[*]C(=O)Nc1ccc(Nc2ccc(N3C(=O)c4ccc([*])cc4C3=O)cc2)cc1,Egc,2.3212
276,[*]C(=O)Nc1ccc(Nc2ccc(N3C(=O)c4ccc([*])cc4C3=O)cc2)cc1,eib,1.581936141
277,[*]C(=O)Nc1ccc(Oc2ccc(N3C(=O)c4ccc([*])cc4C3=O)cc2)cc1,Egc,2.6875
278,[*]C(=O)Nc1ccc(Oc2ccc(N3C(=O)c4ccc([*])cc4C3=O)cc2)cc1,eib,1.37091687
279,[*]C(=O)Nc1ccc(Oc2ccc(NC(=O)c3ccc(N4C(=O)c5ccc([*])cc5C4=O)cc3)cc2)cc1,Egc,2.3807
280,[*]C(=O)Nc1ccc(Oc2ccc(NC(=O)c3ccc4c(c3)C(=O)N(c3ccc(Oc5ccc(N6C(=O)c7ccc([*])cc7C6=O)cc5)cc3)C4=O)cc2)cc1,Egc,2.919
281,[*]C(=O)Nc1ccc(Oc2ccc(NC(=O)c3ccc4c(c3)C(=O)N(c3ccc(S(=O)(=O)c5ccc(N6C(=O)c7ccc([*])cc7C6=O)cc5)cc3)C4=O)cc2)cc1,Egc,2.4414
282,[*]C(=O)Nc1ccc(Oc2ccc(NC(=O)c3cccc([*])n3)cc2)cc1,Egc,3.5459
283,[*]C(=O)Nc1ccc(S(=O)(=O)c2ccc(NC(=O)c3ccc4[nH]c(-c5cccc(-c6nc7cc([*])ccc7[nH]6)c5)nc4c3)cc2)cc1,Egc,3.6514
284,[*]C(=O)Nc1ccc(S(=O)(=O)c2ccc(NC(=O)c3ccc4c(c3)C(=O)N(c3ccc(Oc5ccc(N6C(=O)c7ccc([*])cc7C6=O)cc5)cc3)C4=O)cc2)cc1,Egc,2.8374
285,[*]C(=O)Nc1ccc(S(=O)(=O)c2ccc(NC(=O)c3ccc4c(c3)C(=O)N(c3ccc(S(=O)(=O)c5ccc(N6C(=O)c7ccc([*])cc7C6=O)cc5)cc3)C4=O)cc2)cc1,Egc,2.9914
286,[*]C(=O)NC1CCCC([*])O1,Egc,5.9929
287,[*]C(=O)Nc1cccc(C#Cc2cccc(N3C(=O)c4ccc([*])cc4C3=O)c2)c1,Egc,2.9195
288,[*]C(=O)Nc1cccc(C#Cc2cccc(N3C(=O)c4ccc([*])cc4C3=O)c2)c1,eib,1.319970555
289,[*]C(=O)Nc1cccc(C(=O)Nc2cccc(NC(=O)c3ccc4[nH]c(-c5ccc(-c6nc7cc([*])ccc7[nH]6)cc5)nc4c3)c2)c1,Egc,3.111
290,[*]C(=O)Nc1cccc(C(=O)Nc2cccc(NC(=O)c3ccc4[nH]c(-c5cccc(-c6nc7cc([*])ccc7[nH]6)c5)nc4c3)c2)c1,Egc,3.1483
291,[*]C(=O)Nc1cccc(C=CC(=O)C=Cc2cccc(NC(=O)c3ccc(N4C(=O)c5ccc([*])cc5C4=O)cc3)c2)c1,Egc,2.9611
292,[*]C(=O)Nc1cccc(NC(=O)c2ccc(-c3nc4cc([*])ccc4[nH]3)cc2)c1,Egc,3.3128
293,[*]C(=O)Nc1cccc(NC(=O)c2ccc3[nH]c(-c4cc(-c5nc6cc([*])ccc6[nH]5)cc(N5C(=O)c6ccccc6C5=O)c4)nc3c2)c1,Egc,2.8553
294,[*]C(=O)Nc1cccc(NC(=O)c2ccc3[nH]c(-c4ccc(-c5nc6cc([*])ccc6[nH]5)cc4)nc3c2)c1,Egc,3.0951
295,[*]C(=O)Nc1cccc(NC(=O)c2ccc3[nH]c(-c4cccc(-c5nc6cc([*])ccc6[nH]5)c4)nc3c2)c1,Egc,3.34
296,[*]C(=O)Nc1cccc(NC(=O)c2ccc3[nH]c(-c4cccc(-c5nc6cc([*])ccc6[nH]5)c4)nc3c2)n1,Egc,3.5123
297,[*]C(=O)Nc1cccc(NC(=O)c2ccc3c(c2)C(=O)N(c2cc(-c4nc5ccccc5o4)cc(N4C(=O)c5ccc([*])cc5C4=O)c2)C3=O)n1,Egc,2.7885
298,[*]C(=O)Nc1cccc(NC(=O)c2ccc3c(c2)C(=O)N(c2ccc(Oc4cccc5c(N6C(=O)c7ccc([*])cc7C6=O)cccc45)cc2)C3=O)n1,Egc,2.7647
299,[*]C(=O)Nc1cccc(NC(=O)c2ccc3c(c2)C(=O)N(c2ccc(S(=O)(=O)c4ccc(N5C(=O)c6ccc([*])cc6C5=O)cc4)cc2)C3=O)c1,Egc,2.9166
300,[*]C(=O)Nc1cccc(NC(=O)c2ccc3c(c2)C(=O)N(c2cccc(N4C(=O)c5ccc([*])cc5C4=O)c2)C3=O)n1,Egc,3.1626
301,[*]C(=O)Nc1cccc(NC(=O)c2ccc3c(c2)C(=O)N(c2cccc(N4C(=O)c5ccc([*])cc5C4=O)c2)C3=O)n1,eib,0.962946683
302,[*]C(=O)Nc1cccc(NC(=O)c2cccc(NC(=O)c3ccc(-c4nc5cc([*])ccc5[nH]4)cc3)c2)c1,Egc,3.3335
303,[*]C(=O)Nc1nc([*])c(C#N)n1C,Egc,3.3492
304,[*]C(=O)Nc1nc([*])c(C#N)n1C,eib,2.744024592
305,[*]C(=O)Nc1nc(C#N)c([*])n1C,Egc,4.1984
306,[*]C(=O)Nc1nc(C#N)c([*])n1C,eib,1.380112271
307,[*]C(=O)NCCCCCCCCCCNC(=O)c1ccc([*])nc1,Egc,4.5078
308,[*]C(=O)NCCCCCCCCCCNC(=O)c1ccc([*])s1,Egc,4.1872
309,[*]C(=O)NCCCCCCCCCCNC(=O)c1ccnc([*])c1,Egc,4.2437
310,[*]C(=O)NCCCCCCCCCCNC(=O)c1cncc([*])c1,Egc,4.6863
311,[*]C(=O)NCCCCCCCCNC(=O)c1ccc([*])nc1,Egc,4.8735
312,[*]C(=O)NCCCCCCCCNC(=O)c1cncc([*])c1,Egc,4.6301
313,[*]C(=O)NCCCCCCNC(=O)C1=COC=C([*])O1,Egc,5.0297
314,[*]C(=O)NCCCCCCNC(=O)c1cc([*])c(C)nc1C,Egc,5.2634
315,[*]C(=O)NCCCCCCNC(=O)c1cc(O)cc([*])n1,Egc,5.0481
316,[*]C(=O)NCCCCCCNC(=O)c1ccc([*])nc1,Egc,4.5453
317,[*]C(=O)NCCCCCCNC(=O)c1ccc([*])o1,Egc,4.5303
318,[*]C(=O)NCCCCCCNC(=O)c1cccc([*])n1,Egc,4.8257
319,[*]C(=O)NCCCCCCNC(=O)c1ccncc1[*],Egc,4.2475
320,[*]C(=O)NCCCCCCNC(=O)c1cncc([*])c1,Egc,4.9168
321,[*]C(=O)NCCCCCCNC(=O)c1cnn([*])c1,Egc,4.9839
322,[*]C(=O)NCCCCCCNC(=O)c1cnn([*])c1,eib,3.204661187
323,[*]C(=O)NCCCCCCNC(=O)C1COC([*])CO1,Egc,5.7371
324,[*]C(=O)NCCCCCCNC(=O)N1CCN([*])CC1,Egc,5.4075
325,[*]C(=O)NCCNC(=O)c1ccc(N2C(=O)c3ccc([*])cc3C2=O)cc1,Egc,3.6936
326,[*]C(=O)NNC(=O)C(=O)NNC(=O)c1cncc([*])n1,Egc,3.8132
327,[*]C(=O)NNC(=O)c1ccc([*])nc1,Egc,3.5877
328,[*]C(=O)NNC(=O)c1ccc([*])nc1,eib,1.063869421
329,[*]C(=O)NNC(=O)c1ccc(C(=O)NNC(=O)c2ccc([*])nc2)s1,Egc,3.3807
330,[*]C(=O)NNC(=O)c1ccc(C(=O)NNC(=O)c2ccc([*])nc2)s1,eib,1.1809912
331,[*]C(=O)NNC(=O)c1cccc([*])n1,Egc,4.0655
332,[*]C(=O)NNC(=O)c1cccc([*])n1,eib,2.617195623
333,[*]C(=O)NNC(=O)c1cccc(C(=O)NNC(=O)c2ccc([*])nc2)c1,Egc,3.7955
334,[*]C(=O)NNC(=O)c1cccc(C(=O)NNC(=O)c2ccc([*])nc2)c1,eib,1.295271717
335,[*]C(=O)NNC(=O)c1cccc(C(=O)NNC(=O)c2ccc([*])nc2)n1,Egc,3.7688
336,[*]C(=O)NNC(=O)c1cccc(C(=O)NNC(=O)c2ccc([*])nc2)n1,eib,1.696020314
337,[*]C(=O)NNC(=O)c1cccc(C(=O)NNC(=O)c2cccc([*])n2)c1,Egc,4.1584
338,[*]C(=O)NNC(=O)c1cccc(C(=O)NNC(=O)c2cccc([*])n2)c1,eib,1.695993282
339,[*]C(=O)NNC(=O)c1cccc(C(=O)NNC(=O)c2cnc([*])cn2)c1,Egc,3.3622
340,[*]C(=O)NNC(=O)c1cccc(C(=O)NNC(=O)c2cnc([*])cn2)c1,eib,1.017376821
341,[*]C(=O)NNC(=O)c1cnc([*])cn1,Egc,3.036
342,[*]C(=O)NNC(=O)c1cnc([*])cn1,eib,0.702201909
343,[*]C(=O)NNC(=O)c1cncc(C(=O)NNC(=O)c2ccc([*])nc2)c1,Egc,4.2104
344,[*]C(=O)NNC(=O)c1cncc(C(=O)NNC(=O)c2ccc([*])nc2)c1,eib,1.432876646
345,[*]C(=O)OC(=O)COc1ccc(OCC(=O)OC(=O)c2ccc([*])nc2)cc1,Egc,2.9777
346,[*]C(=O)OC(=O)O[*],Egc,5.27
347,[*]C(=O)OC(=O)O[*],Egcr,5.645
348,[*]C(=O)OC(=O)O[*],eib,2.183509181
349,[*]C(=O)OC(=S)O[*],Egc,4.1761
350,[*]C(=O)OC(=S)O[*],eib,1.739852225
351,[*]C(=O)OC(C=C1)=CC=C1C(=S)[*],Egc,2.9611
352,[*]C(=O)OC(C=C1)=CC=C1C(=S)[*],eib,0.923657883
353,[*]C(=O)OC(S1)=CC=C1C(=S)[*],Egc,2.7435
354,[*]C(=O)OC(S1)=CC=C1C(=S)[*],eib,0.907464212
355,[*]C(=O)OC(S1)=CC=C1O[*],Egc,4.2683
356,[*]C(=O)OC(S1)=CC=C1O[*],eib,2.768452669
357,[*]C(=O)OC1=NCCN1[*],Egc,5.2281
358,[*]C(=O)OC1=NCCN1[*],eib,3.071081604
359,[*]C(=O)OC1CC([*])N(C(=O)OCc2ccccc2)C1,Egc,4.8424
360,[*]C(=O)OC1CC2CC(OC(=O)N3CCN([*])CC3)CC(C1)O2,Egc,5.4981
361,[*]C(=O)Oc1ccc(C(C)(C)c2ccc(OC(=O)N3CCN([*])CC3)cc2)cc1,Egc,4.9219
362,[*]C(=O)Oc1ccc(-c2ccc(OC(=O)c3ccc4c(c3)C(=O)N(c3ccc(Oc5ccc(N6C(=O)c7ccc([*])cc7C6=O)cc5)cc3)C4=O)cc2)cc1,Egc,2.736
363,[*]C(=O)Oc1ccc(OC(=O)c2ccc3c(c2)C(=O)N(c2ccc(Oc4ccc(N5C(=O)c6ccc([*])cc6C5=O)cc4)cc2)C3=O)c(C(C)(C)C)c1,Egc,2.7274
364,[*]C(=O)Oc1ccc(OC(=O)c2ccc3c(c2)C(=O)N(c2ccc(Oc4ccc(N5C(=O)c6ccc([*])cc6C5=O)cc4)cc2)C3=O)c(C)c1,Egc,2.7561
365,[*]C(=O)Oc1ccc(OC(=O)c2ccc3c(c2)C(=O)N(c2ccc(Oc4ccc(N5C(=O)c6ccc([*])cc6C5=O)cc4)cc2)C3=O)c(-c2ccccc2)c1,Egc,2.7042
366,[*]C(=O)Oc1ccc(OC(=O)c2ccc3c(c2)C(=O)N(c2ccc(Oc4ccc(N5C(=O)c6ccc([*])cc6C5=O)cc4)cc2)C3=O)cc1,Egc,2.4658
367,[*]C(=O)Oc1ccc(OC(=O)c2ccc3c(c2)C(=O)N(c2ccc(Oc4ccc(Oc5ccc(N6C(=O)c7ccc([*])cc7C6=O)cc5)cc4)cc2)C3=O)cc1,Egc,2.2849
368,[*]C(=O)Oc1ccc(OC(=O)c2ccc3c(c2)C(=O)N(c2ccc(Sc4ccc(N5C(=O)c6ccc([*])cc6C5=O)cc4)cc2)C3=O)cc1,Egc,2.9386
369,[*]C(=O)Oc1ccc(OC(=O)N2CC(C)N([*])CC2C)cc1,Egc,5.5526
370,[*]C(=O)OC1CCC(OC(=O)N2CC(C)N([*])CC2C)CC1,Egc,5.9402
371,[*]C(=O)OC1CCC(OC(=O)N2CC(C)N([*])CC2C)CC1,eib,4.067171994
372,[*]C(=O)Oc1ccc(OC(=O)N2CCN([*])CC2)cc1,Egc,5.2739
373,[*]C(=O)OC1CCC(OC(=O)N2CCN([*])CC2)CC1,Egc,5.8826
374,[*]C(=O)OC1CCC(OC(=O)N2CCN([*])CC2)CC1,Egcr,6.2573
375,[*]C(=O)OC1CCC(OC(=O)N2CCN([*])CC2)CC1,eib,3.807298589
376,[*]C(=O)Oc1ccc2ccc(OC(=O)c3ccc4c(c3)C(=O)N(c3ccc(Oc5ccc(N6C(=O)c7ccc([*])cc7C6=O)cc5)cc3)C4=O)cc2c1,Egc,2.6477
377,[*]C(=O)OC1CCN([*])CC1,Egc,5.8954
378,[*]C(=O)OCC(C)(C)COC(=O)N1CC(C)N([*])CC1C,Egc,5.8923
379,[*]C(=O)OCC(C)(C)COC(=O)N1CCN([*])C(C)C1,Egc,5.9905
380,[*]C(=O)OCC(C)(C)COC(=O)N1CCN([*])CC1,Egc,5.5303
381,[*]C(=O)OCC(C)(C)COC(=O)N1CCN([*])CC1,Egcr,6.4401
382,[*]C(=O)OCC1CC1COC(=O)N1CCN([*])CC1,Egc,5.9559
383,[*]C(=O)OCC1CC1COC(=O)N1CCN([*])CC1,eib,4.091979816
384,[*]C(=O)OCCCCCCCCCCCCOC(=O)c1ccc(N2C(=O)c3ccc([*])cc3C2=O)cc1,Egc,3.1825
385,[*]C(=O)OCCCCCCCCOC(=O)c1ccc(NC(=O)c2ccc(N3C(=O)c4ccc([*])cc4C3=O)cc2)cc1,Egc,2.8969
386,[*]C(=O)OCCCCCCOC(=O)N1CCN([*])CC1,Egc,6.1494
387,[*]C(=O)OCCCCCCOC(=O)N1CCN([*])CC1,eib,4.235482133
388,[*]C(=O)OCCCCOC(=O)N1CCN([*])CC1,Egc,5.6801
389,[*]C(=O)OCCCCOC(=O)N1CCN([*])CC1,Egcr,6.4265
390,[*]C(=O)OCCCCOC(=O)N1CCN([*])CC1,eib,3.572531861
391,[*]C(=O)OCCOC(=O)c1ccc([*])o1,Egc,3.2205
392,[*]C(=O)OCCOC(=O)c1ccc([*])o1,eib,2.372572095
393,[*]C(=O)OCCOC(=O)N1CC(C)N([*])CC1C,Egc,6.0561
394,[*]C(=O)OCCOC(=O)N1CCN([*])CC1,Egc,5.8319
395,[*]C(=O)OCCOC(=O)N1CCN([*])CC1,eib,3.989687483
396,[*]C(=O)SSCCCCCCSSC(=O)N1CCN([*])CC1,Egc,4.3614
397,[*]C(=O)SSCCCCSSC(=O)N1CCN([*])CC1,Egc,4.0756
398,[*]C(=S)N([*])C,Egc,3.6807
399,[*]C(=S)N([*])C,eib,2.531052525
400,[*]C(=S)N([*])CC=C,Egc,3.6436
401,[*]C(=S)N([*])CC=C,eib,1.969506755
402,[*]C(=S)N([*])CCC,Egc,3.4485
403,[*]C(=S)N([*])CCC,eib,2.113368472
404,[*]C(Br)=C(c1ccccc1)c1ccc([*])cc1,Egc,3.2592
405,[*]C(Br)=C(c1ccccc1)c1ccc([*])cc1,eib,2.824411894
406,[*]C(C#N)=C([*])c1ccccc1,Egc,4.4976
407,[*]C(C#N)=C([*])c1ccccc1,eib,2.555942296
408,[*]C(C#N)=C(C#N)n1c(=O)c2cc3c(=O)n([*])c(=O)c3cc2c1=O,Egc,3.5209
409,[*]C(C#N)=C(c1ccccc1)c1ccc([*])cc1,Egc,3.8129
410,[*]C(C#N)=C(c1ccccc1)c1ccc([*])cc1,Egcr,2.5883
411,[*]C(C#N)=C(c1ccccc1)c1ccc([*])cc1,eib,2.538652987
412,[*]C(C#N)C(C#N)(C#N)[*],Egc,6.6373
413,[*]C(C#N)C(C#N)(C#N)[*],Egcr,5.8992
414,[*]C(C#N)C(C#N)(C#N)[*],eib,1.362747038
415,[*]C(C)=C([*])C#N,Egc,3.4072
416,[*]C(C)=C([*])C#N,eib,1.2346613
417,[*]C(C)=C([*])CCC,Egc,5.1084
418,[*]C(C)=C([*])CCC,eib,4.038178419
419,[*]C(C)=C([*])CCCCC,Egc,5.1297
420,[*]C(C)=C([*])CCCCCCC,Egc,5.0857
421,[*]C(C)=C([*])SCC,Egc,4.0568
422,[*]C(C)=C([*])SCC,eib,4.172287089
423,[*]C(C)=C(C)c1ccc(-c2ccc([*])s2)s1,Egc,2.2477
424,[*]C(C)=C(C)c1ccc(-c2ccc([*])s2)s1,eib,1.947100018
425,[*]C(C)C([*])C(=O)OC,Egc,6.3068
426,[*]C(C)C([*])O,Egc,6.1475
427,[*]C(C)C([*])O,Egcr,7.9156
428,[*]C(C)C([*])OC,Egc,5.311
429,[*]C(C=C1)=CC=C1C(=O)NC(=O)[*],Egc,4.3975
430,[*]C(C=C1)=CC=C1C(=O)NC(=O)[*],eib,0.928401611
431,[*]C(C=C1)=CC=C1C(=S)C(C=C2)=CC=C2C(=S)[*],Egc,2.6503
432,[*]C(C=C1)=CC=C1C(=S)C(C=C2)=CC=C2C(=S)[*],eib,1.340490582
433,[*]C(C=C1)=CC=C1C(=S)C(C=C2)=CC=C2O[*],Egc,2.646
434,[*]C(C=C1)=CC=C1C(=S)C(C=C2)=CC=C2O[*],eib,1.038219645
435,[*]C(C=C1)=CC=C1C(=S)C(S2)=CC=C2C(=S)[*],Egc,2.0305
436,[*]C(C=C1)=CC=C1C(=S)C(S2)=CC=C2C(=S)[*],eib,0.261795425
437,[*]C(C=C1)=CC=C1C(=S)C(S2)=CC=C2C(S3)=CC=C3[*],Egc,2.0836
438,[*]C(C=C1)=CC=C1C(=S)C(S2)=CC=C2C(S3)=CC=C3[*],eib,0.568395232
439,[*]C(C=C1)=CC=C1C(=S)C(S2)=CC=C2O[*],Egc,2.6757
440,[*]C(C=C1)=CC=C1C(=S)C(S2)=CC=C2O[*],eib,1.169431945
441,[*]C(C=C1)=CC=C1C(=S)OC(=S)[*],Egc,2.7748
442,[*]C(C=C1)=CC=C1C(=S)OC(=S)[*],eib,0.600667749
443,[*]C(C=C1)=CC=C1C(C=C2)=CC=C2C(=S)O[*],Egc,3.3176
444,[*]C(C=C1)=CC=C1C(C=C2)=CC=C2C(=S)O[*],eib,1.956747401
445,[*]C(C=C1)=CC=C1C(C=C2)=CC=C2C(C=C3)=CC=C3C(=S)[*],Egc,2.6739
446,[*]C(C=C1)=CC=C1C(C=C2)=CC=C2C(C=C3)=CC=C3C(=S)[*],eib,1.406381445
447,[*]C(C=C1)=CC=C1C(C=C2)=CC=C2C(C=C3)=CC=C3C(C=C4)=CC=C4[*],Egc,2.5019
448,[*]C(C=C1)=CC=C1C(C=C2)=CC=C2C(C=C3)=CC=C3C(C=C4)=CC=C4[*],eib,1.929004521
449,[*]C(C=C1)=CC=C1C(C=C2)=CC=C2C(C=C3)=CC=C3C(S4)=CC=C4[*],Egc,2.8879
450,[*]C(C=C1)=CC=C1C(C=C2)=CC=C2C(C=C3)=CC=C3C(S4)=CC=C4[*],eib,2.127411752
451,[*]C(C=C1)=CC=C1C(C=C2)=CC=C2C(C=C3)=CC=C3O[*],Egc,4.0038
452,[*]C(C=C1)=CC=C1C(C=C2)=CC=C2C(C=C3)=CC=C3O[*],eib,2.84403777
453,[*]C(C=C1)=CC=C1C(C=C2)=CC=C2C(S3)=CC=C3C(=S)[*],Egc,2.3377
454,[*]C(C=C1)=CC=C1C(C=C2)=CC=C2C(S3)=CC=C3C(=S)[*],eib,0.955813442
455,[*]C(C=C1)=CC=C1C(C=C2)=CC=C2C(S3)=CC=C3C(S4)=CC=C4[*],Egc,2.2233
456,[*]C(C=C1)=CC=C1C(C=C2)=CC=C2C(S3)=CC=C3C(S4)=CC=C4[*],eib,1.870710765
457,[*]C(C=C1)=CC=C1C(C=C2)=CC=C2C(S3)=CC=C3O[*],Egc,3.3855
458,[*]C(C=C1)=CC=C1C(C=C2)=CC=C2C(S3)=CC=C3O[*],eib,2.561169768
459,[*]C(C=C1)=CC=C1C(S2)=CC=C2C(=S)C(S3)=CC=C3[*],Egc,2.0488
460,[*]C(C=C1)=CC=C1C(S2)=CC=C2C(=S)C(S3)=CC=C3[*],eib,0.92816462
461,[*]C(C=C1)=CC=C1C(S2)=CC=C2C(C=C3)=CC=C3C(=S)[*],Egc,2.359
462,[*]C(C=C1)=CC=C1C(S2)=CC=C2C(C=C3)=CC=C3C(=S)[*],eib,0.966948357
463,[*]C(C=C1)=CC=C1C(S2)=CC=C2C(C=C3)=CC=C3C(S4)=CC=C4[*],Egc,2.857
464,[*]C(C=C1)=CC=C1C(S2)=CC=C2C(C=C3)=CC=C3C(S4)=CC=C4[*],eib,2.098733912
465,[*]C(C=C1)=CC=C1C(S2)=CC=C2C(C=C3)=CC=C3O[*],Egc,3.4535
466,[*]C(C=C1)=CC=C1C(S2)=CC=C2C(C=C3)=CC=C3O[*],eib,2.587998647
467,[*]C(C=C1)=CC=C1C(S2)=CC=C2C(S3)=CC=C3C(S4)=CC=C4[*],Egc,1.9732
468,[*]C(C=C1)=CC=C1C(S2)=CC=C2C(S3)=CC=C3C(S4)=CC=C4[*],eib,1.697013202
469,[*]C(C=C1)=CC=C1C(S2)=CC=C2C(S3)=CC=C3O[*],Egc,3.9086
470,[*]C(C=C1)=CC=C1C(S2)=CC=C2C(S3)=CC=C3O[*],eib,2.856654417
471,[*]C(C=C1)=CC=C1C(S2)=CC=C2OC(=S)[*],Egc,3.086
472,[*]C(C=C1)=CC=C1C(S2)=CC=C2OC(=S)[*],eib,1.482624203
473,[*]C(C=C1)=CC=C1C(S2)=CC=C2OC(S3)=CC=C3[*],Egc,3.0681
474,[*]C(C=C1)=CC=C1C(S2)=CC=C2OC(S3)=CC=C3[*],eib,2.40653649
475,[*]C(C=C1)=CC=C1OC(=S)C(S2)=CC=C2[*],Egc,2.9181
476,[*]C(C=C1)=CC=C1OC(=S)C(S2)=CC=C2[*],eib,1.613079331
477,[*]C(C=C1)=CC=C1OC(=S)O[*],Egc,4.6944
478,[*]C(C=C1)=CC=C1OC(=S)O[*],eib,2.428432059
479,[*]C(C=C1)=CC=C1OC(C=C2)=CC=C2O[*],Egc,4.8832
480,[*]C(C=C1)=CC=C1OC(C=C2)=CC=C2O[*],eib,3.474503011
481,[*]C(C=C1)=CC=C1OC(S2)=CC=C2O[*],Egc,4.7023
482,[*]C(C=C1)=CC=C1OC(S2)=CC=C2O[*],eib,3.348829456
483,[*]C(c1ccccc1)=c1ccc(=c2ccc(=C(c3ccccc3)c3ccc(-c4ccc([*])s4)s3)s2)s1,Egc,1.4792
484,[*]C(c1ccccc1)C([*])(C#N)C#N,Egc,2.8691
485,[*]C(c1ccccc1)C([*])(C#N)C#N,eib,1.461413793
486,[*]C(c1cccs1)=c1ccc(=c2ccc(=C(c3cccs3)c3ccc(-c4ccc([*])s4)s3)s2)s1,Egc,1.0912
487,[*]C(c1cccs1)=c1ccc(=c2ccc(=C(c3cccs3)c3ccc(-c4ccc([*])s4)s3)s2)s1,eib,1.200833215
488,[*]C(Cl)=C(c1ccccc1)c1ccc([*])cc1,Egc,2.8543
489,[*]C(Cl)=C(c1ccccc1)c1ccc([*])cc1,eib,1.787436674
490,[*]C(Cl)=C(Cl)C(Cl)(Cl)C([*])(Cl)Cl,Egc,4.2995
491,[*]C(Cl)=C(Cl)C(Cl)(Cl)C([*])(Cl)Cl,Egcr,3.2001
492,[*]C(Cl)=C(Cl)C(Cl)(Cl)C([*])(Cl)Cl,eib,2.359297157
493,[*]C(F)(F)C([*])(F)c1ccccc1,Egc,5.4751
494,[*]C(F)(F)C([*])(F)c1ccccc1,eib,3.978679585
495,[*]C(F)(F)C([*])(F)OC(F)(F)C(F)(F)F,Egc,8.4702
496,[*]C(F)(F)C([*])(F)OC(F)(F)C(F)(F)F,eib,3.432100858
497,[*]C(F)(F)C([*])(F)OC(F)(F)F,Egc,8.0507
498,[*]C(F)(F)C([*])(F)OC(F)(F)F,eib,3.352937742
499,[*]C(F)(F)C(F)(F)C(F)(F)C([*])(F)C(F)(F)F,Egc,8.1013
500,[*]C(F)(F)C(F)(F)C(F)(F)C([*])(F)C(F)(F)F,eib,3.715316414
501,[*]C(F)(F)C1(F)C(F)(F)C([*])(F)C(F)(F)C(F)(Cl)C1(F)F,Egc,7.1763
502,[*]C(F)(F)C1(F)C(F)(F)C([*])(F)C(F)(F)C(F)(Cl)C1(F)F,eib,3.202310163
503,[*]C(F)(F)C1(F)C(F)(F)C([*])(F)C(F)(F)C(F)(F)C(F)(F)C1(F)F,Egc,7.0703
504,[*]C(F)(F)C1(F)C(F)(F)C([*])(F)C(F)(F)C(F)(F)C(F)(F)C1(F)F,Egcr,7.543
505,[*]C(F)(F)C1(F)C(F)(F)C([*])(F)C(F)(F)C(F)(F)C(F)(F)C1(F)F,eib,2.883180373
506,[*]C(F)(F)C1(F)C(F)(F)C([*])(F)C(F)(F)C1(F)F,Egc,7.0615
507,[*]C(F)(F)C1(F)C(F)(F)C([*])(F)C(F)(F)C1(F)F,Egcr,6.9544
508,[*]C(F)(F)C1(F)C(F)(F)C([*])(F)C(F)(F)C1(F)F,eib,2.378878302
509,[*]C(F)(F)C1(F)C(F)(F)C([*])(F)C1(F)F,Egc,6.9783
510,[*]C(F)(F)C1(F)C(F)(F)C([*])(F)C1(F)F,eib,2.157108858
511,[*]C(F)C([*])(F)F,Egc,8.2406
512,[*]C(F)C([*])(F)F,eib,3.230630406
513,[*]C(F)C([*])(F)OC(F)(F)F,Egc,8.2674
514,[*]C(F)C([*])(F)OC(F)(F)F,Egcr,7.802
515,[*]C(F)C([*])(F)OC(F)(F)F,eib,3.262811786
516,[*]C(I)=C([*])I,Egc,3.6353
517,[*]C(I)=C([*])I,Egcr,2.7328
518,[*]C(I)=C([*])I,eib,2.19209346
519,[*]C(OC(C)=O)=C(OC(C)=O)c1ccc([*])cc1,Egc,4.0057
520,[*]C(OC(C)=O)=C(OC(C)=O)c1ccc([*])cc1,eib,2.589926149
521,[*]C(OC(F)(F)F)C([*])(F)F,Egc,8.3525
522,[*]C(OC(F)(F)F)C([*])(F)F,eib,4.071488262
523,[*]C(OC)=C(OC)c1ccc([*])cc1,Egc,3.0807
524,[*]C(OC)=C(OC)c1ccc([*])cc1,eib,2.584462626
525,[*]C(OC)=C(OC)c1ccc([*])s1,Egc,2.5277
526,[*]C(OC)=C(OC)c1ccc([*])s1,eib,2.231784509
527,[*]C(S1)=CC=C1C(=S)C(S2)=CC=C2O[*],Egc,2.5744
528,[*]C(S1)=CC=C1C(=S)C(S2)=CC=C2O[*],eib,1.027835743
529,[*]C(S1)=CC=C1C(=S)OC(=S)[*],Egc,2.4259
530,[*]C(S1)=CC=C1C(=S)OC(=S)[*],eib,0.778222971
531,[*]C(S1)=CC=C1C(S2)=CC=C2C(S3)=CC=C3C(=S)[*],Egc,1.4704
532,[*]C(S1)=CC=C1C(S2)=CC=C2C(S3)=CC=C3C(=S)[*],eib,0.603427064
533,[*]C(S1)=CC=C1C(S2)=CC=C2C(S3)=CC=C3O[*],Egc,2.521
534,[*]C(S1)=CC=C1C(S2)=CC=C2C(S3)=CC=C3O[*],eib,2.231988509
535,[*]C(S1)=CC=C1OC(=S)O[*],Egc,3.6393
536,[*]C(S1)=CC=C1OC(=S)O[*],eib,1.871960667
537,[*]C(S1)=CC=C1OC(S2)=CC=C2O[*],Egc,3.7582
538,[*]C(S1)=CC=C1OC(S2)=CC=C2O[*],eib,3.277249715
539,[*]C[*],Egc,6.8063
540,[*]C[*],eib,3.782229467
541,[*]C=C([*])C#N,Egc,0.9111
542,[*]C=C([*])C#N,Egcr,0.5068
543,[*]C=C([*])C#N,eib,-1.233998281
544,[*]C=C([*])C(=O)CC,Egc,3.276
545,[*]C=C([*])C(=O)CC,eib,2.122489328
546,[*]C=C([*])C(C)=O,Egc,3.9029
547,[*]C=C([*])C(C)=O,Egcr,2.1853
548,[*]C=C([*])C(C)=O,eib,2.279624566
549,[*]C=C([*])c1cc(C(F)(F)F)oc1C(F)(F)F,Egc,2.5257
550,[*]C=C([*])c1cc(C(F)(F)F)oc1C(F)(F)F,eib,1.25383678
551,[*]C=C([*])c1ccc([N+](=O)[O-])cc1,Egc,1.15
552,[*]C=C([*])c1ccc([N+](=O)[O-])cc1,eib,0.286980626
553,[*]C=C([*])c1ccc(C#C)cc1,Egc,0.2213
554,[*]C=C([*])c1ccc(C#C)cc1,eib,1.031661883
555,[*]C=C([*])c1ccc(C(=O)Oc2c(F)c(F)c(F)c(F)c2F)cc1,Egc,2.5164
556,[*]C=C([*])c1ccc(N)cc1,Egc,0.2334
557,[*]C=C([*])c1ccc(N)cc1,eib,1.845545407
558,[*]C=C([*])c1ccc(NC=O)cc1,Egc,0.071
559,[*]C=C([*])c1ccc(NC=O)cc1,eib,0.873881342
560,[*]C=C([*])c1ccc2ccc3cccc4ccc1c2c34,Egc,1.9286
561,[*]C=C([*])c1ccc2ccc3cccc4ccc1c2c34,eib,2.64745584
562,[*]C=C([*])c1cccc(Br)c1,Egc,1.5553
563,[*]C=C([*])c1cccc(Br)c1,eib,1.197599734
564,[*]C=C([*])c1cccc(C#C)c1,Egc,0.9119
565,[*]C=C([*])c1cccc(C#C)c1,eib,1.564208505
566,[*]C=C([*])c1cccc(C#C)n1,Egc,1.0964
567,[*]C=C([*])c1cccc(C#C)n1,eib,1.231946591
568,[*]C=C([*])c1cccc(Cl)c1,Egc,1.3963
569,[*]C=C([*])c1cccc(Cl)c1,eib,1.718604534
570,[*]C=C([*])c1cccc2ccccc12,Egc,1.1157
571,[*]C=C([*])c1cccc2ccccc12,eib,2.072114192
572,[*]C=C([*])c1ccccc1,Egc,0.0933
573,[*]C=C([*])c1ccccc1,eib,1.210500161
574,[*]C=C([*])c1ccccc1C(F)(F)F,Egc,1.8895
575,[*]C=C([*])c1ccccc1C(F)(F)F,eib,2.063822078
576,[*]C=C([*])c1cccs1,Egc,3.454
577,[*]C=C([*])c1cccs1,eib,3.06754414
578,[*]C=C([*])c1ccsc1,Egc,4.888
579,[*]C=C([*])c1ccsc1,Egcr,3.1293
580,[*]C=C([*])c1ccsc1,eib,4.065930476
581,[*]C=C([*])c1nc2ccccc2n1C,Egc,2.4824
582,[*]C=C([*])c1nc2ccccc2n1C,eib,2.623562811
583,[*]C=C([*])CNS(=O)(=O)Cc1ccccc1,Egc,4.3099
584,[*]C=C([*])CNS(=O)(=O)Cc1ccccc1,eib,3.34798966
585,[*]C=C([*])CO,Egc,3.4066
586,[*]C=C([*])CO,eib,2.620879559
587,[*]C=C([*])OCCCC,Egc,4.8666
588,[*]C=C(C)CC(C#N)CC[*],Egc,5.7091
589,[*]C=C(C)CC(C#N)CC[*],eib,3.646407259
590,[*]C=C(F)C(F)(F)C[*],Egc,5.655
591,[*]C=C(F)C(F)(F)C[*],eib,3.501085289
592,[*]C=C[*],Egc,1.4732
593,[*]C=C[*],eib,1.202427045
594,[*]C=C1C=C([*])C[N+](CCCCCCCC)(CCCCS(=O)(=O)O)C1,Egc,0.1701
595,[*]C=c1ccc(=c2ccc(=Cc3ccc([*])s3)s2)s1,Egc,0.6103
596,[*]C=c1ccc(=c2ccc(=Cc3ccc([*])s3)s2)s1,Egcr,1.224
597,[*]C=c1ccc(=c2ccc(=Cc3ccc(-c4ccc([*])s4)s3)s2)s1,Egc,0.8779
598,[*]C=c1ccc(=c2ccc(=Cc3ccc(-c4ccc([*])s4)s3)s2)s1,eib,1.092774693
599,[*]C=C1CCC(=Cc2ccc([*])cc2)C1=O,Egc,2.5715
600,[*]C=C1CCC(=Cc2ccc([*])cc2)C1=O,eib,1.492913648
601,[*]C=C1CCC(=Cc2ccc(Sc3ccc([*])o3)o2)C1=O,Egc,2.6355
602,[*]C=C1CCCC(=Cc2ccc([*])cc2)C1=O,Egc,3.068
603,[*]C=C1CCCCC(=Cc2ccc(Sc3ccc([*])o3)o2)C1=O,Egc,2.8887
604,[*]C=CC(=C(C)C)C([*])=C(C)C,Egc,3.3162
605,[*]C=CC(=C(C)C)C([*])=C(C)C,eib,3.558290086
606,[*]C=CC(=O)C(C)=Cc1ccc(Sc2ccc([*])o2)o1,Egc,2.8834
607,[*]C=CC(=O)C(C)=Cc1ccc(Sc2ccc([*])o2)o1,eib,1.571136954
608,[*]C=CC(=O)C=Cc1ccc(Sc2ccc([*])o2)o1,Egc,2.4101
609,[*]C=CC(=O)C=Cc1ccc(Sc2ccc([*])o2)o1,eib,1.70699834
610,[*]C=CC(C#N)C[*],Egc,5.2317
611,[*]C=CC(C#N)C[*],eib,2.409346726
612,[*]C=CC(C(=O)OC(C)C)C([*])C(=O)OC(C)C,Egc,4.8185
613,[*]C=CC(C(=O)OC)C([*])c1ccccc1,Egc,5.1045
614,[*]C=CC(C(=O)OC)C([*])c1ccccc1,eib,3.335851592
615,[*]C=CC(C(=O)OCC)C([*])C(=O)OCC,Egc,5.1688
616,[*]C=CC(C)(C(=O)OC)C([*])C,Egc,5.317
617,[*]C=CC(C)(C)C([*])(C)C,Egc,5.5814
618,[*]C=CC(C)(C)CC(C#N)C[*],Egc,6.2683
619,[*]C=CC(C)(C)CC(C#N)C[*],Egcr,5.2738
620,[*]C=CC(C)(C)CC(C#N)C[*],eib,4.100070369
621,[*]C=CC(C)=C(C)C=Cc1ccc(-c2ccc([*])s2)s1,Egc,1.6111
622,[*]C=CC(C)=C(C)C=Cc1ccc(-c2ccc([*])s2)s1,eib,1.533714453
623,[*]C=CC(C)=CC=CC=C(C)C=Cc1nc(-c2csc([*])n2)cs1,Egc,2.667
624,[*]C=CC(C)=CC=CC=C(C)C=Cc1nc(-c2csc([*])n2)cs1,eib,1.841467081
625,[*]C=CC(C)C([*])C,Egc,5.3085
626,[*]C=CC(C)C([*])C,eib,3.906205592
627,[*]C=CC(C)C([*])C(=O)OC,Egc,5.5526
628,[*]C=CC(C)C([*])C(=O)OC(C)C,Egc,5.6207
629,[*]C=CC(C)C([*])C(=O)OCC,Egc,5.6018
630,[*]C=CC(C)C([*])C(=O)OCC(C)C,Egc,5.4923
631,[*]C=CC(C)C([*])C(=O)OCCC(C)C,Egc,5.5521
632,[*]C=CC(C)C([*])C(=O)OCCCC,Egc,4.9412
633,[*]C=CC(C)C([*])C(=O)OCCCC,Egcr,5.4974
634,[*]C=CC(C)C[*],Egc,5.516
635,[*]C=CC(C)CCCCC[*],Egc,5.4049
636,[*]C=CC(C)CCCCCCCCC[*],Egc,5.882
637,[*]C=CC(C[*])(C(F)(F)F)C(F)(F)F,Egc,5.9378
638,[*]C=CC(C[*])(C(F)(F)F)C(F)(F)F,Egcr,5.7329
639,[*]C=CC(C[*])(C(F)(F)F)C(F)(F)F,eib,3.018947817
640,[*]C=CC(C[*])C(C)CC,Egc,4.91
641,[*]C=CC(C[*])CC,Egc,5.4466
642,[*]C=CC(C[*])CCC,Egc,5.7643
643,[*]C=CC(C[*])CCC,Egcr,5.7469
644,[*]C=CC(C[*])OC,Egc,5.1557
645,[*]C=CC(C[*])OC,eib,3.898258006
646,[*]C=CC(CN)C([*])C(=O)O,Egc,5.28
647,[*]C=CC(CN)C([*])C(=O)O,eib,3.726721112
648,[*]C=CC=CC=CC=C([*])CCS(=O)(=O)O,Egc,0.8154
649,[*]C=CC=CC=CC=C([*])CCS(=O)(=O)O,eib,1.017400977
650,[*]C=CC=CC=Cc1cc(CCCCCCC)c([*])cc1CCCCCCC,Egc,1.9218
651,[*]C=CC=Cc1nc2cc3sc([*])nc3cc2s1,Egc,2.1517
652,[*]C=CC=Cc1nc2cc3sc([*])nc3cc2s1,eib,0.940960598
653,[*]C=CC=CCC[*],Egc,4.3088
654,[*]C=CC=CCC[*],eib,3.071824408
655,[*]C=CC1=C(O)C(O)=C([*])C1,Egc,1.3602
656,[*]C=CC1=C(O)C(O)=C([*])C1,Egcr,0.8286
657,[*]C=CC1=C(O)C(O)=C([*])C1,eib,1.443042045
658,[*]C=CC1C=CC([*])C(C(=O)OC(C)(C)C)=C1C(=O)OC(C)(C)C,Egc,4.0868
659,[*]C=CC1C=CC([*])C(C(=O)OC(C)(C)C)=C1C(=O)OC(C)(C)C,eib,2.660706016
660,[*]C=CC1CC([*])C(C#N)([Si](C)(C)C)C1,Egc,5.5889
661,[*]C=CC1CC([*])C(C#N)([Si](C)(C)O[Si](C)(C)C)C1,Egc,5.602
662,[*]C=CC1CC([*])C(C#N)(C[Si](C)(C)C)C1,Egc,5.6505
663,[*]C=CC1CC([*])C(C#N)(CC)C1,Egc,6.074
664,[*]C=CC1CC([*])C(C#N)(CC)C1,Egcr,5.5315
665,[*]C=CC1CC([*])C(C#N)(CCC)C1,Egc,6.027
666,[*]C=CC1CC([*])C(C#N)(CCC)C1,Egcr,5.8705
667,[*]C=CC1CC([*])C(C#N)C1,Egc,5.8629
668,[*]C=CC1CC([*])C(C(=O)OC(C)(C)C)C1C(=O)OC(C)(C)C,Egc,5.535
669,[*]C=CC1CC([*])C(C(=O)OC)C1,Egc,5.2159
670,[*]C=CC1CC([*])C(C(=O)OC)C1C(=O)OC,Egc,5.0196
671,[*]C=CC1CC([*])C(C(=O)Oc2ccccc2)C1,Egc,5.0947
672,[*]C=CC1CC([*])C(C(=O)Oc2ccccc2)C1C(=O)Oc1ccccc1,Egc,4.9487
673,[*]C=CC1CC([*])C(C(=O)OCCNC(C)(C)C)C1,Egc,5.2839
674,[*]C=CC1CC([*])C(C(=O)OCCNC(C)(C)C)C1,Egcr,4.7904
675,[*]C=CC1CC([*])C(C(F)(F)F)(C(F)(F)F)C1(F)F,Egc,5.5
676,[*]C=CC1CC([*])C(C(F)(F)F)(C(F)(F)F)C1(F)F,eib,3.511037803
677,[*]C=CC1CC([*])C(F)(F)C1(F)OC(F)(F)C(F)(F)C(F)(F)F,Egc,5.2238
678,[*]C=CC1CC([*])C2(Cl)OC(=O)OC12Cl,Egc,4.8717
679,[*]C=CC1CC([*])C2(Cl)OC(=O)OC12Cl,eib,2.434310974
680,[*]C=CC1CC([*])C2C(=O)N(c3ccc(C)cc3)C(=O)C12,Egc,5.1862
681,[*]C=CC1CC([*])C2C(=O)N(c3ccc(C)cc3)C(=O)C12,eib,3.401058126
682,[*]C=CC1CC([*])C2C(=O)N(c3cccc(C)c3)C(=O)C12,Egc,4.5667
683,[*]C=CC1CC([*])C2C(=O)N(c3cccc(C)c3)C(=O)C12,eib,3.703088259
684,[*]C=CC1CC([*])C2C(=O)N(c3ccccc3C)C(=O)C12,Egc,4.4184
685,[*]C=CC1CC([*])C2C(=O)N(c3ccccc3C)C(=O)C12,eib,3.873969764
686,[*]C=CC1CC([*])C2C(=O)N(CCC)C(=O)C12,Egc,5.2293
687,[*]C=CC1CC([*])C2C(=O)N(CCCC)C(=O)C12,Egc,5.3038
688,[*]C=CC1CC([*])C2C(=O)N(CCCCCC)C(=O)C12,Egc,4.4782
689,[*]C=CC1CC([*])C2C(=O)N(CCCCCC)C(=O)C12,eib,3.91854487
690,[*]C=CC1CC([*])C2C(=O)N(CCCCCCCC)C(=O)C12,Egc,5.3143
691,[*]C=CC1CC([*])C2C(=O)N(CCCCCCCCC)C(=O)C12,Egc,5.346
692,[*]C=CC1CC([*])C2C(=O)N(CCCCCCCCC)C(=O)C12,Egcr,5.104
693,[*]C=CC1CC([*])C2C3CCC(C3)C12,Egc,5.1878
694,[*]C=CC1CC([*])C2C3CCC(C3)C12,Egcr,5.7656
695,[*]C=CC1CC([*])C2C3CCC(C3)C12,eib,4.340400007
696,[*]C=CC1CC([*])C2CC=CC12,Egc,5.3897
697,[*]C=CC1CC([*])C2CC=CC12,Egcr,5.6741
698,[*]C=CC1CC([*])C2CCCC12,Egc,5.5129
699,[*]C=CC1CC(=CC)C([*])C1,Egc,5.0789
700,[*]C=CC1CC(=CC)C([*])C1,eib,4.296829135
701,[*]C=Cc1cc(CCCCCC)c([*])s1,Egc,3.3225
702,[*]C=Cc1cc(CCCCCC)c([*])s1,eib,3.085748965
703,[*]C=Cc1cc(CCCCCC)c(-c2sc([*])cc2CCCCCC)s1,Egc,1.7047
704,[*]C=Cc1cc(CCCCCC)c(-c2sc([*])cc2CCCCCC)s1,eib,1.808584352
705,[*]C=Cc1cc(CCCCCCCCCC)c(C=Cc2ccc([*])cc2)cc1CCCCCCCCCC,Egc,3.1782
706,[*]C=Cc1cc(Cl)c([*])cc1Cl,Egc,3.2933
707,[*]C=Cc1cc(Cl)c([*])cc1Cl,eib,1.705967297
708,[*]C=Cc1cc(OC)c([*])cc1Br,Egc,1.9552
709,[*]C=Cc1cc(OC)c([*])cc1Br,eib,2.216213821
710,[*]C=Cc1cc(OC)c(C=Cc2ccc([*])s2)cc1OC,Egc,1.6407
711,[*]C=Cc1cc(OC)c(C=Cc2ccc([*])s2)cc1OC,eib,1.473019227
712,[*]C=Cc1cc(OCC)c([*])cc1OCC,Egc,4.1269
713,[*]C=Cc1cc(OCCCC)c(C=Cc2ccc([*])cc2)cc1OCCCC,Egc,3.8088
714,[*]C=Cc1cc(OCCCCCC)c([*])cc1OC,Egc,2.5439
715,[*]C=Cc1ccc([*])c(C(=O)OC)c1C(=O)OC,Egc,3.6705
716,[*]C=Cc1ccc([*])c(C(=O)OC)c1C(=O)OC,eib,2.869095974
717,[*]C=Cc1ccc([*])c(-c2ccc(OCC(CC)CCCC)c3ccccc23)c1,Egc,3.1924
718,[*]C=Cc1ccc([*])c(F)c1,Egc,2.119
719,[*]C=Cc1ccc([*])c(F)c1,eib,1.477462746
720,[*]C=Cc1ccc([*])c(OC)c1,Egc,1.7776
721,[*]C=CC1CCC([*])C1,Egc,5.1969
722,[*]C=CC1CCC([*])C1,eib,4.219920012
723,[*]C=Cc1ccc([*])c2c1C(=O)OC2=O,Egc,3.2587
724,[*]C=Cc1ccc([*])c2c1C(=O)OC2=O,eib,1.282956379
725,[*]C=Cc1ccc([*])c2ccc(CCCCCC)cc12,Egc,2.4493
726,[*]C=Cc1ccc([*])c2ccc(CCCCCC)cc12,eib,2.158715747
727,[*]C=Cc1ccc([*])c2ccc(CCCCCCCCCCC)cc12,Egc,2.485
728,[*]C=Cc1ccc([*])c2ccc(CCCCCCCCCCC)cc12,eib,2.262957945
729,[*]C=Cc1ccc([*])c2occc12,Egc,1.7116
730,[*]C=Cc1ccc([*])c2occc12,eib,1.453623508
731,[*]C=Cc1ccc([*])c2sccc12,Egc,2.1063
732,[*]C=Cc1ccc([*])c2sccc12,eib,1.587515998
733,[*]C=Cc1ccc([*])cc1,Egc,3.3499
734,[*]C=Cc1ccc([*])cc1,eib,2.280361454
735,[*]C=Cc1ccc([*])n1C,Egc,1.4458
736,[*]C=Cc1ccc([*])n1C,eib,2.059654084
737,[*]C=Cc1ccc([*])n1CCCCCC,Egc,1.5933
738,[*]C=Cc1ccc([*])n1CCCCCC,Egcr,1.3683
739,[*]C=Cc1ccc([*])n1CCCCCC,eib,2.455482844
740,[*]C=Cc1ccc([*])n1CCCCCCCCCCCC,Egc,1.5362
741,[*]C=Cc1ccc([*])nc1,Egc,1.9477
742,[*]C=Cc1ccc([*])nc1,eib,0.854586366
743,[*]C=Cc1ccc([*])o1,Egc,2.9162
744,[*]C=Cc1ccc([*])o1,eib,2.818106284
745,[*]C=Cc1ccc([*])s1,Egc,2.6453
746,[*]C=Cc1ccc([*])s1,eib,2.306950913
747,[*]C=Cc1ccc(C=Cc2cc([*])nc(-c3ccccc3)n2)cc1,Egc,2.736
748,[*]C=Cc1ccc(C=Cc2cc([*])nc(-c3ccccc3)n2)cc1,eib,1.478879109
749,[*]C=Cc1ccc(C=Cc2cc([*])ncn2)cc1,Egc,2.9914
750,[*]C=Cc1ccc(C=Cc2cc([*])ncn2)cc1,eib,1.654390719
751,[*]C=Cc1ccc(C=Cc2cc(OCCCCCCCCCCCC)c([*])cc2OC)cc1,Egc,2.9983
752,[*]C=Cc1ccc(C=Cc2nc3cc4nc([*])[nH]c4cc3[nH]2)cc1,Egc,1.9821
753,[*]C=Cc1ccc(C=Cc2nc3cc4sc([*])nc4cc3s2)cc1,Egc,1.971
754,[*]C=Cc1ccc(C=Cc2nc3cc4sc([*])nc4cc3s2)cc1,eib,1.070582702
755,[*]C=Cc1ccc(-c2ccc([*])s2)s1,Egc,2.1384
756,[*]C=Cc1ccc(-c2ccc([*])s2)s1,eib,1.836666656
757,[*]C=Cc1ccc(-c2ccc(C=Cc3cc([*])ncn3)cc2)cc1,Egc,2.7449
758,[*]C=Cc1ccc(-c2ccc(C=Cc3cc([*])ncn3)cc2)cc1,eib,1.593240337
759,[*]C=Cc1ccc(N(c2ccc(C=Cc3ccc4c5ccc([*])cc5n(CC(CC)CCCC)c4c3)cc2)c2ccc(OCC(CC)CCCC)cc2)cc1,Egc,2.7935
760,[*]C=Cc1ccc(Oc2ccc(C=Cc3cc([*])ncn3)cc2)cc1,Egc,3.0294
761,[*]C=Cc1ccc2c(c1)C(CC(CC)CCCC)(CC(CC)CCCC)c1cc([*])ccc1-2,Egc,2.712
762,[*]C=Cc1ccc2c(c1)Sc1cc([*])ccc1N2CCCCCCCC,Egc,2.7454
763,[*]C=Cc1cccc([*])c1,Egc,3.0058
764,[*]C=Cc1cccc([*])c1,eib,1.963061971
765,[*]C=Cc1cccc(C=Cc2cc([*])nc(-c3ccccc3)n2)c1,Egc,3.2515
766,[*]C=Cc1cccc(C=Cc2cc([*])nc(-c3ccccc3)n2)c1,eib,1.62423003
767,[*]C=Cc1cccc(C=Cc2cc([*])ncn2)c1,Egc,3.4447
768,[*]C=Cc1cccc(C=Cc2cc([*])ncn2)c1,eib,1.522312205
769,[*]C=CC1CCCCC1[*],Egc,4.8485
770,[*]C=Cc1csc(C=Cc2cccc([*])n2)c1CCCCCC,Egc,3.4585
771,[*]C=Cc1csc(C=Cc2cccc([*])n2)c1CCCCCCCC,Egc,3.4739
772,[*]C=Cc1csc(C=Cc2cccc([*])n2)c1CCCCCCCC,eib,2.608318597
773,[*]C=Cc1csc(-c2cc([*])cs2)c1,Egc,2.9611
774,[*]C=Cc1csc(-c2cc([*])cs2)c1,eib,2.190210775
775,[*]C=Cc1sc([*])c2c1OC(CCCCCC)CO2,Egc,0.9769
776,[*]C=Cc1sc([*])c2c1OC(CCCCCC)CO2,eib,1.676733334
777,[*]C=CCC(C)(CC[*])C(=O)OC,Egc,5.4239
778,[*]C=CCC(C[*])(c1ccccc1)c1ccccc1,Egc,4.7635
779,[*]C=CCC(C[*])(c1ccccc1)c1ccccc1,eib,3.724839595
780,[*]C=CCC(C[*])c1ccccc1,Egc,5.4294
781,[*]C=CCC(C[*])c1ccccc1,eib,4.341828658
782,[*]C=CCC[*],Egc,5.7686
783,[*]C=CCCC[*],Egc,4.5769
784,[*]C=CCCC[*],eib,4.023885087
785,[*]C=CCCCC(Cl)CCC[*],Egc,5.5792
786,[*]C=CCCCC[*],Egc,5.6199
787,[*]C=CCCCCC[*],Egc,5.7935
788,[*]C=CCCCCCC[*],Egc,5.78
789,[*]C=CCCCCCCC(Cl)CCCCCC[*],Egc,5.9472
790,[*]C=CCCCCCCCC[*],Egc,5.856
791,[*]C=CCCCCCCCCCC(Cl)CCCCCCCCC[*],Egc,5.9057
792,[*]C=CCCCCCCCCCC[*],Egc,5.8693
793,[*]C=Nc1cc(NC(=O)NCCNCCNO[*])ccc1C,Egc,4.5234
794,[*]C=Nc1cc(NC(=O)NCCNCCNO[*])ccc1C,eib,3.415980208
795,[*]C=Nc1ccc(-c2ccc(N=Cc3ccc(Sc4ccc([*])o4)o3)c(C)c2)cc1C,Egc,2.7346
796,[*]C=Nc1ccc(-c2ccc(N=Cc3ccc(Sc4ccc([*])o4)o3)c(OC)c2)cc1OC,Egc,2.96
797,[*]C=Nc1ccc(-c2ccc(N=Cc3ccc(Sc4ccc([*])o4)o3)c(OC)c2)cc1OC,eib,2.514686439
798,[*]C=Nc1ccc(N=Cc2ccc(-c3ccc([*])o3)o2)cc1,Egc,2.0682
799,[*]C=Nc1ccc(N=Cc2ccc(-c3ccc([*])o3)o2)cc1,eib,1.610990495
800,[*]C=Nc1ccc(N=Cc2ccc(Sc3ccc([*])o3)o2)cc1,Egc,2.7554
801,[*]C=Nc1ccc(N=Cc2ccc(Sc3ccc([*])o3)o2)cc1,eib,1.837071958
802,[*]C=Nc1ccc(S(=O)(=O)c2ccc(N=Cc3ccc(Sc4ccc([*])o4)o3)cc2)cc1,Egc,3.2744
803,[*]C=Nc1cccc(N=Cc2ccc(Sc3ccc([*])o3)o2)c1,Egc,2.7568
804,[*]C=Nc1cccc(N=Cc2ccc(Sc3ccc([*])o3)o2)c1,eib,5.568762639
805,[*]C=Nc1cccc(N=Cc2cccc([*])n2)c1,Egc,3.2461
806,[*]C=Nc1cccc(N=Cc2cccc([*])n2)c1,eib,1.706768845
807,[*]C=Nc1ccccc1N=Cc1ccc(Sc2ccc([*])o2)o1,Egc,2.4355
808,[*]C=NCCCCCCN=Cc1ccc(Sc2ccc([*])o2)o1,Egc,3.664
809,[*]C=NCCCCCCN=Cc1ccc(Sc2ccc([*])o2)o1,eib,2.35298196
810,[*]C=NCCN=Cc1ccc(Sc2ccc([*])o2)o1,Egc,3.1877
811,[*]C=NN=Cc1cc(CCCCCCCCCCCC)c([*])s1,Egc,2.7484
812,[*]C=NN=Cc1cc(CCCCCCCCCCCC)c([*])s1,eib,1.819280199
813,[*]C1(C)CC([*])(C)C(=O)N(C)C1=O,Egc,5.4207
814,[*]C1(C)CC([*])(C)C(=O)N(C)C1=O,eib,3.189044703
815,[*]C1(F)OC(C(F)(F)F)(C(F)(F)Cl)OC1([*])F,Egc,7.9372
816,[*]C1(F)OC(C(F)(F)F)(C(F)(F)Cl)OC1([*])F,Egcr,7.8208
817,[*]C1(F)OC(C(F)(F)F)(C(F)(F)Cl)OC1([*])F,eib,3.9655815
818,[*]c1[nH]c([*])c(C(=O)O)c1C,Egc,2.9575
819,[*]c1[nH]c([*])c(CC(=O)OC)c1CC(=O)OC,Egc,3.1891
820,[*]c1[nH]c([*])c(OC)c1OC,Egc,2.3766
821,[*]c1[nH]c([*])c2c1CCC2,Egc,2.2689
822,[*]c1[nH]c([*])c2c1CCC2,eib,3.294500215
823,[*]c1[nH]c([*])c2c1CCCC2,Egc,2.5706
824,[*]c1[nH]c([*])c2c1CCCCC2,Egc,2.9389
825,[*]C1=C(CCCCCC)C(CCCCCC)=C(c2sc(-c3sc([*])c4c3OCCO4)c3c2OCCO3)S1(=O)=O,Egc,1.3578
826,[*]C1=C2OCCOC2=C(c2ccc(-c3ccc([*])s3)s2)S1(=O)=O,Egc,1.8236
827,[*]C1=C2OCCOC2=C(c2sc(-c3sc([*])c4c3OCCO4)c3c2OCCO3)S1(=O)=O,Egc,1.7225
828,[*]C1=CC(C)C(C(=O)C(=O)C2CC3C([*])CC3(O)C2=O)C(=O)N1C,Egc,2.8766
829,[*]C1=CC=C(c2sc(-c3sc([*])c4c3OCCO4)c3c2OCCO3)S1(=O)=O,Egc,1.7641
830,[*]C1=CC=C(c2sc(-c3sc([*])c4c3OCCO4)c3c2OCCO3)S1(=O)=O,eib,1.228801904
831,[*]C1=CC2=CC([*])=NC2=N1,Egc,1.1879
832,[*]C1=CC2=CC([*])=NC2=N1,eib,-1.22056729
833,[*]C1=CC2=NC([*])=CC2=N1,Egc,1.3597
834,[*]C1=CC2=NC([*])=CC2=N1,eib,-0.587510127
835,[*]C1=CSC(=C2SC=C(c3ccc([*])cc3)S2)S1,Egc,2.2854
836,[*]C1=CSC(=C2SC=C(c3ccc([*])cc3)S2)S1,eib,2.473855406
837,[*]C1=NC2=CC([*])C=CC2=C1,Egc,3.0661
838,[*]C1=NC2=CC([*])C=CC2=C1,eib,1.702206559
839,[*]C12CC3CC([*])(C1)CC(CCCC)(C3)C2,Egc,5.6409
840,[*]C12CC3CC([*])(C1)CC(CCCC)(C3)C2,eib,3.911005042
841,[*]C12CC3CC(C1)CC([*])(C3)C2,Egc,5.7135
842,[*]C12CC3CC(C1)CC([*])(C3)C2,eib,3.98689174
843,[*]C1C(=O)N(c2ccc(C)cc2)C(=O)C1[*],Egc,4.3143
844,[*]C1C(=O)N(C2CCCCC2)C(=O)C1[*],Egc,5.0769
845,[*]C1C(=O)OC(=O)C1[*],Egc,6.3511
846,[*]C1C(=O)OC(=O)C1[*],Egcr,6.0081
847,[*]C1C(=O)OC(=O)C1[*],eib,2.175723291
848,[*]C1C(=O)OC(=O)C1C1C2CC(C(=O)OC3CCCCC3)C(C2)C1[*],Egc,6.058
849,[*]C1C(=O)OC(=O)C1C1C2CC(C(=O)OC3CCCCC3)C(C2)C1[*],eib,4.159935655
850,[*]c1c(C)c(C)c(-n2c(=O)c3cc4c(=O)n([*])c(=O)c4cc3c2=O)c(C)c1C,Egc,2.7972
851,[*]c1c(C)c(C)c(-n2c(=O)c3cc4c(=O)n([*])c(=O)c4cc3c2=O)c(C)c1C,eib,1.264141473
852,[*]c1c(C)cc(C)c(N2C(=O)c3ccc(-c4ccc5c(c4)C(=O)N([*])C5=O)cc3C2=O)c1C,Egc,3.2146
853,[*]c1c(C)cc(C)c(N2C(=O)c3ccc(-c4ccc5c(c4)C(=O)N([*])C5=O)cc3C2=O)c1C,eib,1.219133261
854,[*]c1c(C)cc(-c2cc(C)c(N3C(=O)c4ccc(-c5ccc6c(c5)C(=O)N([*])C6=O)cc4C3=O)c(C)c2)cc1C,Egc,2.8817
855,[*]c1c(C)cc(-c2cc(C)c(N3C(=O)c4ccc(S(=O)(=O)c5ccc6c(c5)C(=O)N([*])C6=O)cc4C3=O)c(C)c2)cc1C,Egc,2.7018
856,[*]c1c(C)cc(Cc2cc(C)c(N3C(=O)c4ccc(Oc5cccc6c(Oc7ccc8c(c7)C(=O)N([*])C8=O)cccc56)cc4C3=O)c(C)c2)cc1C,Egc,3.4074
857,[*]c1c(F)c(F)c([*])c(F)c1F,Egc,5.5133
858,[*]c1c(F)c(F)c([*])c(F)c1F,Egcr,3.0457
859,[*]c1c(F)c(F)c([*])c(F)c1F,eib,2.260571228
860,[*]C1C=C(C)C([*])C1,Egc,5.4126
861,[*]C1C=C(C)C([*])C1,eib,3.878423749
862,[*]C1C=C(C)C([*])S1,Egc,4.9946
863,[*]C1C=C(C)C([*])S1,eib,3.759496115
864,[*]C1C=C(CCCCCC)C([*])S1,Egc,4.6982
865,[*]C1C=C(CCCCCC)C([*])S1,eib,3.713434783
866,[*]C1C=CC([*])C1,Egc,5.7471
867,[*]C1C=CC([*])C1,eib,3.85359426
868,[*]C1C=CC([*])CC1,Egc,5.5013
869,[*]C1C=CC([*])CC1,Egcr,5.4843
870,[*]C1C=CC([*])CC1,eib,3.847582879
871,[*]C1C=CC([*])N1,Egc,4.8228
872,[*]C1C=CC([*])N1,eib,4.013520361
873,[*]C1C=CC([*])S1,Egc,4.904
874,[*]C1C=CC([*])S1,eib,3.953718794
875,[*]C1C=CC(S([*])(=O)=O)C1,Egc,4.7063
876,[*]C1C=CC(S([*])(=O)=O)CC1,Egc,5.6483
877,[*]C1C2CC(=CC)C(C2)C1[*],Egc,5.2297
878,[*]C1C2CC(=CC)C(C2)C1[*],eib,4.219925785
879,[*]C1C2CC(C)C(C2)C1[*],Egc,6.0902
880,[*]C1C2CC(C)C(C2)C1[*],Egcr,6.7713
881,[*]C1C2CC(C)C(C2)C1[*],eib,4.214500092
882,[*]C1C2CCC(C2)C1[*],Egc,6.1998
883,[*]C1C2CCC(C2)C1[*],eib,4.175989052
884,[*]c1c2ccccc2c([*])n1C,Egc,2.1822
885,[*]c1c2ccccc2c([*])n1C,eib,2.599662674
886,[*]C1CC([*])(C#N)C1,Egc,6.7759
887,[*]C1CC([*])(C#N)C1,eib,3.060404425
888,[*]c1cc([*])c(O)c(C=Nc2ccc(C(=O)O)cc2)c1,Egc,2.8958
889,[*]c1cc([*])c(O)c(C=Nc2ccc(C(=O)O)cc2)c1,eib,1.352666697
890,[*]c1cc([*])c(O)c(C=Nc2ccc(Cl)cc2)c1,Egc,3.0338
891,[*]c1cc([*])c(O)c(C=Nc2ccc(Cl)cc2)c1,eib,2.004976026
892,[*]c1cc([*])c(O)c(C=Nc2ccc(N3CCOCC3)cc2)c1,Egc,3.062
893,[*]c1cc([*])c(O)c(C=Nc2ccc(S(=O)(=O)O)cc2)c1,Egc,3.1631
894,[*]c1cc([*])c(O)c(C=Nc2ccc(S(=O)(=O)O)cc2)c1,eib,1.4769092
895,[*]c1cc([*])c(O)c(C=O)c1,Egc,3.2968
896,[*]c1cc([*])c(O)c(C=O)c1,eib,1.743530735
897,[*]c1cc([*])cc(C23CC4CC(CC(C4)C2)C3)c1,Egc,4.4142
898,[*]c1cc([*])cc(-c2nc3ccccc3o2)c1,Egc,3.757
899,[*]c1cc([*])cc(-c2nc3ccccc3o2)c1,eib,2.028423479
900,[*]c1cc([*])cc(OCCCCCCCCCCCC)c1,Egc,4.1758
901,[*]c1cc([*])cc(OCCCCCCCCCCCC)c1,eib,3.08027833
902,[*]C1CC([*])OC(O)O1,Egc,6.5411
903,[*]C1CC([*])OC(O)O1,eib,3.669763247
904,[*]c1cc(Br)c(Oc2c(Br)cc(N3C(=O)c4ccc(-c5ccc6c(c5)C(=O)N([*])C6=O)cc4C3=O)cc2Br)c(Br)c1,Egc,3.034
905,[*]c1cc(Br)c(Oc2c(Br)cc(N3C(=O)c4ccc(Oc5ccc6c(c5)C(=O)N([*])C6=O)cc4C3=O)cc2Br)c(Br)c1,Egc,2.9889
906,[*]c1cc(Br)c(Oc2c(Br)cc(N3C(=O)c4ccc(S(=O)(=O)c5ccc6c(c5)C(=O)N([*])C6=O)cc4C3=O)cc2Br)c(Br)c1,Egc,2.9195
907,[*]c1cc(C#N)c([*])s1,Egc,1.6457
908,[*]c1cc(C#N)c([*])s1,Egcr,1.0894
909,[*]c1cc(C#N)c([*])s1,eib,0.496755555
910,[*]c1cc(C(=O)CC)c([*])[nH]1,Egc,2.9235
911,[*]c1cc(C(=O)CC)c([*])[nH]1,eib,2.084591143
912,[*]c1cc(C(=O)NCCCC)cc(N2C(=O)c3ccc(-c4ccc5c(c4)C(=O)N([*])C5=O)cc3C2=O)c1,Egc,3.2713
913,[*]c1cc(C(=O)NCCCC)cc(N2C(=O)c3ccc(-c4ccc5c(c4)C(=O)N([*])C5=O)cc3C2=O)c1,eib,1.191794696
914,[*]c1cc(C(=O)OC)cc(N2C(=O)CC(C3Cc4ccccc4C4C(=O)N([*])C(=O)C43)C2=O)c1,Egc,4.4448
915,[*]c1cc(C(=O)Oc2cccc3cccnc23)c([*])s1,Egc,2.6538
916,[*]c1cc(C(=O)Oc2cccc3cccnc23)c([*])s1,eib,1.97402509
917,[*]c1cc(C(=O)OCC(F)(F)C(F)(F)C(F)(F)F)c([*])s1,Egc,2.7341
918,[*]c1cc(C(=O)OCC(F)(F)C(F)(F)C(F)(F)F)c([*])s1,eib,1.453604865
919,[*]c1cc(C(=O)OCCCCCC)c([*])s1,Egc,2.7434
920,[*]c1cc(C(=O)OCCCCCC)c([*])s1,eib,2.14863326
921,[*]c1cc(C(=O)OCCCCCCCC)c([*])s1,Egc,1.8008
922,[*]c1cc(C(=O)OCCCCCCCC)c([*])s1,eib,1.999240463
923,[*]c1cc(C(C(=O)OC)C(=O)OC)c([*])s1,Egc,2.6581
924,[*]c1cc(C(C(=O)OC)C(=O)OC)c([*])s1,eib,1.828235842
925,[*]c1cc(C(c2ccc(O)c(-n3c(=O)c4cc5c(=O)n([*])c(=O)c5cc4c3=O)c2)(C(F)(F)F)C(F)(F)F)ccc1O,Egc,2.4596
926,[*]c1cc(C(F)(F)C(F)(F)C(F)(F)F)c([*])s1,Egc,2.6317
927,[*]c1cc(C(F)(F)C(F)(F)C(F)(F)F)c([*])s1,eib,3.107408861
928,[*]C1CC(C)(C)OC1[*],Egc,5.8132
929,[*]C1CC(C)(C)OC1[*],eib,4.053081177
930,[*]c1cc(C)c([*])[nH]1,Egc,2.4417
931,[*]c1cc(C)c([*])[nH]1,eib,3.43615451
932,[*]c1cc(C)c([*])cn1,Egc,4.3718
933,[*]c1cc(C)c([*])cn1,eib,2.565118283
934,[*]c1cc(C)c([*])s1,Egc,1.644
935,[*]c1cc(C)c([*])s1,eib,1.81520466
936,[*]c1cc(C)c(-c2c(C)cc(N3C(=O)c4ccc(-c5ccc6c(c5)C(=O)N([*])C6=O)cc4C3=O)cc2C)c(C)c1,Egc,3.0985
937,[*]c1cc(C=NC(=S)Nc2ccc(-n3c(=O)c4cc5c(=O)n([*])c(=O)c5cc4c3=O)cc2)ccc1Cl,Egc,2.0258
938,[*]c1cc(C=NC(=S)Nc2ccc(-n3c(=O)c4cc5c(=O)n([*])c(=O)c5cc4c3=O)cc2)ccc1Cl,eib,0.516267777
939,[*]c1cc(C=Nc2ccc(C)cc2)c([*])c(OC)c1,Egc,3.394
940,[*]c1cc(C=Nc2ccc(C)cc2)c([*])c(OC)c1,eib,2.255466149
941,[*]c1cc(C=Nc2cccc(C)c2)cc([*])c1O,Egc,3.5653
942,[*]c1cc(C=Nc2cccc(C)c2)cc([*])c1O,eib,2.214106437
943,[*]c1cc(C=O)cc([*])c1O,Egc,4.094
944,[*]c1cc(C=O)cc([*])c1O,eib,1.613626412
945,[*]c1cc(-c2cc(C)c(Br)cc2C)c([*])s1,Egc,1.438
946,[*]c1cc(-c2cc(C)c(Br)cc2C)c([*])s1,eib,1.655088829
947,[*]c1cc(-c2cc(CCCCCCCC)ccc2CCCCCCCC)c([*])s1,Egc,1.6153
948,[*]c1cc(-c2cc(CCCCCCCC)ccc2CCCCCCCC)c([*])s1,eib,2.069589908
949,[*]c1cc(-c2ccc(Br)cc2)c([*])s1,Egc,2.5973
950,[*]c1cc(-c2ccc(Br)cc2)c([*])s1,eib,2.109585844
951,[*]c1cc(-c2ccc(CCCCCCCC)cc2)c([*])s1,Egc,2.521
952,[*]c1cc(-c2ccc(F)cc2)c([*])s1,Egc,2.4749
953,[*]c1cc(-c2ccc(F)cc2)c([*])s1,eib,2.040656853
954,[*]c1cc(-c2ccc(OC)cc2)c([*])s1,Egc,2.5709
955,[*]c1cc(-c2ccc(OC)cc2)c([*])s1,eib,2.558197121
956,[*]c1cc(-c2ccc(OCCCC)cc2)c([*])s1,Egc,2.5693
957,[*]c1cc(-c2ccc(OCCCC)cc2)c([*])s1,eib,2.60388952
958,[*]c1cc(-c2ccc(OCCCCCC)cc2)c([*])s1,Egc,2.5288
959,[*]c1cc(-c2ccc(OCCCCCC)cc2)c([*])s1,eib,2.719519009
960,[*]c1cc(-c2ccc(OCCCCCCCC)cc2)c([*])s1,Egc,2.5681
961,[*]c1cc(-c2ccc(OCCCCCCCC)cc2)c([*])s1,eib,2.701216987
962,[*]c1cc(-c2ccccc2)c([*])[nH]1,Egc,2.8604
963,[*]c1cc(-c2ccccc2)c([*])[nH]1,eib,3.21058541
964,[*]c1cc(-c2ccccc2)c([*])s1,Egc,2.591
965,[*]c1cc(-c2ccccc2)c([*])s1,eib,2.1101779
966,[*]c1cc(-c2nc3ccccc3[nH]2)cc(-n2c(=O)c3cc4c(=O)n([*])c(=O)c4cc3c2=O)c1,Egc,2.1187
967,[*]c1cc(-c2nc3ccccc3[nH]2)cc(-n2c(=O)c3cc4c(=O)n([*])c(=O)c4cc3c2=O)c1,eib,0.466905126
968,[*]c1cc(-c2nc3ccccc3o2)cc(-n2c(=O)c3cc4c(=O)n([*])c(=O)c4cc3c2=O)c1,Egc,2.4828
969,[*]c1cc(-c2nc3ccccc3o2)cc(-n2c(=O)c3cc4c(=O)n([*])c(=O)c4cc3c2=O)c1,eib,1.678042261
970,[*]c1cc(-c2nc3ccccc3oc2=O)cc(-n2c(=O)c3cc4c(=O)n([*])c(=O)c4cc3c2=O)c1,Egc,2.8787
971,[*]c1cc(-c2nc3ccccc3s2)cc(-n2c(=O)c3cc4c(=O)n([*])c(=O)c4cc3c2=O)c1,Egc,2.4675
972,[*]c1cc(-c2nc3ccccc3s2)cc(-n2c(=O)c3cc4c(=O)n([*])c(=O)c4cc3c2=O)c1,eib,0.657537456
973,[*]c1cc(-c2sc(-c3cc(C)c([*])s3)cc2C)c2cccccc1-2,Egc,1.8844
974,[*]c1cc(-c2sc(-c3cc(C)c([*])s3)cc2C)c2cccccc1-2,Egcr,1.3327
975,[*]c1cc(-c2sc(-c3cc(C)c([*])s3)cc2C)c2cccccc1-2,eib,1.947637719
976,[*]c1cc(-c2sc(-c3cc(CCCC)c([*])s3)cc2CCCC)c2cccccc1-2,Egc,1.9953
977,[*]c1cc(-c2sc(-c3cc(CCCC)c([*])s3)cc2CCCC)c2cccccc1-2,eib,2.066998745
978,[*]c1cc(CC(=O)Cl)c([*])s1,Egc,2.4457
979,[*]c1cc(CC(=O)Cl)c([*])s1,eib,1.323277919
980,[*]c1cc(CC(=O)O)c([*])s1,Egc,2.4489
981,[*]c1cc(CC(=O)O)c([*])s1,eib,2.424534025
982,[*]c1cc(CC(=O)OC)c([*])s1,Egc,1.772
983,[*]c1cc(CC(=O)OC)c([*])s1,eib,2.995305678
984,[*]c1cc(CC(=O)OCC)c([*])s1,Egc,1.589
985,[*]c1cc(CC(=O)OCC)c([*])s1,eib,2.953420224
986,[*]c1cc(CC(=O)OCCCCCCCC)c([*])[nH]1,Egc,2.9373
987,[*]c1cc(CC(=O)OCCCCCCOc2ccc(N=Nc3ccc(C#N)cc3)cc2)c([*])s1,Egc,2.4068
988,[*]c1cc(CC(=O)OCCCCCCOc2ccc(N=Nc3ccc(C#N)cc3)cc2)c([*])s1,eib,2.106108131
989,[*]c1cc(CC)c([*])s1,Egc,2.0436
990,[*]c1cc(CC)c([*])s1,eib,2.040332029
991,[*]c1cc(CCCC(=O)OCC)c([*])[nH]1,Egc,2.4986
992,[*]c1cc(CCCC(=O)OCC)c([*])[nH]1,eib,3.377415996
993,[*]c1cc(CCCC(F)(F)C(F)(F)C(F)(F)C(F)(F)F)c([*])s1,Egc,1.8122
994,[*]c1cc(CCCC(F)(F)C(F)(F)C(F)(F)C(F)(F)F)c([*])s1,eib,2.482959827
995,[*]c1cc(CCCC)c([*])s1,Egc,2.3242
996,[*]c1cc(CCCC)c([*])s1,eib,2.10325378
997,[*]c1cc(CCCc2ccccc2)c([*])s1,Egc,2.2134
998,[*]c1cc(CCCc2ccccc2)c([*])s1,eib,2.108901731
999,[*]c1cc(CCCCBr)c([*])s1,Egc,2.4191
1000,[*]c1cc(CCCCBr)c([*])s1,eib,2.126348909
1001,[*]c1cc(CCCCC)c([*])s1,Egc,2.3523
1002,[*]c1cc(CCCCC)c([*])s1,eib,2.058291591
1003,[*]c1cc(CCCCCC)c([*])[nH]1,Egc,2.7271
1004,[*]c1cc(CCCCCC)c([*])[nH]1,eib,3.341623251
1005,[*]c1cc(CCCCCC)c([*])s1,Egc,2.3549
1006,[*]c1cc(CCCCCC)c([*])s1,eib,2.146684084
1007,[*]c1cc(CCCCCCBr)c([*])s1,Egc,2.4253
1008,[*]c1cc(CCCCCCBr)c([*])s1,eib,1.960531858
1009,[*]c1cc(CCCCCCCC)c([*])[nH]1,Egc,2.7684
1010,[*]c1cc(CCCCCCCC)c([*])s1,Egc,2.3638
1011,[*]c1cc(CCCCCCCC)c([*])s1,eib,2.327569977
1012,[*]c1cc(CCCCCCCCC)c([*])s1,Egc,2.3395
1013,[*]c1cc(CCCCCCCCC)c([*])s1,eib,2.35996435
1014,[*]c1cc(CCCCCCCCCC(O)CO)c([*])s1,Egc,2.2905
1015,[*]c1cc(CCCCCCCCCC(O)CO)c([*])s1,eib,1.832078076
1016,[*]c1cc(CCCCCCCCCC)c([*])[nH]1,Egc,2.7864
1017,[*]c1cc(CCCCCCCCCC)c([*])s1,Egc,2.3836
1018,[*]c1cc(CCCCCCCCCC)c([*])s1,eib,2.218328821
1019,[*]c1cc(CCCCCCCCCC2COC(=O)O2)c([*])s1,Egc,2.4372
1020,[*]c1cc(CCCCCCCCCC2COC(=O)O2)c([*])s1,eib,2.400170354
1021,[*]c1cc(CCCCCCCCCC2COC(C)(C)O2)c([*])s1,Egc,2.5181
1022,[*]c1cc(CCCCCCCCCC2COC(C)(C)O2)c([*])s1,eib,2.304848207
1023,[*]c1cc(CCCCCCCCCC2COC(c3ccccc3)O2)c([*])s1,Egc,2.7004
1024,[*]c1cc(CCCCCCCCCC2COC(c3ccccc3)O2)c([*])s1,eib,2.528772959
1025,[*]c1cc(CCCCCCCCCCBr)c([*])s1,Egc,2.2633
1026,[*]c1cc(CCCCCCCCCCBr)c([*])s1,eib,2.35714427
1027,[*]c1cc(CCCCCCCCCCCC(=O)Oc2ccc([N+](=O)[O-])cc2)c([*])s1,Egc,1.9537
1028,[*]c1cc(CCCCCCCCCCCC)c([*])s1,Egc,2.3195
1029,[*]c1cc(CCCCCCCCCCCC)c([*])s1,eib,2.205505305
1030,[*]c1cc(CCCCCCCCCCCC)c(-c2sc([*])c3c2OCCO3)s1,Egc,2.4379
1031,[*]c1cc(CCCCCCCCCCCC)c(-c2sc([*])c3c2OCCO3)s1,eib,2.532250529
1032,[*]c1cc(CCCCCCCCCCCCCCC)c([*])s1,Egc,2.4326
1033,[*]c1cc(CCCCCCCCCCCCCCCC)c([*])[nH]1,Egc,2.9385
1034,[*]c1cc(CCCCCCCCCCCCCCCC)c([*])[nH]1,eib,3.716436811
1035,[*]c1cc(CCCCCCCCCCCCCCCCCCCCCC)c([*])s1,Egc,2.319
1036,[*]c1cc(CCCCCCCCCCCCCCCCCCCCCC)c([*])s1,eib,2.297262318
1037,[*]c1cc(CCCCCCO[Si](C)(C)C)c([*])s1,Egc,2.352
1038,[*]c1cc(CCCCCCOC(=O)COC)c([*])s1,Egc,1.5263
1039,[*]c1cc(CCCCCCOC(=O)COC)c([*])s1,eib,2.628235255
1040,[*]c1cc(CCCCCCOC(=O)COc2ccccc2)c([*])s1,Egc,2.4829
1041,[*]c1cc(CCCCCCOC(=O)COc2ccccc2)c([*])s1,eib,2.942078359
1042,[*]c1cc(CCCS(=O)(=O)O)c([*])s1,Egc,2.9846
1043,[*]c1cc(CCCS(=O)(=O)O)c([*])s1,eib,2.449062945
1044,[*]c1cc(CCN(CC)c2ccc(N=Nc3ccc(C=C(C#N)C#N)cc3)cc2)c([*])s1,Egc,1.2692
1045,[*]c1cc(CCOC(=O)C(C)Br)c([*])s1,Egc,2.0981
1046,[*]c1cc(CCOC(=O)C(C)Br)c([*])s1,eib,2.442482193
1047,[*]c1cc(CCOC(=O)NCCCC)c([*])s1,Egc,1.5835
1048,[*]c1cc(CCOc2ccc(N=Nc3ccc(C#N)cc3)cc2)c([*])s1,Egc,1.8862
1049,[*]c1cc(CCOCCOC)c([*])[nH]1,Egc,2.6864
1050,[*]c1cc(CCS(=O)(=O)O)c([*])s1,Egc,2.3139
1051,[*]c1cc(CCS(=O)(=O)O)c([*])s1,eib,1.419800025
1052,[*]c1cc(COCCCCCCCCCCCCOc2ccc(-c3ccc(OC)cc3)cc2)c([*])s1,Egc,2.4465
1053,[*]c1cc(COCCCCCCCCOc2ccc(-c3ccc(C#N)cc3)cc2)c([*])s1,Egc,2.7101
1054,[*]c1cc(COCCCCCCCCOc2ccc(-c3ccc(OC)cc3)cc2)c([*])s1,Egc,2.2969
1055,[*]c1cc(COCCCCCCOc2ccc(-c3ccc(C#N)cc3)cc2)c([*])s1,Egc,2.3352
1056,[*]c1cc(COCCCCCCOc2ccc(-c3ccc(C#N)cc3)cc2)c([*])s1,eib,2.101724032
1057,[*]c1cc(COCCOCCOC)c(-c2cc(CCCCCCCCCCCC)c([*])s2)s1,Egc,1.6134
1058,[*]c1cc(N=Nc2ccc([N+](=O)[O-])cc2)cc([*])c1O,Egc,2.8678
1059,[*]c1cc(N=Nc2ccc(C#N)cc2)cc([*])c1O,Egc,2.5143
1060,[*]c1cc(N=Nc2ccc(C(=O)O)cc2)cc([*])c1O,Egc,3.0234
1061,[*]c1cc(N=Nc2ccc(C(=O)O)cc2)cc([*])c1O,eib,1.087500694
1062,[*]c1cc(N=Nc2ccc(OC)cc2)cc([*])c1O,Egc,3.0692
1063,[*]c1cc(N=Nc2ccc(OC)cc2)cc([*])c1O,eib,1.739600213
1064,[*]c1cc(N=Nc2ccc(S(=O)(=O)O)cc2)cc([*])c1O,Egc,3.057
1065,[*]c1cc(N=Nc2ccc(S(=O)(=O)O)cc2)cc([*])c1O,eib,0.51146558
1066,[*]c1cc(-n2c(=O)c3cc4c(=O)n([*])c(=O)c4cc3c2=O)c(O)cc1O,Egc,2.9077
1067,[*]c1cc(-n2c(=O)c3cc4c(=O)n(-c5ccc(-c6nnc([*])n6N)cc5)c(=O)c4cc3c2=O)c(-c2c(Cl)cccc2Cl)s1,Egc,2.2264
1068,[*]c1cc(N2C(=O)c3ccc(-c4ccc5c(c4)C(=O)N([*])C5=O)cc3C2=O)c(O)cc1O,Egc,3.2012
1069,[*]c1cc(N2C(=O)c3ccc(-c4ccc5c(c4)C(=O)N([*])C5=O)cc3C2=O)c(O)cc1O,eib,1.389615984
1070,[*]c1cc(N2C(=O)c3ccc(P(=O)(c4ccccc4)c4ccc5c(c4)C(=O)N([*])C5=O)cc3C2=O)cc(C(F)(F)F)c1,Egc,3.2484
1071,[*]c1cc(N2C(=O)c3ccc(P(=O)(c4ccccc4)c4ccc5c(c4)C(=O)N([*])C5=O)cc3C2=O)cc(C(F)(F)F)c1,eib,2.303181318
1072,[*]c1cc(OC)c([*])cc1OC,Egc,4.5598
1073,[*]c1cc(OC)c([*])cc1OC,eib,3.950895126
1074,[*]c1cc(OCC(=O)C23CC4CC(CC(C4)C2)C3)c([*])cc1OC,Egc,3.9862
1075,[*]c1cc(OCC)c([*])cc1OC,Egc,3.6285
1076,[*]c1cc(OCC)c([*])cc1OC,eib,3.345273195
1077,[*]c1cc(OCCCC)c([*])s1,Egc,3.0949
1078,[*]c1cc(OCCCC)c([*])s1,eib,2.471838363
1079,[*]c1cc(OCCCCCCC)c([*])s1,Egc,1.3206
1080,[*]c1cc(OCCCCCCC)c([*])s1,eib,1.900201524
1081,[*]c1cc(OCCCCCCCCCC)cc(-c2nc3cc4sc([*])nc4cc3s2)c1,Egc,3.4535
1082,[*]c1cc(OCCOC)c([*])s1,Egc,1.4267
1083,[*]c1cc(OCCOC)c([*])s1,eib,1.747721653
1084,[*]c1cc(OCCOCCCC)c([*])s1,Egc,2.7317
1085,[*]c1cc(OCCOCCCC)c([*])s1,eib,2.519910264
1086,[*]c1cc(OCCOCCOC)c([*])s1,Egc,1.3804
1087,[*]c1cc(OCCOCCOC)c([*])s1,eib,1.960383161
1088,[*]c1cc(OCCOCCOC)c(-c2sc([*])c3c2OCCO3)s1,Egc,2.0039
1089,[*]c1cc(SC)c([*])s1,Egc,1.5295
1090,[*]c1cc(SC)c([*])s1,eib,1.628949042
1091,[*]c1cc(SCCCCCC)c([*])s1,Egc,1.5446
1092,[*]c1cc(SCCCCCC)c([*])s1,eib,1.718728549
1093,[*]c1cc(SCCCCCCCCCCCC)c([*])s1,Egc,1.4145
1094,[*]c1cc(SCCCCCCCCCCCC)c([*])s1,eib,1.741121211
1095,[*]c1cc2c(s1)-c1sc([*])cc1C2(CCCCCCCC)CCCCCCCC,Egc,2.7507
1096,[*]c1cc2c(s1)-c1sc([*])cc1C2=C(C#N)C#N,Egc,0.7226
1097,[*]c1cc2c(s1)-c1sc([*])cc1C2=C(C#N)C#N,eib,0.292656392
1098,[*]c1cc2c(s1)-c1sc([*])cc1C2=C1c2ccsc2-c2sccc21,Egc,1.2481
1099,[*]c1cc2c(s1)-c1sc([*])cc1C2=C1c2ccsc2-c2sccc21,eib,1.267850268
1100,[*]c1cc2c(s1)-c1sc([*])cc1C2=O,Egc,1.1662
1101,[*]c1cc2c(s1)-c1sc([*])cc1C2=O,eib,0.77103907
1102,[*]c1cc2c(s1)-c1sc([*])cc1C2CCCCCCN,Egc,2.0844
1103,[*]c1cc2c(s1)-c1sc([*])cc1C2CCCCCCN,Egcr,1.3223
1104,[*]c1cc2c(s1)-c1sc([*])cc1C2CCCCCCN,eib,1.943634471
1105,[*]c1cc2c(s1)-c1sc(-c3cc4c(s3)-c3sc([*])cc3C4(CC(CC)CCCC)CC(CC)CCCC)cc1C2=O,Egc,1.3805
1106,[*]c1cc2c(s1)-c1sc(-c3sc(-c4sc([*])c5c4OCCO5)c4c3OCCO4)cc1C2=C(C#N)C#N,Egc,0.9689
1107,[*]c1cc2c(s1)-c1sc(-c3sc(-c4sc([*])c5c4OCCO5)c4c3OCCO4)cc1C2=O,Egc,1.2082
1108,[*]c1cc2c(s1)-c1sc(-c3sc(-c4sc([*])c5c4OCCO5)c4c3OCCO4)cc1C2=O,eib,1.570610369
1109,[*]C1CC2C3CC4C(C3[*])C24C1,Egc,5.9404
1110,[*]C1CC2C3CC4C(C3[*])C24C1,eib,4.104484081
1111,[*]c1cc2cc([*])sc2s1,Egc,3.153
1112,[*]c1cc2cc([*])sc2s1,eib,2.58351553
1113,[*]C1CC2CC1C([*])C2CCCC,Egc,6.1081
1114,[*]c1cc2sc([*])c(C)c2s1,Egc,3.1198
1115,[*]c1cc2sc([*])c(C)c2s1,eib,2.382983148
1116,[*]c1cc2sc([*])cc2s1,Egc,1.6684
1117,[*]c1cc2sc([*])cc2s1,eib,1.562019403
1118,[*]c1cc2sc3cc([*])sc3c2s1,Egc,1.6985
1119,[*]c1cc2sc3cc([*])sc3c2s1,eib,1.630804345
1120,[*]c1ccc([*])[nH]1,Egc,2.3622
1121,[*]c1ccc([*])[nH]1,eib,2.869323305
1122,[*]c1ccc([*])c(C(=O)c2c(F)c(F)c(F)c(F)c2F)c1,Egc,3.9946
1123,[*]c1ccc([*])c(C(=O)c2c(F)c(F)c(F)c(F)c2F)c1,eib,1.827987927
1124,[*]c1ccc([*])c(C(=O)c2ccc(F)cc2)c1,Egc,4.2587
1125,[*]c1ccc([*])c(C(=O)c2ccc(F)cc2)c1,eib,2.366694429
1126,[*]c1ccc([*])c(C(=O)c2ccccc2)c1,Egc,3.9037
1127,[*]c1ccc([*])c(C(=O)c2ccccc2)c1,eib,1.902542876
1128,[*]c1ccc([*])c(C)n1,Egc,5.1028
1129,[*]c1ccc([*])c(C)n1,eib,2.656092365
1130,[*]c1ccc([*])c(CCCCCC)n1,Egc,4.6912
1131,[*]c1ccc([*])c(CCCCCC)n1,eib,3.016323298
1132,[*]c1ccc([*])c(N(C)C)c1,Egc,4.5763
1133,[*]c1ccc([*])c(N(C)C)c1,eib,3.512884266
1134,[*]c1ccc([*])c(O)c1,Egc,5.0766
1135,[*]c1ccc([*])c(O)c1,Egcr,2.8315
1136,[*]c1ccc([*])c(O)c1,eib,2.945713524
1137,[*]c1ccc([*])c(OC)c1N,Egc,4.7443
1138,[*]c1ccc([*])c(OC)c1N,eib,3.664878003
1139,[*]C1CCC([*])C1,Egc,6.6111
1140,[*]C1CCC([*])C1,eib,4.010984539
1141,[*]c1ccc([*])c2nc(-c3ccccc3)c(-c3ccccc3)nc12,Egc,3.2043
1142,[*]c1ccc([*])c2nc(-c3ccccc3)c(-c3ccccc3)nc12,eib,2.500740946
1143,[*]c1ccc([*])c2nc(CC)c(CC)nc12,Egc,3.3408
1144,[*]c1ccc([*])c2nc(CC)c(CC)nc12,eib,2.433563807
1145,[*]c1ccc([*])c2nc(CCCCCCC)c(CCCCCCC)nc12,Egc,3.0507
1146,[*]c1ccc([*])c2nc(CCCCCCC)c(CCCCCCC)nc12,eib,2.474458035
1147,[*]c1ccc([*])c2nccnc12,Egc,3.225
1148,[*]c1ccc([*])c2nccnc12,eib,2.250265504
1149,[*]c1ccc([*])n1C,Egc,2.5204
1150,[*]c1ccc([*])n1C,eib,2.935477103
1151,[*]c1ccc([*])n1C(=O)NO,Egc,2.3343
1152,[*]c1ccc([*])n1C(=O)NO,eib,1.846539763
1153,[*]c1ccc([*])n1C(=O)OCC,Egc,2.1791
1154,[*]c1ccc([*])n1C(=O)OCC,eib,2.708692712
1155,[*]c1ccc([*])n1C(C(=O)NO)n1c2ccccc2c2ccccc21,Egc,2.8134
1156,[*]c1ccc([*])n1C(C(=O)NO)n1ccc2ccccc21,Egc,2.3998
1157,[*]c1ccc([*])n1C(C(=O)OCC)n1cccc1,Egc,2.8576
1158,[*]c1ccc([*])n1C(C)C(=O)OC,Egc,2.7421
1159,[*]c1ccc([*])n1C(C)C(=O)OC,eib,3.488671782
1160,[*]c1ccc([*])n1CC(=O)NO,Egc,2.7285
1161,[*]c1ccc([*])n1CC(=O)NO,eib,2.29404632
1162,[*]c1ccc([*])n1CC(=O)OC,Egc,2.4705
1163,[*]c1ccc([*])n1CC(=O)OC,eib,2.508924753
1164,[*]c1ccc([*])n1CCC(=O)NO,Egc,2.6795
1165,[*]c1ccc([*])n1CCC(=O)NO,eib,3.175415252
1166,[*]c1ccc([*])n1CCC(=O)OC,Egc,2.6299
1167,[*]c1ccc([*])n1CCC(=O)OC,eib,3.124464686
1168,[*]c1ccc([*])n1CCC(=O)OC(C)C(=O)OCC,Egc,2.0323
1169,[*]c1ccc([*])n1CCC(=O)OC(C)C(=O)OCC,Egcr,2.05
1170,[*]c1ccc([*])n1CCC(=O)OCC,Egc,2.7083
1171,[*]c1ccc([*])n1CCC(=O)OCC,eib,3.191542201
1172,[*]c1ccc([*])n1CCCCCC,Egc,2.6624
1173,[*]c1ccc([*])n1CCCCCC,eib,3.471833018
1174,[*]c1ccc([*])nc1,Egc,3.0047
1175,[*]c1ccc([*])nc1,eib,1.681739437
1176,[*]c1ccc([*])nn1,Egc,3.5021
1177,[*]c1ccc([*])nn1,eib,1.434223408
1178,[*]c1ccc([*])o1,Egc,1.7785
1179,[*]c1ccc([*])o1,eib,1.768756485
1180,[*]c1ccc([*])s1,Egc,1.5514
1181,[*]c1ccc([*])s1,eib,1.53864099
1182,[*]c1ccc([N+](=O)[O-])c2c1C(=O)c1c([N+](=O)[O-])ccc([*])c1C2=O,Egc,2.9031
1183,[*]c1ccc([N+](=O)[O-])c2c1C(=O)c1c([N+](=O)[O-])ccc([*])c1C2=O,eib,0.124295897
1184,[*]c1ccc([Si](c2ccccc2)(c2ccccc2)c2ccc(-c3nnc([*])o3)cc2)cc1,Egc,4.1689
1185,[*]c1ccc([Si](c2ccccc2)(c2ccccc2)c2ccc(-c3nnc([*])o3)cc2)cc1,eib,1.901750506
1186,[*]c1ccc(C#Cc2cc(OCCCCCCCC)c(C#Cc3ccc(-c4nnc([*])o4)cc3)cc2OCCCCCCCC)cc1,Egc,2.5503
1187,[*]c1ccc(C(=O)c2ccc(C(=O)c3ccc(Oc4ccc(-c5nn([*])c(=O)c6ccccc56)c(F)c4)cc3)cc2)cc1,Egc,3.3331
1188,[*]c1ccc(C(=O)c2ccc(-n3c(=O)c4cc5c(=O)n([*])c(=O)c5cc4c3=O)cc2)cc1,Egc,2.9421
1189,[*]c1ccc(C(=O)c2ccc(-n3c(=O)c4cc5c(=O)n([*])c(=O)c5cc4c3=O)cc2)cc1,eib,0.436338012
1190,[*]c1ccc(C(=O)c2ccc(-n3nc(-c4ccc(Oc5ccc(-c6nn([*])c(=O)c7ccccc67)cc5)cc4)c4ccccc4c3=O)cc2)cc1,Egc,3.5606
1191,[*]c1ccc(C(=O)c2cccc(C(=O)c3ccc(S([*])(=O)=O)cc3)c2)cc1,Egc,4.1682
1192,[*]c1ccc(C(=O)c2cccc(-n3c(=O)c4cc5c(=O)n([*])c(=O)c5cc4c3=O)c2)cc1,Egc,3.1643
1193,[*]c1ccc(C(=O)c2cccc(-n3c(=O)c4cc5c(=O)n([*])c(=O)c5cc4c3=O)c2)cc1,eib,0.478473967
1194,[*]c1ccc(C(=O)CNc2cccc(NCC(=O)c3ccc(S([*])(=O)=O)cc3)c2)cc1,Egc,2.133
1195,[*]c1ccc(C(=O)CNCCCNCC(=O)c2ccc(S([*])(=O)=O)cc2)cc1,Egc,2.856
1196,[*]c1ccc(C(=O)CNCCNCC(=O)c2ccc(S([*])(=O)=O)cc2)cc1,Egc,3.1138
1197,[*]c1ccc(C(=O)CNNCC(=O)c2ccc(S([*])(=O)=O)cc2)cc1,Egc,3.599
1198,[*]c1ccc(C(=O)Nc2ccc(-c3ccc(NC(=O)c4ccc(-n5c(=O)c6sc7c(=O)n([*])c(=O)c7sc6c5=O)cc4)cc3)cc2)cc1,Egc,1.3147
1199,[*]c1ccc(C(=O)Nc2ccc(-n3c(=O)c4cc5c(=O)n([*])c(=O)c5cc4c3=O)cc2)cc1,Egc,2.402
1200,[*]c1ccc(C(=O)Nc2ccc(-n3c(=O)c4cc5c(=O)n([*])c(=O)c5cc4c3=O)cc2)cc1,eib,0.556699786
1201,[*]c1ccc(C(=O)Nc2ccc(-n3c(=O)c4cc5c(=O)n([*])c(=O)c5cc4c3=O)cc2C(=O)OCC)cc1,Egc,2.4414
1202,[*]c1ccc(C(=O)Nc2ccc(NC(=O)c3ccc(-n4c(=O)c5sc6c(=O)n([*])c(=O)c6sc5c4=O)cc3)cc2)cc1,Egc,1.5265
1203,[*]c1ccc(C(=O)Nc2ccc(Oc3ccc(NC(=O)c4ccc(-n5c(=O)c6cc7c(=O)n([*])c(=O)c7cc6c5=O)cc4)cc3)cc2)cc1,Egc,1.6551
1204,[*]c1ccc(C(=O)Nc2ccc(Oc3ccc(NC(=O)c4ccc(Oc5ccc(-c6nn([*])c(=O)c7ccccc67)c6ccccc56)cc4)cc3)cc2)cc1,Egc,3.366
1205,[*]c1ccc(C(=O)Nc2cccc(-n3c(=O)c4cc5c(=O)n([*])c(=O)c5cc4c3=O)c2)cc1,Egc,2.4772
1206,[*]c1ccc(C(=O)NCCCCCCNC(=O)c2ccc(S([*])(=O)=O)cc2)cc1,Egc,4.6192
1207,[*]c1ccc(C(=O)Oc2ccc(-n3c(=O)c4cc5c(=O)n([*])c(=O)c5cc4c3=O)cc2)cc1,Egc,2.8175
1208,[*]c1ccc(C(=O)Oc2ccc(-n3c(=O)c4cc5c(=O)n([*])c(=O)c5cc4c3=O)cc2)cc1,eib,0.471053773
1209,[*]c1ccc(C(=O)Oc2ccc3ccc(OC(=O)c4ccc(N5C(=O)CC(SCCOCCSC6CC(=O)N([*])C6=O)C5=O)cc4)cc3c2)cc1,Egc,3.6454
1210,[*]c1ccc(C(C#N)(C#N)C([*])(C#N)C#N)cc1,Egc,4.6242
1211,[*]c1ccc(C(C#N)(C#N)C([*])(C#N)C#N)cc1,eib,1.787865116
1212,[*]c1ccc(C(C#N)(C(=O)O)C([*])(C#N)C(=O)O)cc1,Egc,5.057
1213,[*]c1ccc(C(C#N)(C(=O)O)C([*])(C#N)C(=O)O)cc1,eib,2.033906579
1214,[*]c1ccc(C(C#N)(C(=O)OC)C([*])(C#N)C(=O)OC)cc1,Egc,5.345
1215,[*]c1ccc(C(C#N)(C(=O)OCC)C([*])(C#N)C(=O)OCC)cc1,Egc,4.8742
1216,[*]c1ccc(C(C#N)(C(=O)OCCCC)C([*])(C#N)C(=O)OCCCC)cc1,Egc,4.7052
1217,[*]c1ccc(C(C)(C)c2ccc(-n3c(=O)c4cc5c(=O)n([*])c(=O)c5cc4c3=O)cc2)cc1,Egc,2.4821
1218,[*]c1ccc(C(C)c2ccc(-n3c(=O)c4cc5c(=O)n([*])c(=O)c5cc4c3=O)cc2)cc1,Egc,2.4372
1219,[*]c1ccc(C(C)c2ccc(-n3c(=O)c4cc5c(=O)n([*])c(=O)c5cc4c3=O)cc2)cc1,eib,0.598158309
1220,[*]c1ccc(C(C=CC)c2ccc(-n3c(=O)c4cc5c(=O)n([*])c(=O)c5cc4c3=O)cc2)cc1,Egc,2.4911
1221,[*]c1ccc(C(C=CC)c2ccc(-n3c(=O)c4cc5c(=O)n([*])c(=O)c5cc4c3=O)cc2)cc1,eib,0.559477049
1222,[*]c1ccc(C(c2ccc(-c3nc4ccc(-c5ccc6nc([*])oc6c5)cc4o3)cc2)(C(F)(F)F)C(F)(F)F)cc1,Egc,3.141
1223,[*]c1ccc(C(c2ccc(-n3c(=O)c4cc5c(=O)n([*])c(=O)c5cc4c3=O)cc2)(C(F)(F)F)C(F)(F)F)cc1,Egc,2.5118
1224,[*]c1ccc(C(c2ccc(-n3c(=O)c4cc5c(=O)n([*])c(=O)c5cc4c3=O)cc2)(C(F)(F)F)C(F)(F)F)cc1,eib,0.518477233
1225,[*]c1ccc(C(c2ccc(-n3c(=O)c4cc5c(=O)n([*])c(=O)c5cc4c3=O)cc2)C(C)C)cc1,Egc,2.4053
1226,[*]c1ccc(C(c2ccc(N3C(=O)c4ccc(-c5ccc6c(c5)C(=O)N([*])C6=O)cc4C3=O)cc2)(C(F)(F)F)C(F)(F)F)cc1,Egc,3.2749
1227,[*]c1ccc(C(c2ccc(N3C(=O)c4ccc(Oc5ccc6c(c5)C(=O)N([*])C6=O)cc4C3=O)cc2)(C(F)(F)F)C(F)(F)F)cc1,Egc,3.3962
1228,[*]c1ccc(C(c2ccccc2)(c2ccc(-c3nc4ccc(-c5ccc6nc([*])oc6c5)cc4o3)cc2)C(F)(F)F)cc1,Egc,3.409
1229,[*]c1ccc(C(c2ccccc2)(c2ccc(-n3c(=O)c4cc5c(=O)n([*])c(=O)c5cc4c3=O)cc2)C(F)(F)F)cc1,Egc,2.6385
1230,[*]c1ccc(C(c2ccccc2)(c2ccc(N3C(=O)c4ccc(Oc5ccc6c(c5)C(=O)N([*])C6=O)cc4C3=O)cc2)C(F)(F)F)cc1,Egc,3.2149
1231,[*]c1ccc(C(c2ccccc2)c2ccc(-n3c(=O)c4cc5c(=O)n([*])c(=O)c5cc4c3=O)cc2)cc1,Egc,2.3874
1232,[*]c1ccc(C(c2ccccc2)c2ccc(N3C(=O)c4ccc(-c5ccc6c(c5)C(=O)N([*])C6=O)cc4C3=O)cc2)cc1,Egc,2.8965
1233,[*]c1ccc(C(c2ccccc2)c2ccc(N3C(=O)c4ccc(S(=O)(=O)c5ccc6c(c5)C(=O)N([*])C6=O)cc4C3=O)cc2)cc1,Egc,2.9105
1234,[*]c1ccc(C(CCC)c2ccc(-n3c(=O)c4cc5c(=O)n([*])c(=O)c5cc4c3=O)cc2)cc1,Egc,2.5458
1235,[*]c1ccc(C(CCCCCCCC)c2ccc(-n3c(=O)c4cc5c(=O)n([*])c(=O)c5cc4c3=O)cc2)cc1,Egc,2.4391
1236,[*]c1ccc(C(Cl)(Cl)C([*])Cl)cc1,Egc,4.6561
1237,[*]c1ccc(C(Cl)(Cl)C([*])Cl)cc1,eib,2.649391777
1238,[*]c1ccc(C(F)(F)C([*])(F)F)cc1,Egc,4.7832
1239,[*]c1ccc(C)c(N2C(=O)c3ccc(-c4ccc5c(c4)C(=O)N([*])C5=O)cc3C2=O)c1,Egc,3.442
1240,[*]c1ccc(C)c(N2C(=O)c3ccc(S(=O)(=O)c4ccc5c(c4)C(=O)N([*])C5=O)cc3C2=O)c1,Egc,3.0894
1241,[*]c1ccc(C)c(N2CC(=O)N([*])CC2=O)c1,Egc,4.9134
1242,[*]c1ccc(C)c(N2CC(=O)N([*])CC2=O)c1,eib,3.152049462
1243,[*]c1ccc(C2(c3ccc(N4C(=O)c5ccc(-c6ccc7c(c6)C(=O)N([*])C7=O)cc5C4=O)cc3)c3ccccc3-c3ccccc32)cc1,Egc,2.7179
1244,[*]c1ccc(C2C(C#N)(C(=O)OCCC)C([*])C2(C#N)C(=O)OCCC)cc1,Egc,4.8078
1245,[*]c1ccc(C2C(C(=O)OC)C([*])C2C(=O)OC)cc1,Egc,4.6965
1246,[*]c1ccc(C2C(c3ccccn3)C([*])C2c2ccccn2)cc1,Egc,4.0906
1247,[*]c1ccc(C2C(c3ccccn3)C([*])C2c2ccccn2)cc1,eib,3.558494307
1248,[*]c1ccc(-c2cc(C(=O)OCCCCCCCCCCCC)c([*])s2)s1,Egc,2.4434
1249,[*]c1ccc(-c2cc(-c3ccc(CCCCCCCC)cc3)c([*])s2)s1,Egc,1.564
1250,[*]c1ccc(-c2cc(-c3ccc(CCCCCCCC)cc3)c([*])s2)s1,eib,1.814603281
1251,[*]c1ccc(-c2cc(-c3ccccc3)c3cc(-c4ccc5nc([*])cc(-c6ccccc6)c5c4)ccc3n2)cc1,Egc,3.236
1252,[*]c1ccc(-c2cc(CCCCCCBr)c([*])s2)s1,Egc,1.8008
1253,[*]c1ccc(-c2cc(CCCCCCBr)c([*])s2)s1,eib,1.604710704
1254,[*]c1ccc(-c2cc(CCCCCCCCCCC)c([*])s2)s1,Egc,1.6329
1255,[*]c1ccc(-c2cc(CCCCCCCCCCC)c([*])s2)s1,eib,1.743903282
1256,[*]c1ccc(-c2cc(CCCCCCCCCCCC)c([*])s2)s1,Egc,1.4731
1257,[*]c1ccc(-c2cc(CCCCCCCCCCCC)c([*])s2)s1,eib,1.760351677
1258,[*]c1ccc(-c2cc(CCCCCCCCCF)c([*])s2)s1,Egc,1.8341
1259,[*]c1ccc(-c2cc(CCCCCCCCCF)c([*])s2)s1,eib,1.762143571
1260,[*]c1ccc(-c2cc(CCCCCCOC(=O)COc3ccccc3)c([*])s2)s1,Egc,1.9503
1261,[*]c1ccc(-c2cc(CCCCCCOC(=O)COc3ccccc3)c([*])s2)s1,eib,1.624312414
1262,[*]c1ccc(-c2cc(OCCCCCCCCCC)c([*])cc2OCCCCCCCCCC)cc1,Egc,3.5529
1263,[*]c1ccc(-c2ccc([*])c(C)c2)cc1C,Egc,4.0882
1264,[*]c1ccc(-c2ccc([*])c(C)c2)cc1C,eib,2.874500977
1265,[*]c1ccc(-c2ccc([*])c(CCCCCC)n2)nc1CCCCCC,Egc,3.9254
1266,[*]c1ccc(-c2ccc([*])c(CCCCCC)n2)nc1CCCCCC,eib,2.351643331
1267,[*]c1ccc(-c2ccc([*])c(Cl)c2)cc1Cl,Egc,3.6549
1268,[*]c1ccc(-c2ccc([*])c(Cl)c2)cc1Cl,eib,2.085281555
1269,[*]c1ccc(-c2ccc([*])n2C#Cc2ccc(CCCCCC)cc2)s1,Egc,2.538
1270,[*]c1ccc(-c2ccc([*])n2C#Cc2ccc(CCCCCC)cc2)s1,eib,2.09005085
1271,[*]c1ccc(-c2ccc([*])nc2)cn1,Egc,3.5858
1272,[*]c1ccc(-c2ccc([*])nc2)cn1,eib,1.912441199
1273,[*]c1ccc(-c2ccc([Si](C)(C)c3ccc([*])s3)s2)cc1,Egc,3.4722
1274,[*]c1ccc(-c2ccc([Si](C)(C)c3ccc([*])s3)s2)cc1,eib,2.478634962
1275,[*]c1ccc(-c2ccc(-c3cc([*])c4cccccc3-4)s2)s1,Egc,2.0596
1276,[*]c1ccc(-c2ccc(-c3cc([*])c4cccccc3-4)s2)s1,eib,1.927051183
1277,[*]c1ccc(-c2ccc(-c3cc(-c4ccc(Oc5ccc(-c6cc([*])nc7ccccc67)cc5)cc4)c4ccccc4n3)cc2)cc1,Egc,3.448
1278,[*]c1ccc(-c2ccc(-c3cc(-c4ccccc4)c4cc(-c5ccc6nc([*])cc(-c7ccccc7)c6c5)ccc4n3)cc2)cc1,Egc,3.131
1279,[*]c1ccc(-c2ccc(-c3cc(-c4ccccc4)c4cc5c(-c6ccccc6)cc([*])nc5cc4n3)cc2)cc1,Egc,2.8522
1280,[*]c1ccc(-c2ccc(-c3cc(-c4ccccc4)c4cc5nc([*])cc(-c6ccccc6)c5cc4n3)cc2)cc1,Egc,2.7945
1281,[*]c1ccc(-c2ccc(-c3cc(CCCCCCCC)c([*])s3)s2)s1,Egc,2.3617
1282,[*]c1ccc(-c2ccc(-c3cc(CCCCCCCC)c([*])s3)s2)s1,eib,1.917927416
1283,[*]c1ccc(-c2ccc(-c3cc(OCCCCCCCCCCCC)c([*])s3)s2)s1,Egc,1.7783
1284,[*]c1ccc(-c2ccc(-c3cc(OCCCCCCCCCCCC)c([*])s3)s2)s1,eib,1.692292381
1285,[*]c1ccc(-c2ccc(-c3cc(SCCCC)c([*])s3)cc2)cc1,Egc,2.8074
1286,[*]c1ccc(-c2ccc(-c3cc(SCCCC)c([*])s3)cc2)cc1,eib,2.048306152
1287,[*]c1ccc(-c2ccc(-c3cc(SCCCCCCCCCC)c([*])s3)cc2)cc1,Egc,3.1535
1288,[*]c1ccc(-c2ccc(-c3cc(SCCCCCCCCCC)c([*])s3)cc2)cc1,eib,2.197629819
1289,[*]c1ccc(-c2ccc(-c3ccc([*])n3C)n2C)cn1,Egc,2.818
1290,[*]c1ccc(-c2ccc(-c3ccc([*])n3C)o2)o1,Egc,2.2511
1291,[*]c1ccc(-c2ccc(-c3ccc([*])n3C)o2)o1,eib,2.575331213
1292,[*]c1ccc(-c2ccc(-c3ccc([*])n3C)o2)s1,Egc,1.8872
1293,[*]c1ccc(-c2ccc(-c3ccc([*])n3C)o2)s1,eib,2.945349991
1294,[*]c1ccc(-c2ccc(-c3ccc([*])n3C)s2)s1,Egc,2.4998
1295,[*]c1ccc(-c2ccc(-c3ccc([*])n3C)s2)s1,eib,2.281115162
1296,[*]c1ccc(-c2ccc(-c3ccc([*])n3-c3c(F)c(F)c(F)c(F)c3F)s2)s1,Egc,2.5527
1297,[*]c1ccc(-c2ccc(-c3ccc([*])n3-c3c(F)c(F)c(F)c(F)c3F)s2)s1,eib,2.04836033
1298,[*]c1ccc(-c2ccc(-c3ccc([*])s3)o2)o1,Egc,1.7382
1299,[*]c1ccc(-c2ccc(-c3ccc([*])s3)o2)o1,eib,1.947810783
1300,[*]c1ccc(-c2ccc(-c3ccc([*])s3)s2)[nH]1,Egc,2.0469
1301,[*]c1ccc(-c2ccc(-c3ccc([*])s3)s2)[nH]1,eib,1.988145911
1302,[*]c1ccc(-c2ccc(-c3ccc([*])s3)s2)cc1,Egc,1.9121
1303,[*]c1ccc(-c2ccc(-c3ccc([*])s3)s2)cc1,eib,1.695153861
1304,[*]c1ccc(-c2ccc(-c3ccc([*])s3)s2)cn1,Egc,2.2046
1305,[*]c1ccc(-c2ccc(-c3ccc([*])s3)s2)cn1,eib,1.608017858
1306,[*]c1ccc(-c2ccc(-c3ccc([*])s3)s2)o1,Egc,1.4999
1307,[*]c1ccc(-c2ccc(-c3ccc([*])s3)s2)o1,eib,1.62856383
1308,[*]c1ccc(-c2ccc(-c3ccc(-c4cc(-c5ccccc5)c5cc(-c6ccc7nc([*])cc(-c8ccccc8)c7c6)ccc5n4)cc3)cc2)cc1,Egc,3.176
1309,[*]c1ccc(-c2ccc(-c3ccc(-c4cc(-c5ccccc5)c5cc(Oc6ccc7nc([*])cc(-c8ccccc8)c7c6)ccc5n4)cc3)cc2)cc1,Egc,3.1781
1310,[*]c1ccc(-c2ccc(-c3ccc(-c4ccc([*])n4CCCCCCCCCCCC)s3)s2)s1,Egc,2.0944
1311,[*]c1ccc(-c2ccc(-c3ccc(-c4ccc([*])n4CCCCCCCCCCCC)s3)s2)s1,Egcr,2.1442
1312,[*]c1ccc(-c2ccc(-c3ccc(-c4ccc([*])n4CCCCCCCCCCCC)s3)s2)s1,eib,2.048656942
1313,[*]c1ccc(-c2ccc(-c3ccc(-c4ccc(-c5ccc([*])n5CCCCCCCCCCCC)s4)s3)s2)s1,Egc,2.0759
1314,[*]c1ccc(-c2ccc(-c3ccc(-c4cnc5ccc(-c6ccc7ncc([*])nc7c6)cc5n4)cc3)cc2)cc1,Egc,3.0581
1315,[*]c1ccc(-c2ccc(-c3ccc(-c4nc5cc6sc([*])nc6cc5s4)cc3)c(-c3ccccc3)c2-c2ccccc2)cc1,Egc,3.1695
1316,[*]c1ccc(-c2ccc(-c3ccc(-c4nc5cc6sc([*])nc6cc5s4)cc3)c(-c3ccccc3)c2-c2ccccc2)cc1,eib,1.983302529
1317,[*]c1ccc(-c2ccc(-c3ccc(-n4c(=O)c5cc6c(=O)n([*])c(=O)c6cc5c4=O)cc3)cc2)cc1,Egc,2.1393
1318,[*]c1ccc(-c2ccc(-c3ccc(-n4c(=O)c5cc6c(=O)n([*])c(=O)c6cc5c4=O)cc3)cc2)cc1,eib,0.589081453
1319,[*]c1ccc(-c2ccc(-c3ccc4nc(Oc5cc(-c6ccccc6)c6cc([*])ccc6n5)cc(-c5ccccc5)c4c3)cc2)cc1,Egc,3.358
1320,[*]c1ccc(-c2ccc(-c3cnc4cc(-c5ccc6nc([*])cnc6c5)ccc4n3)cc2)cc1,Egc,2.7617
1321,[*]c1ccc(-c2ccc(-c3cnc4cc(-c5ccc6nc([*])cnc6c5)ccc4n3)cc2)cc1,eib,1.350301353
1322,[*]c1ccc(-c2ccc(-c3cnc4cc(Oc5ccc6nc([*])cnc6c5)ccc4n3)cc2)cc1,Egc,3.0166
1323,[*]c1ccc(-c2ccc(-c3cnc4cc(Oc5ccc6nc([*])cnc6c5)ccc4n3)cc2)cc1,eib,1.549491258
1324,[*]c1ccc(-c2ccc(-c3nc(-c4ccc(-c5csc([*])n5)cc4)cs3)cc2)cc1,Egc,2.9236
1325,[*]c1ccc(-c2ccc(-c3nc(-c4ccc(-c5csc([*])n5)cc4)cs3)cc2)cc1,eib,2.004630208
1326,[*]c1ccc(-c2ccc(-c3nc(CCCCCCCCCCCC)c(-c4sc([*])nc4CCCCCCCCCCCC)s3)s2)s1,Egc,2.29
1327,[*]c1ccc(-c2ccc(-c3nc4cc(Oc5ccc6nc(-c7ccccc7)c([*])nc6c5)ccc4nc3-c3ccccc3)cc2)cc1,Egc,3.2011
1328,[*]c1ccc(-c2ccc(-c3nc4cc5nc([*])oc5cc4o3)cc2)cc1,Egc,2.7942
1329,[*]c1ccc(-c2ccc(-c3nc4cc5nc([*])oc5cc4o3)cc2)cc1,eib,1.5942003
1330,[*]c1ccc(-c2ccc(-c3nc4ccc(-c5ccc6nc([*])c(-c7ccccc7)nc6c5)cc4nc3-c3ccccc3)cc2)cc1,Egc,2.8686
1331,[*]c1ccc(-c2ccc(-c3nc4ccc(-c5ccc6nc([*])c(-c7ccccc7)nc6c5)cc4nc3-c3ccccc3)cc2)cc1,eib,1.527100265
1332,[*]c1ccc(-c2ccc(-c3nnc([*])n3-c3ccc(OC)cc3)cc2)cc1,Egc,3.8981
1333,[*]c1ccc(-c2ccc(-c3sc([*])c4c3OCCO4)s2)s1,Egc,1.3711
1334,[*]c1ccc(-c2ccc(-c3sc([*])c4c3OCCO4)s2)s1,eib,1.707693807
1335,[*]c1ccc(-c2ccc(-c3sc(-c4cc(C(=O)CCCCCCCCCCCC)c([*])s4)cc3C(=O)OCCCCCCCCCCCC)s2)s1,Egc,2.5131
1336,[*]c1ccc(-c2ccc(N(c3ccccc3)c3ccc4ccc(N([*])c5ccccc5)cc4c3)cc2)cc1,Egc,3.0776
1337,[*]c1ccc(-c2ccc(-n3c(=O)c4c(F)c5c(=O)n([*])c(=O)c5c(F)c4c3=O)cc2C(F)(F)F)c(C(F)(F)F)c1,Egc,2.6459
1338,[*]c1ccc(-c2ccc(-n3c(=O)c4c(F)c5c(=O)n([*])c(=O)c5c(F)c4c3=O)cc2C)c(C)c1,Egc,2.4968
1339,[*]c1ccc(-c2ccc(-n3c(=O)c4c(F)c5c(=O)n([*])c(=O)c5c(F)c4c3=O)cc2C)c(C)c1,eib,1.742646741
1340,[*]c1ccc(-c2ccc(-n3c(=O)c4c(F)c5c(=O)n([*])c(=O)c5c(F)c4c3=O)cc2OC)c(OC)c1,Egc,1.9563
1341,[*]c1ccc(-c2ccc(-n3c(=O)c4c(F)c5c(=O)n([*])c(=O)c5c(F)c4c3=O)cc2OC)c(OC)c1,eib,0.270499348
1342,[*]c1ccc(-c2ccc(-n3c(=O)c4cc5c(=O)n([*])c(=O)c5c(C(F)(F)F)c4c3=O)cc2C(F)(F)F)c(C(F)(F)F)c1,Egc,2.7665
1343,[*]c1ccc(-c2ccc(-n3c(=O)c4cc5c(=O)n([*])c(=O)c5c(C(F)(F)F)c4c3=O)cc2C(F)(F)F)c(C(F)(F)F)c1,eib,0.52273391
1344,[*]c1ccc(-c2ccc(-n3c(=O)c4cc5c(=O)n([*])c(=O)c5c(C(F)(F)F)c4c3=O)cc2C)c(C)c1,Egc,2.5777
1345,[*]c1ccc(-c2ccc(-n3c(=O)c4cc5c(=O)n([*])c(=O)c5c(C(F)(F)F)c4c3=O)cc2C)c(C)c1,eib,0.37841301
1346,[*]c1ccc(-c2ccc(-n3c(=O)c4cc5c(=O)n([*])c(=O)c5cc4c3=O)c(C)c2)cc1C,Egc,2.6256
1347,[*]c1ccc(-c2ccc(-n3c(=O)c4cc5c(=O)n([*])c(=O)c5cc4c3=O)c(C)c2)cc1C,eib,0.680808453
1348,[*]c1ccc(-c2ccc(-n3c(=O)c4cc5c(=O)n([*])c(=O)c5cc4c3=O)c(OC)c2)cc1OC,Egc,2.5805
1349,[*]c1ccc(-c2ccc(-n3c(=O)c4cc5c(=O)n([*])c(=O)c5cc4c3=O)c(OC)c2)cc1OC,eib,0.829599473
1350,[*]c1ccc(-c2ccc(-n3c(=O)c4cc5c(=O)n([*])c(=O)c5cc4c3=O)cc2)cc1,Egc,2.2166
1351,[*]c1ccc(-c2ccc(-n3c(=O)c4cc5c(=O)n([*])c(=O)c5cc4c3=O)cc2)cc1,eib,0.602503556
1352,[*]c1ccc(-c2ccc(-n3c(=O)c4cc5c(=O)n([*])c(=O)c5cc4c3=O)cc2C(F)(F)F)c(C(F)(F)F)c1,Egc,2.8988
1353,[*]c1ccc(-c2ccc(-n3c(=O)c4cc5c(=O)n([*])c(=O)c5cc4c3=O)cc2C(F)(F)F)c(C(F)(F)F)c1,eib,0.727536987
1354,[*]c1ccc(-c2ccc(-n3c(=O)c4cc5c(=O)n([*])c(=O)c5cc4c3=O)cc2C)c(C)c1,Egc,2.6846
1355,[*]c1ccc(-c2ccc(-n3c(=O)c4cc5c(=O)n([*])c(=O)c5cc4c3=O)cc2C)c(C)c1,eib,0.5539049
1356,[*]c1ccc(-c2ccc(-n3c(=O)c4cc5c(=O)n([*])c(=O)c5cc4c3=O)cc2F)c(F)c1,Egc,2.7762
1357,[*]c1ccc(-c2ccc(-n3c(=O)c4cc5c(=O)n([*])c(=O)c5cc4c3=O)cc2F)c(F)c1,eib,0.420499339
1358,[*]c1ccc(-c2ccc(-n3c(=O)c4cc5c(=O)n([*])c(=O)c5cc4c3=O)cc2OC(F)(F)F)c(OC(F)(F)F)c1,Egc,2.8211
1359,[*]c1ccc(-c2ccc(-n3c(=O)c4cc5c(=O)n([*])c(=O)c5cc4c3=O)cc2OC(F)(F)F)c(OC(F)(F)F)c1,eib,0.273235735
1360,[*]c1ccc(-c2ccc(-n3c(=O)c4cc5c(=O)n([*])c(=O)c5cc4c3=O)cc2OC)c(OC)c1,Egc,2.2535
1361,[*]c1ccc(-c2ccc(-n3c(=O)c4cc5c(=O)n([*])c(=O)c5cc4c3=O)cc2OC)c(OC)c1,eib,0.686198695
1362,[*]c1ccc(-c2ccc(N3C(=O)c4ccc(-c5ccc6c(c5)C(=O)N([*])C6=O)cc4C3=O)c(C)c2)cc1C,Egc,2.8312
1363,[*]c1ccc(-c2ccc(N3C(=O)c4ccc(-c5ccc6c(c5)C(=O)N([*])C6=O)cc4C3=O)cc2C(F)(F)F)c(C(F)(F)F)c1,Egc,3.3769
1364,[*]c1ccc(-c2ccc(N3C(=O)c4ccc(-c5cccc6c5C(=O)N([*])C6=O)cc4C3=O)c(C)c2)cc1C,Egc,2.9249
1365,[*]c1ccc(-c2ccc(N3C(=O)c4ccc(Oc5ccc6c(c5)C(=O)N([*])C6=O)cc4C3=O)cc2)cc1,Egc,2.9797
1366,[*]c1ccc(-c2ccc(N3C(=O)c4ccc(Oc5ccc6c(c5)C(=O)N([*])C6=O)cc4C3=O)cc2C)c(C)c1,Egc,3.3433
1367,[*]c1ccc(-c2ccc(N3C(=O)c4ccc(Oc5ccc6c(c5)C(=O)N([*])C6=O)cc4C3=O)cc2C)c(C)c1,eib,1.265384183
1368,[*]c1ccc(-c2ccc(N3C(=O)c4ccc(S(=O)(=O)c5ccc6c(c5)C(=O)N([*])C6=O)cc4C3=O)cc2C(F)(F)F)c(C(F)(F)F)c1,Egc,3.23
1369,[*]c1ccc(-c2ccc(S([*])(=O)=O)cc2)cc1,Egc,4.1818
1370,[*]c1ccc(-c2ccc(S([*])(=O)=O)cc2)cc1,eib,1.788712997
1371,[*]c1ccc(-c2ccc(S(=O)(=O)NCCNS([*])(=O)=O)cc2)cc1,Egc,3.8242
1372,[*]c1ccc(-c2ccc3[nH]c(-c4nc5cc([*])ccc5[nH]4)nc3c2)cc1,Egc,3.3642
1373,[*]c1ccc(-c2ccc3[nH]c(-c4nc5cc([*])ccc5[nH]4)nc3c2)cc1,eib,2.236601366
1374,[*]c1ccc(-c2ccc3nc([*])cc(-c4ccccc4)c3c2)cc1,Egc,2.9322
1375,[*]c1ccc(-c2ccc3nc([*])cc(-c4ccccc4)c3c2)cc1,eib,1.803041204
1376,[*]c1ccc(-c2ccc3nc(Oc4cc(-c5ccccc5)c5cc([*])ccc5n4)cc(-c4ccccc4)c3c2)cc1,Egc,3.4178
1377,[*]c1ccc(-c2ccc3nc4oc5cc6[nH]c7nc8cc([*])ccc8nc7nc-6[nH]c=5n-4ccc3c2)cc1,Egc,1.9943
1378,[*]c1ccc(-c2ccn3sc4nc5nc6c(cc5oc-4cc-3nc2)Nc2nc3ccc([*])cc3nc2O6)cc1,Egc,1.5944
1379,[*]c1ccc(-c2cnc3cc(-c4ccc5nc([*])cnc5c4)ccc3n2)cc1,Egc,3.1087
1380,[*]c1ccc(-c2cnc3cc(-c4ccc5nc([*])cnc5c4)ccc3n2)cc1,eib,1.339997864
1381,[*]c1ccc(-c2cnc3cc(Oc4ccc5nc([*])cnc5c4)ccc3n2)cc1,Egc,3.2905
1382,[*]c1ccc(-c2cnc3cc(Oc4ccc5nc([*])cnc5c4)ccc3n2)cc1,eib,1.579298303
1383,[*]c1ccc(-c2cnc3cc(S(=O)(=O)c4ccc5nc([*])cnc5c4)ccc3n2)cc1,Egc,3.1285
1384,[*]c1ccc(-c2cnc3cc4nc([*])cnc4cc3n2)cc1,Egc,2.4806
1385,[*]c1ccc(-c2cnc3cc4nc([*])cnc4cc3n2)cc1,eib,0.72182055
1386,[*]c1ccc(-c2cnc3cc4ncc([*])nc4cc3n2)cc1,Egc,2.6289
1387,[*]c1ccc(-c2cnc3cc4ncc([*])nc4cc3n2)cc1,eib,0.728639182
1388,[*]c1ccc(-c2cnc3ccc(-c4ccc5nc([*])cnc5c4)cc3n2)cc1,Egc,3.3677
1389,[*]c1ccc(-c2cnc3ccc(-c4ccc5nc([*])cnc5c4)cc3n2)cc1,eib,1.46073224
1390,[*]c1ccc(-c2cnc3ccc(-c4ccc5ncc([*])nc5c4)cc3n2)cc1,Egc,3.3175
1391,[*]c1ccc(-c2cnc3ccc(-c4ccc5ncc([*])nc5c4)cc3n2)cc1,eib,1.374973511
1392,[*]c1ccc(-c2cnc3ccc(Oc4ccc5ncc([*])nc5c4)cc3n2)cc1,Egc,3.1316
1393,[*]c1ccc(-c2cnc3ccc(S(=O)(=O)c4ccc5ncc([*])nc5c4)cc3n2)cc1,Egc,3.2921
1394,[*]c1ccc(-c2csc(-c3cc([*])cs3)c2)cc1,Egc,3.3768
1395,[*]c1ccc(-c2csc(-c3cc([*])cs3)c2)cc1,eib,2.510585909
1396,[*]c1ccc(-c2csc(-c3cccc(-c4nc([*])cs4)n3)n2)cc1,Egc,3.2967
1397,[*]c1ccc(-c2csc(-c3cccc(-c4nc([*])cs4)n3)n2)cc1,eib,1.970461419
1398,[*]c1ccc(-c2csc(-c3nc([*])cs3)n2)cc1,Egc,3.2084
1399,[*]c1ccc(-c2csc(-c3nc([*])cs3)n2)cc1,eib,2.175486789
1400,[*]c1ccc(-c2nc(-c3ccc(-c4nc([*])sc4C(=O)O)cc3)c(C(=O)O)s2)cc1,Egc,3.438
1401,[*]c1ccc(-c2nc3cc(-c4ccc5nc([*])c(-c6ccc7ccccc7c6)nc5c4)ccc3nc2-c2ccc3ccccc3c2)cc1,Egc,2.9378
1402,[*]c1ccc(-c2nc3cc(-c4ccc5nc([*])c(-c6ccccc6)nc5c4)ccc3nc2-c2ccccc2)cc1,Egc,2.9973
1403,[*]c1ccc(-c2nc3cc(-c4ccc5nc(-c6ccccc6)c([*])nc5c4)ccc3nc2-c2ccccc2)cc1,Egc,3.2285
1404,[*]c1ccc(-c2nc3cc(-c4ccc5nc(-c6ccccc6)c([*])nc5c4)ccc3nc2-c2ccccc2)cc1,eib,1.84119743
1405,[*]c1ccc(-c2nc3cc(-c4ccc5oc([*])nc5c4)ccc3o2)cc1,Egc,3.0845
1406,[*]c1ccc(-c2nc3cc(-c4ccc5oc([*])nc5c4)ccc3o2)cc1,eib,1.740502533
1407,[*]c1ccc(-c2nc3cc(-n4c(=O)c5cc6c(=O)n([*])c(=O)c6cc5c4=O)ccc3[nH]2)cc1,Egc,2.1869
1408,[*]c1ccc(-c2nc3cc(-n4c(=O)c5cc6c(=O)n([*])c(=O)c6cc5c4=O)ccc3[nH]2)cc1,eib,0.668409297
1409,[*]c1ccc(-c2nc3cc(Oc4ccc5nc([*])c(-c6ccccc6)nc5c4)ccc3nc2-c2ccccc2)cc1,Egc,3.1583
1410,[*]c1ccc(-c2nc3cc(Oc4ccc5nc([*])c(-c6ccccc6)nc5c4)ccc3nc2-c2ccccc2)cc1,eib,1.916615889
1411,[*]c1ccc(-c2nc3cc4nc([*])[nH]c4cc3[nH]2)cc1,Egc,3.5933
1412,[*]c1ccc(-c2nc3cc4nc([*])[nH]c4cc3[nH]2)cc1,eib,2.597463163
1413,[*]c1ccc(-c2nc3cc4nc([*])c(-c5ccccc5)nc4cc3nc2-c2ccccc2)cc1,Egc,2.5823
1414,[*]c1ccc(-c2nc3cc4nc([*])c(-c5ccccc5)nc4cc3nc2-c2ccccc2)cc1,eib,1.141167396
1415,[*]c1ccc(-c2nc3cc4nc([*])oc4cc3o2)c(O)c1,Egc,2.5901
1416,[*]c1ccc(-c2nc3cc4nc([*])oc4cc3o2)c(O)c1,eib,1.619069236
1417,[*]c1ccc(-c2nc3cc4nc([*])oc4cc3o2)cc1,Egc,2.6534
1418,[*]c1ccc(-c2nc3cc4nc([*])oc4cc3o2)cc1,eib,1.666099655
1419,[*]c1ccc(-c2nc3cc4nc(-c5ccccc5)c([*])nc4cc3nc2-c2ccccc2)cc1,Egc,2.8503
1420,[*]c1ccc(-c2nc3cc4nc(-c5ccccc5)c([*])nc4cc3nc2-c2ccccc2)cc1,eib,1.110427553
1421,[*]c1ccc(-c2nc3cc4sc([*])nc4cc3s2)cc1,Egc,2.7344
1422,[*]c1ccc(-c2nc3cc4sc([*])nc4cc3s2)cc1,eib,1.416029955
1423,[*]c1ccc(-c2nc3ccc(-c4ccc5nc([*])c(-c6ccccc6)nc5c4)cc3nc2-c2ccccc2)cc1,Egc,3.0402
1424,[*]c1ccc(-c2nc3ccc(-c4ccc5nc([*])oc5c4)cc3o2)cc1,Egc,2.65
1425,[*]c1ccc(-c2nc3ccc(-c4ccc5nc([*])oc5c4)cc3o2)cc1,eib,1.526802912
1426,[*]c1ccc(-c2nc3ccc(-c4ccc5nc([*])sc5c4)cc3s2)cc1,Egc,3.0008
1427,[*]c1ccc(-c2nc3ccc(-c4ccc5nc([*])sc5c4)cc3s2)cc1,eib,1.690278461
1428,[*]c1ccc(-c2nc3ccc(Oc4ccc5nc([*])c(-c6ccccc6)nc5c4)cc3nc2-c2ccccc2)cc1,Egc,3.1698
1429,[*]c1ccc(-c2nc3ccc(S(=O)(=O)c4ccc5nc([*])c(-c6ccccc6)nc5c4)cc3nc2-c2ccccc2)cc1,Egc,2.7414
1430,[*]c1ccc(-c2nnc([*])o2)c(OCC)c1,Egc,2.8968
1431,[*]c1ccc(-c2nnc([*])o2)c(OCC)c1,eib,1.340923592
1432,[*]c1ccc(-c2nnc([*])o2)c(OCCCCC)c1,Egc,3.1025
1433,[*]c1ccc(-c2nnc([*])o2)c(OCCCCC)c1,eib,1.297632696
1434,[*]c1ccc(-c2nnc([*])o2)cc1,Egc,2.923
1435,[*]c1ccc(-c2nnc([*])o2)cc1,eib,1.154248673
1436,[*]c1ccc(-c2nnc(-c3cccc(-c4nnc([*])o4)c3)o2)cc1,Egc,3.4063
1437,[*]c1ccc(-c2nnc(-c3cccc(-c4nnc([*])o4)c3)o2)cc1,eib,2.000282753
1438,[*]c1ccc(-c2nnc(-c3cccc(-c4nnc([*])o4)n3)o2)cc1,Egc,3.955
1439,[*]c1ccc(-c2nnc(-c3cccc(-c4nnc([*])o4)n3)o2)cc1,eib,1.92668405
1440,[*]c1ccc(-c2nnc(-c3nnc([*])o3)o2)cc1,Egc,2.9703
1441,[*]c1ccc(-c2nnc(-c3nnc([*])o3)o2)cc1,eib,0.855564385
1442,[*]c1ccc(-c2sc(-c3cc(CCCC)c([*])s3)cc2CCCC)cc1,Egc,2.55
1443,[*]c1ccc(-c2sc(-c3cc(CCCC)c([*])s3)cc2CCCC)cc1,eib,2.26168638
1444,[*]c1ccc(-c2sc(-c3cc(SCCCC)c([*])s3)cc2SCCCC)cc1,Egc,2.4618
1445,[*]c1ccc(-c2sc(-c3cc(SCCCCCCCC)c([*])s3)cc2SCCCCCCCC)cc1,Egc,2.4582
1446,[*]c1ccc(-c2sc(-c3cc(SCCCCCCCC)c([*])s3)cc2SCCCCCCCC)cc1,eib,1.926089762
1447,[*]c1ccc(Cc2ccc(N([*])Cc3ccccc3)cc2)cc1,Egc,4.1847
1448,[*]c1ccc(Cc2ccc(N([*])Cc3ccccc3)cc2)cc1,eib,3.287959566
1449,[*]C1CCC(CC2CCC(N3C(=O)C4C5C=CC(C6C(=O)N([*])C(=O)C56)C4C3=O)CC2)CC1,Egc,5.6263
1450,[*]c1ccc(Cc2ccc(-n3c(=O)c4cc5c(=O)n([*])c(=O)c5cc4c3=O)c(C)c2)cc1C,Egc,2.6775
1451,[*]c1ccc(Cc2ccc(-n3c(=O)c4cc5c(=O)n([*])c(=O)c5cc4c3=O)cc2)cc1,Egc,2.5456
1452,[*]c1ccc(Cc2ccc(-n3c(=O)c4cc5c(=O)n([*])c(=O)c5cc4c3=O)cc2)cc1,eib,0.716997615
1453,[*]c1ccc(Cc2ccc(N3C(=O)c4ccc([Si](C)(C)c5ccc6c(c5)C(=O)N([*])C6=O)cc4C3=O)cc2)cc1,Egc,2.9543
1454,[*]c1ccc(Cc2ccc(N3C(=O)c4ccc(-c5ccc6c(c5)C(=O)N([*])C6=O)cc4C3=O)c(C(C)(C)C)c2)cc1C(C)(C)C,Egc,3.1365
1455,[*]c1ccc(Cc2ccc(N3C(=O)c4ccc(-c5ccc6c(c5)C(=O)N([*])C6=O)cc4C3=O)cc2)cc1,Egc,2.9091
1456,[*]c1ccc(Cc2ccc(N3C(=O)c4ccc(S(=O)(=O)c5ccc6c(c5)C(=O)N([*])C6=O)cc4C3=O)cc2)cc1,Egc,2.6972
1457,[*]c1ccc(Cc2ccc(N3C(=O)C4CCC5C(=O)N([*])C(=O)C5C4C3=O)c(C)c2)cc1C,Egc,4.8231
1458,[*]c1ccc(Cc2ccc(N3C(=O)C4CCC5C(=O)N([*])C(=O)C5C4C3=O)c(C)c2)cc1C,eib,2.964949447
1459,[*]c1ccc(Cc2ccc(N3C(=O)N([*])C3=O)cc2)cc1,Egc,3.951
1460,[*]c1ccc(Cc2ccc(S([*])(=O)=O)cc2)cc1,Egc,4.551
1461,[*]c1ccc(Cc2cccc(-n3c(=O)c4cc5c(=O)n([*])c(=O)c5cc4c3=O)c2)cc1,Egc,2.624
1462,[*]c1ccc(Cc2cccc(-n3c(=O)c4cc5c(=O)n([*])c(=O)c5cc4c3=O)c2)cc1,eib,0.908566196
1463,[*]c1ccc(Cc2ccccc2-n2c(=O)c3cc4c(=O)n([*])c(=O)c4cc3c2=O)cc1,Egc,2.4833
1464,[*]c1ccc(Cc2ccccc2-n2c(=O)c3cc4c(=O)n([*])c(=O)c4cc3c2=O)cc1,eib,1.789761236
1465,[*]c1ccc(CCc2ccc(N3C(=O)C(=O)N([*])C3=O)cc2)cc1,Egc,3.5244
1466,[*]c1ccc(CCc2ccc(N3C(=O)C(=O)N([*])C3=O)cc2)cc1,eib,2.343279064
1467,[*]c1ccc(CCCCCCc2ccc(-c3csc(-c4nc([*])cs4)n3)cc2)cc1,Egc,3.1824
1468,[*]c1ccc(N([*])c2ccc(S(=O)(=O)O)cc2)cc1,Egc,3.3958
1469,[*]c1ccc(N([*])c2ccc(S(=O)(=O)O)cc2)cc1,eib,3.045238885
1470,[*]c1ccc(N([*])CCCCCC)cc1,Egc,4.1862
1471,[*]c1ccc(N(c2ccc(C#N)cc2)c2ccc(-n3c(=O)c4cc5c(=O)n([*])c(=O)c5cc4c3=O)cc2)cc1,Egc,1.6309
1472,[*]c1ccc(N(c2ccc(C#N)cc2)c2ccc(N3C(=O)c4ccc(-c5ccc6c(c5)C(=O)N([*])C6=O)cc4C3=O)cc2)cc1,Egc,2.0603
1473,[*]c1ccc(N(c2ccc(C#N)cc2)c2ccc(N3C(=O)c4ccc(Oc5ccc6c(c5)C(=O)N([*])C6=O)cc4C3=O)cc2)cc1,Egc,2.2952
1474,[*]c1ccc(N(c2ccc(CCCC)cc2)c2ccc(-c3ccc([*])s3)cc2)cc1,Egc,2.8259
1475,[*]c1ccc(N(c2ccc(CCCC)cc2)c2ccc(-c3ccc([*])s3)cc2)cc1,eib,2.568090197
1476,[*]c1ccc(N(c2ccc(CCCC)cc2)c2ccc(-c3sc([*])c4c3OCCO4)cc2)cc1,Egc,2.8878
1477,[*]c1ccc(N=Nc2ccc(-c3csc(-c4nc([*])cs4)n3)cc2)cc1,Egc,2.5698
1478,[*]c1ccc(N=Nc2ccc(-c3csc(-c4nc([*])cs4)n3)cc2)cc1,eib,1.563358333
1479,[*]C1CCC(N2C(=O)C3C4C=CC(C5C(=O)N([*])C(=O)C45)C3C2=O)CC1,Egc,5.7071
1480,[*]c1ccc(-n2c(=O)c3cc4c(=O)n([*])c(=O)c4cc3c2=O)c(C)c1,Egc,2.9339
1481,[*]c1ccc(-n2c(=O)c3cc4c(=O)n([*])c(=O)c4cc3c2=O)c(C)c1,eib,0.536193114
1482,[*]c1ccc(-n2c(=O)c3cc4c(=O)n([*])c(=O)c4cc3c2=O)c(CP(=O)(OCC)OCC)c1,Egc,2.9129
1483,[*]c1ccc(-n2c(=O)c3cc4c(=O)n([*])c(=O)c4cc3c2=O)c(CP(=O)(OCC)OCC)c1,eib,0.793073818
1484,[*]c1ccc(-n2c(=O)c3cc4c(=O)n([*])c(=O)c4cc3c2=O)c(CP(=O)(OCCCl)OCCCl)c1,Egc,2.8958
1485,[*]c1ccc(-n2c(=O)c3cc4c(=O)n([*])c(=O)c4cc3c2=O)c(CP(=O)(OCCCl)OCCCl)c1,eib,0.924178676
1486,[*]c1ccc(-n2c(=O)c3cc4c(=O)n([*])c(=O)c4cc3c2=O)cc1,Egc,2.8396
1487,[*]c1ccc(-n2c(=O)c3cc4c(=O)n([*])c(=O)c4cc3c2=O)cc1,eib,0.441694827
1488,[*]c1ccc(-n2c(=O)c3cc4c(=O)n(-c5ccc6nc([*])oc(=O)c6c5)c(=O)c4cc3c2=O)cc1,Egc,2.6215
1489,[*]c1ccc(-n2c(=O)c3cc4c(=O)n(-c5ccc6nc([*])oc(=O)c6c5)c(=O)c4cc3c2=O)cc1,eib,0.312410159
1490,[*]c1ccc(-n2c(=O)c3cc4c(=O)n(-n5c6ccc([*])cc6c6cccnc65)c(=O)c4cc3c2=O)cc1,Egc,2.0994
1491,[*]c1ccc(N2C(=O)c3ccc(C(=O)c4ccc5c(c4)C(=O)N(c4ccc6[nH]c([*])nc6c4)C5=O)cc3C2=O)cc1,Egc,2.4631
1492,[*]c1ccc(N2C(=O)c3ccc(C(=O)c4ccc5c(c4)C(=O)N(c4ccc6[nH]c([*])nc6c4)C5=O)cc3C2=O)cc1,eib,0.875894843
1493,[*]c1ccc(N2C(=O)c3ccc(-c4ccc5c(c4)C(=O)N([*])C5=O)cc3C2=O)c(C)c1,Egc,2.9991
1494,[*]c1ccc(N2C(=O)c3ccc(-c4ccc5c(c4)C(=O)N([*])C5=O)cc3C2=O)nc1,Egc,3.3218
1495,[*]c1ccc(N2C(=O)c3ccc(-c4ccc5c(c4)C(=O)N([*])C5=O)cc3C2=O)nc1,eib,1.130318478
1496,[*]c1ccc(N2C(=O)c3ccc(-c4ccc5c(c4)C(=O)N(c4ccc6[nH]c([*])nc6c4)C5=O)cc3C2=O)cc1,Egc,2.5083
1497,[*]c1ccc(N2C(=O)c3ccc(-c4cccc5c4C(=O)N([*])C5=O)cc3C2=O)cc1,Egc,3.0789
1498,[*]c1ccc(N2C(=O)c3ccc(-c4cccc5c4C(=O)N(c4ccc6[nH]c([*])nc6c4)C5=O)cc3C2=O)cc1,Egc,2.8972
1499,[*]c1ccc(N2C(=O)c3ccc(Oc4ccc5c(c4)C(=O)N([*])C5=O)cc3C2=O)cc1,Egc,3.4482
1500,[*]c1ccc(N2C(=O)c3ccc(P(=O)(c4ccccc4)c4ccc5c(c4)C(=O)N([*])C5=O)cc3C2=O)cc1,Egc,3.0336
1501,[*]c1ccc(-n2c(=O)c3ccc4c5cc6c([*])ccc6n5c(=O)c-4cc3c2=O)cc1C,Egc,0.9421
1502,[*]c1ccc(-n2c(=O)c3ccc4c5cc6c([*])ccc6n5c(=O)c-4cc3c2=O)cc1C,eib,-0.062253884
1503,[*]c1ccc(N2C(=O)N([*])C2=O)cc1,Egc,4.9563
1504,[*]c1ccc(N2C(=O)N([*])C2=O)cc1,eib,2.745644103
1505,[*]c1ccc(-n2cc3c(n2)C(=O)c2cn([*])nc2C3=O)cc1,Egc,3.7547
1506,[*]c1ccc(-n2cc3c(n2)C(=O)c2cn([*])nc2C3=O)cc1,eib,1.114012511
1507,[*]c1ccc(-n2ccc(-c3ccc(-c4ccn([*])n4)cc3)n2)cc1,Egc,3.3009
1508,[*]c1ccc(-n2ccc(-c3ccc(-c4ccn([*])n4)cc3)n2)cc1,eib,2.350934915
1509,[*]c1ccc(N2CCC(c3cccc(C4=NN([*])CC4)c3)=N2)cc1,Egc,2.8836
1510,[*]c1ccc(-n2ccc(-c3cccc(-c4ccn([*])n4)c3)n2)cc1,Egc,3.673
1511,[*]c1ccc(-n2ccc(-c3cccc(-c4ccn([*])n4)c3)n2)cc1,eib,2.275069287
1512,[*]c1ccc(NC(=O)c2cc(NC(=O)c3ccc(OC(C)=O)cc3)cc(C(=O)Nc3ccc(-c4nnc([*])o4)cc3)c2)cc1,Egc,3.3971
1513,[*]c1ccc(NC(=O)c2ccc(C(=O)Nc3ccc(-c4nc5ccc(-c6ccc7nc([*])[nH]c7c6)cc5[nH]4)cc3)cc2)cc1,Egc,2.5448
1514,[*]c1ccc(NC(=O)c2cccc(C(=O)Nc3ccc(-n4c(=O)c5cc6c(=O)n([*])c(=O)c6cc5c4=O)cc3)c2)cc1,Egc,2.5291
1515,[*]c1ccc(NC(=O)CCCCCC(=O)Nc2ccc(S([*])(=O)=O)cc2)cc1,Egc,4.4501
1516,[*]c1ccc(Nc2cc(C)c([*])s2)cc1,Egc,3.5418
1517,[*]c1ccc(Nc2cc(C)c([*])s2)cc1,eib,3.212212587
1518,[*]c1ccc(Nc2ccc(-n3c(=O)c4cc5c(=O)n([*])c(=O)c5cc4c3=O)cc2)cc1,Egc,1.6941
1519,[*]c1ccc(Nc2ccc(-n3c(=O)c4cc5c(=O)n([*])c(=O)c5cc4c3=O)cc2)cc1,eib,0.552156074
1520,[*]c1ccc(Nc2cccc(-n3c(=O)c4cc5c(=O)n([*])c(=O)c5cc4c3=O)c2)cc1,Egc,1.9399
1521,[*]c1ccc(Nc2cccc(-n3c(=O)c4cc5c(=O)n([*])c(=O)c5cc4c3=O)c2)cc1,eib,0.65409823
1522,[*]c1ccc(Nc2cccc(Nc3ccc(S([*])(=O)=O)cc3)c2)cc1,Egc,3.9901
1523,[*]c1ccc(OC(=O)c2cccc(C(=O)Oc3ccc(C4([*])OC(=O)c5ccccc54)cc3)c2)cc1,Egc,3.7309
1524,[*]c1ccc(Oc2cc(C(C)(C)C)ccc2Oc2ccc(-n3c(=O)c4cc5c(=O)n([*])c(=O)c5cc4c3=O)cc2)cc1,Egc,2.4295
1525,[*]c1ccc(Oc2cc3ccccc3cc2Oc2ccc(-n3c(=O)c4cc5c(=O)n([*])c(=O)c5cc4c3=O)cc2)cc1,Egc,2.1718
1526,[*]c1ccc(Oc2ccc(C(=O)c3ccc(Oc4ccc(C(=O)c5ccc(Oc6ccc(-c7nc8ccccc8n7-c7ccc(-n8c([*])nc9ccccc98)cc7)cc6)cc5)cc4)cc3)cc2)cc1,Egc,3.1981
1527,[*]c1ccc(Oc2ccc(C(=O)c3ccc(Oc4ccc(-c5cc([*])[nH]n5)cc4)cc3)cc2)cc1,Egc,3.5975
1528,[*]c1ccc(Oc2ccc(C(=O)c3ccc(Oc4ccc(-n5c(=O)c6cc7c(=O)n([*])c(=O)c7cc6c5=O)cc4)cc3)cc2)cc1,Egc,2.3791
1529,[*]c1ccc(Oc2ccc(C(=O)c3cccc(C(=O)c4ccc(Oc5ccc(-n6c(=O)c7cc8c(=O)n([*])c(=O)c8cc7c6=O)cc5)cc4)c3)cc2)cc1,Egc,2.403
1530,[*]c1ccc(Oc2ccc(C(C)(C)c3ccc(Oc4ccc(-n5c(=O)c6cc7c(=O)n([*])c(=O)c7cc6c5=O)cc4)cc3)cc2)cc1,Egc,2.1376
1531,[*]c1ccc(Oc2ccc(C(c3ccc(Oc4ccc(-c5nnc([*])n5-c5ccc(C)cc5)cc4)cc3)(C(F)(F)F)C(F)(F)F)cc2)cc1,Egc,3.7304
1532,[*]c1ccc(Oc2ccc(C(c3ccc(Oc4ccc(-c5nnc([*])n5-c5ccc(C)cc5)cc4)cc3)(C(F)(F)F)C(F)(F)F)cc2)cc1,eib,2.928690214
1533,[*]c1ccc(Oc2ccc(-c3cc(-c4ccccc4)c4cc5c(-c6ccccc6)cc([*])nc5cc4n3)cc2)cc1,Egc,2.7694
1534,[*]c1ccc(Oc2ccc(-c3cc(-c4ccccc4)c4cc5nc([*])cc(-c6ccccc6)c5cc4n3)cc2)cc1,Egc,2.7119
1535,[*]c1ccc(Oc2ccc(-c3cc(OCCCCCC)c(-c4ccc(Oc5ccc(-c6nnc([*])o6)cc5)cc4)cc3OCCCCCC)cc2)cc1,Egc,3.2584
1536,[*]c1ccc(Oc2ccc(-c3cnc4cc(-c5ccc6nc([*])cnc6c5)ccc4n3)cc2)cc1,Egc,3.1727
1537,[*]c1ccc(Oc2ccc(-c3cnc4cc(-c5ccc6nc([*])cnc6c5)ccc4n3)cc2)cc1,eib,1.60592086
1538,[*]c1ccc(Oc2ccc(-c3cnc4cc(Oc5ccc6nc([*])cnc6c5)ccc4n3)cc2)cc1,Egc,3.0731
1539,[*]c1ccc(Oc2ccc(-c3cnc4cc5nc([*])cnc5cc4n3)cc2)cc1,Egc,2.5578
1540,[*]c1ccc(Oc2ccc(-c3cnc4cc5nc([*])cnc5cc4n3)cc2)cc1,eib,1.011577661
1541,[*]c1ccc(Oc2ccc(-c3cnc4cc5ncc([*])nc5cc4n3)cc2)cc1,Egc,2.8104
1542,[*]c1ccc(Oc2ccc(-c3cnc4cc5ncc([*])nc5cc4n3)cc2)cc1,eib,1.053707665
1543,[*]c1ccc(Oc2ccc(-c3cnc4ccc(-c5ccc6nc([*])cnc6c5)cc4n3)cc2)cc1,Egc,3.1097
1544,[*]c1ccc(Oc2ccc(-c3cnc4ccc(-c5ccc6ncc([*])nc6c5)cc4n3)cc2)cc1,Egc,3.3274
1545,[*]c1ccc(Oc2ccc(-c3cnc4ccc(-c5ccc6ncc([*])nc6c5)cc4n3)cc2)cc1,eib,1.734392328
1546,[*]c1ccc(Oc2ccc(-c3csc(-c4nc([*])cs4)n3)cc2)cc1,Egc,3.8362
1547,[*]c1ccc(Oc2ccc(-c3csc(-c4nc([*])cs4)n3)cc2)cc1,eib,2.535132085
1548,[*]c1ccc(Oc2ccc(-c3nc4cc(-c5ccc6nc([*])c(-c7ccccc7)nc6c5)ccc4nc3-c3ccccc3)cc2)cc1,Egc,3.0112
1549,[*]c1ccc(Oc2ccc(-c3nc4cc(-c5ccc6nc(-c7ccccc7)c([*])nc6c5)ccc4nc3-c3ccccc3)cc2)cc1,Egc,3.1454
1550,[*]c1ccc(Oc2ccc(-c3nc4cc5sc([*])nc5cc4s3)cc2)cc1,Egc,3.2699
1551,[*]c1ccc(Oc2ccc(-c3nc4cc5sc([*])nc5cc4s3)cc2)cc1,eib,1.981386501
1552,[*]c1ccc(Oc2ccc(-c3nc4ccc(-c5ccc6nc([*])c(-c7ccccc7)nc6c5)cc4nc3-c3ccccc3)cc2)cc1,Egc,2.9235
1553,[*]c1ccc(Oc2ccc(-c3nc4ccc(Oc5ccc6nc([*])c(-c7ccccc7)c(-c7ccccc7)c6c5)cc4c(-c4ccccc4)c3-c3ccccc3)cc2)cc1,Egc,3.2
1554,[*]c1ccc(Oc2ccc(-c3nnc([*])o3)cc2)cc1,Egc,3.9755
1555,[*]c1ccc(Oc2ccc(-c3nnc([*])o3)cc2)cc1,eib,2.38078901
1556,[*]c1ccc(Oc2ccc(-n3c(=O)c4c(F)c5c(=O)n([*])c(=O)c5c(F)c4c3=O)cc2)cc1,Egc,2.0806
1557,[*]c1ccc(Oc2ccc(-n3c(=O)c4c(Oc5ccc(OC)cc5)c5c(=O)n([*])c(=O)c5c(Oc5ccc(OC)cc5)c4c3=O)cc2)cc1,Egc,1.9581
1558,[*]c1ccc(Oc2ccc(-n3c(=O)c4c(Oc5ccc(OCCCC)cc5)c5c(=O)n([*])c(=O)c5c(Oc5ccc(OCCCC)cc5)c4c3=O)cc2)cc1,Egc,1.9436
1559,[*]c1ccc(Oc2ccc(-n3c(=O)c4cc5c(=O)n([*])c(=O)c5cc4c3=O)cc2)cc1,Egc,2.3618
1560,[*]c1ccc(Oc2ccc(-n3c(=O)c4cc5c(=O)n([*])c(=O)c5cc4c3=O)cc2)cc1,eib,0.573498663
1561,[*]c1ccc(Oc2ccc(-n3c(=O)c4cc5c(=O)n([*])c(=O)c5cc4c3=O)cc2Br)c(Br)c1,Egc,2.495
1562,[*]c1ccc(Oc2ccc(-n3c(=O)c4cc5c(=O)n([*])c(=O)c5cc4c3=O)cc2Br)c(Br)c1,eib,0.575816453
1563,[*]c1ccc(Oc2ccc(-n3c(=O)c4cc5c(=O)n([*])c(=O)c5cc4c3=O)cc2-c2ccccc2)cc1,Egc,2.2077
1564,[*]c1ccc(Oc2ccc(-n3c(=O)c4cc5c(=O)n(-c6ncc([*])s6)c(=O)c5cc4c3=O)cc2)cc1,Egc,1.8896
1565,[*]c1ccc(Oc2ccc(N3C(=O)c4ccc(C(=O)c5ccc6c(c5)C(=O)N(c5ncc([*])s5)C6=O)cc4C3=O)cc2)cc1,Egc,1.988
1566,[*]c1ccc(Oc2ccc(N3C(=O)c4ccc(S(=O)(=O)c5ccc6c(c5)C(=O)N([*])C6=O)cc4C3=O)cc2Br)c(Br)c1,Egc,2.6591
1567,[*]c1ccc(Oc2ccc(N3C(=O)c4cccc(Oc5cccc(Oc6cccc7c6C(=O)N([*])C7=O)c5)c4C3=O)cc2)cc1,Egc,3.034
1568,[*]c1ccc(Oc2ccc(N3C(=O)CC(Nc4ccc(Cc5ccc(NC6CC(=O)N([*])C6=O)cc5)cc4)C3=O)cc2)cc1,Egc,4.0115
1569,[*]c1ccc(Oc2ccc(N3C(=O)N([*])C3=O)cc2)cc1,Egc,4.4993
1570,[*]c1ccc(Oc2ccc(N3C(=O)N([*])C3=O)cc2)cc1,eib,2.800482135
1571,[*]c1ccc(Oc2ccc(Oc3ccc(-n4c(=O)c5cc6c(=O)n([*])c(=O)c6cc5c4=O)cc3)cc2)cc1,Egc,2.2398
1572,[*]c1ccc(Oc2ccc(Oc3ccc(-n4c(=O)c5cc6c(=O)n([*])c(=O)c6cc5c4=O)cc3)cc2C(C)(C)C)cc1,Egc,1.9571
1573,[*]c1ccc(Oc2ccc(Oc3ccc(-n4c(=O)c5cc6c(=O)n([*])c(=O)c6cc5c4=O)cc3)cc2C)cc1,Egc,2.4366
1574,[*]c1ccc(Oc2ccc(Oc3ccc(N4C(=O)C5CCC6C(=O)N([*])C(=O)C6C5C4=O)cc3)cc2)cc1,Egc,4.5586
1575,[*]c1ccc(Oc2ccc(Oc3ccc(N4C(=O)CC(=O)N([*])C4=S)cc3)cc2)cc1,Egc,3.1443
1576,[*]c1ccc(Oc2ccc(Oc3ccc(N4C(=O)CC(=O)N([*])C4=S)cc3)cc2)cc1,eib,2.944903078
1577,[*]c1ccc(Oc2ccc(P(=O)(c3ccccc3)c3ccc(Oc4ccc(-c5cc([*])[nH]n5)cc4)cc3)cc2)cc1,Egc,4.1464
1578,[*]c1ccc(Oc2ccc(S(=O)(=O)c3ccc(Oc4ccc(C5([*])OC(=O)c6ccccc65)cc4C)cc3)cc2)c(C)c1,Egc,4.1532
1579,[*]c1ccc(Oc2ccc(S(=O)(=O)c3ccc(Oc4ccc(-c5c6c(c([*])c7ccccc57)C(=O)N(C)C6=O)cc4)cc3)cc2)cc1,Egc,3.4309
1580,[*]c1ccc(Oc2ccc(S(=O)(=O)c3ccc(Oc4ccc(-c5c6c(c([*])c7ccccc57)C(=O)N(c5ccccc5)C6=O)cc4)cc3)cc2)cc1,Egc,3.4309
1581,[*]c1ccc(Oc2ccc3c(c2)C(=O)N([*])C3=O)cc1,Egc,3.4268
1582,[*]c1ccc(Oc2ccc3c(c2)C(=O)N([*])C3=O)cc1,eib,1.494064
1583,[*]c1ccc(Oc2ccc3ccc(Oc4ccc(-n5c(=O)c6cc7c(=O)n([*])c(=O)c7cc6c5=O)cc4)cc3c2)cc1,Egc,2.1084
1584,[*]c1ccc(Oc2cccc(-n3c(=O)c4cc5c(=O)n([*])c(=O)c5cc4c3=O)c2)cc1,Egc,2.5838
1585,[*]c1ccc(Oc2cccc(-n3c(=O)c4cc5c(=O)n([*])c(=O)c5cc4c3=O)c2)cc1,eib,0.616362458
1586,[*]c1ccc(Oc2cccc(Oc3ccc(-n4c(=O)c5cc6c(=O)n([*])c(=O)c6cc5c4=O)cc3)c2)cc1,Egc,2.4395
1587,[*]c1ccc(Oc2cccc(Oc3ccc(-n4c(=O)c5cc6c(=O)n([*])c(=O)c6cc5c4=O)cc3)c2)cc1,eib,0.664198126
1588,[*]c1ccc(Oc2cccc(Oc3ccc(-n4c(=O)c5cc6c(=O)n([*])c(=O)c6cc5c4=O)cc3)c2C#N)cc1,Egc,2.6618
1589,[*]c1ccc(Oc2cccc(Oc3ccc(N4C(=O)CC(=O)N([*])C4=S)cc3)c2)cc1,Egc,3.1165
1590,[*]c1ccc(Oc2cccc3c(Oc4ccc(-n5c(=O)c6cc7c(=O)n([*])c(=O)c7cc6c5=O)cc4)cccc23)cc1,Egc,2.0006
1591,[*]c1ccc(Oc2ccccc2-n2c(=O)c3cc4c(=O)n([*])c(=O)c4cc3c2=O)cc1,Egc,2.6756
1592,[*]c1ccc(Oc2ccccc2-n2c(=O)c3cc4c(=O)n([*])c(=O)c4cc3c2=O)cc1,eib,0.71368811
1593,[*]c1ccc(Oc2ccccc2Oc2ccc(-n3c(=O)c4cc5c(=O)n([*])c(=O)c5cc4c3=O)cc2)cc1,Egc,2.2739
1594,[*]c1ccc(OCC2CCC(COc3ccc(-n4c(=O)c5cc6c(=O)n([*])c(=O)c6cc5c4=O)cc3)CC2)cc1,Egc,2.3532
1595,[*]c1ccc(S([*])(=O)=O)cc1,Egc,3.8258
1596,[*]c1ccc(S([*])(=O)=O)cc1,eib,1.052577089
1597,[*]c1ccc(S(=O)(=O)c2ccc(-n3c(=O)c4cc5c(=O)n([*])c(=O)c5cc4c3=O)cc2)cc1,Egc,2.7268
1598,[*]c1ccc(S(=O)(=O)c2ccc(-n3c(=O)c4cc5c(=O)n([*])c(=O)c5cc4c3=O)cc2)cc1,eib,0.413481319
1599,[*]c1ccc(S(=O)(=O)c2ccc(N3C(=O)c4ccc(-c5ccc6c(c5)C(=O)N([*])C6=O)cc4C3=O)cc2)cc1,Egc,3.382
1600,[*]c1ccc(S(=O)(=O)c2ccc(N3C(=O)c4ccc(Oc5ccc(Oc6ccc7c(c6)C(=O)N([*])C7=O)cc5)cc4C3=O)cc2)cc1,Egc,3.2983
1601,[*]c1ccc(S(=O)(=O)c2ccc(-n3nc([*])c4ccccc4c3=O)cc2)cc1,Egc,3.8607
1602,[*]c1ccc(S(=O)(=O)c2ccc(-n3nc([*])c4ccccc4c3=O)cc2)cc1,eib,1.346805088
1603,[*]c1ccc(S(=O)(=O)c2ccc(-n3nc(-c4ccc(Oc5ccc(-c6nn([*])c(=O)c7ccccc67)cc5)cc4)c4ccccc4c3=O)cc2)cc1,Egc,3.5702
1604,[*]c1ccc(S(=O)(=O)c2ccc(-n3nc(-c4ccccc4)c4ccc(Oc5ccc6c(-c7ccccc7)nn([*])c(=O)c6c5)cc4c3=O)cc2)cc1,Egc,3.4797
1605,[*]c1ccc(S(=O)(=O)NCCCCCCNS([*])(=O)=O)cc1,Egc,4.9605
1606,[*]c1ccc(Sc2ccc(-c3nc4ccc(-c5ccc6nc([*])c(-c7ccccc7)nc6c5)cc4nc3-c3ccccc3)cc2)cc1,Egc,3.2954
1607,[*]c1ccc(Sc2ccc(-c3nn(-c4ccc(S(=O)(=O)c5ccc(-n6nc([*])c7ccccc7c6=O)cc5)cc4)c(=O)c4ccccc34)cc2)cc1,Egc,3.5259
1608,[*]c1ccc(Sc2ccc(-n3c(=O)c4cc5c(=O)n([*])c(=O)c5cc4c3=O)cc2)cc1,Egc,2.4894
1609,[*]c1ccc(Sc2ccc(-n3c(=O)c4cc5c(=O)n([*])c(=O)c5cc4c3=O)cc2)cc1,Egcr,2.3234
1610,[*]c1ccc(Sc2ccc(-n3c(=O)c4cc5c(=O)n([*])c(=O)c5cc4c3=O)cc2)cc1,eib,0.650740645
1611,[*]c1ccc(Sc2ccc(-n3c(=O)c4cc5c(=O)n([*])c(=O)c5cc4c3=O)cn2)nc1,Egc,2.4134
1612,[*]c1ccc(Sc2ccc(S([*])(=O)=O)cc2)cc1,Egc,3.9414
1613,[*]c1ccc(Sc2ccc(S([*])(=O)=O)cc2)cc1,eib,2.862160615
1614,[*]c1ccc(Sc2ccc(Sc3ccc(Sc4ccc(S([*])=O)cc4)cc3)cc2)cc1,Egc,4.2649
1615,[*]c1ccc(Sc2ccc(Sc3ccc(Sc4ccc(S([*])=O)cc4)cc3)cc2)cc1,eib,3.15793195
1616,[*]c1ccc(Sc2cccc(Sc3ccc(S([*])=O)cc3)c2)cc1,Egc,3.9082
1617,[*]c1ccc(SSc2ccc(-n3c(=O)c4cc5c(=O)n([*])c(=O)c5cc4c3=O)cc2)cc1,Egc,2.0072
1618,[*]c1ccc(SSc2ccc(-n3c(=O)c4cc5c(=O)n([*])c(=O)c5cc4c3=O)cc2)cc1,eib,0.7812958
1619,[*]C1CCC1[*],Egc,6.0558
1620,[*]C1CCC1[*],Egcr,6.5419
1621,[*]C1CCC1[*],eib,4.005295875
1622,[*]c1ccc2[nH]c([*])nc2c1,Egc,3.5433
1623,[*]c1ccc2[nH]c([*])nc2c1,eib,2.499673951
1624,[*]c1ccc2[nH]c3ccc([*])cc3c2c1,Egc,3.4191
1625,[*]c1ccc2[nH]c3ccc([*])cc3c2c1,eib,2.963766188
1626,[*]c1ccc2c([*])c(C)[nH]c2c1,Egc,3.833
1627,[*]c1ccc2c([*])c(-c3ccccc3)[nH]c2c1,Egc,3.424
1628,[*]c1ccc2c([*])c(-c3ccccc3)[nH]c2c1,eib,3.012532834
1629,[*]C1CCC2C([*])CCC12,Egc,6.7946
1630,[*]C1CCC2C([*])CCC12,eib,4.047422933
1631,[*]c1ccc2c(c1)C(=O)N(c1cc(N3C(=O)c4ccc(C([*])(C(F)(F)F)C(F)(F)F)cc4C3=O)c(O)cc1O)C2=O,Egc,2.6346
1632,[*]c1ccc2c(c1)C(=O)N(c1cc(N3C(=O)c4ccc(C([*])(C(F)(F)F)C(F)(F)F)cc4C3=O)c(O)cc1O)C2=O,eib,0.885394671
1633,[*]c1ccc2c(c1)C(=O)N(c1ccc(C(C)(C)C([*])(C(F)(F)F)C(F)(F)F)cc1)C2=O,Egc,3.3299
1634,[*]c1ccc2c(c1)C(=O)N(c1ccc(C(C)(C)C([*])(C(F)(F)F)C(F)(F)F)cc1)C2=O,eib,1.290733369
1635,[*]c1ccc2c(c1)C(=O)N(c1ccc(Oc3ccc(N4C(=O)c5ccc(C(F)(F)C(F)(F)C(F)(F)C(F)(F)C(F)(F)C(F)(F)C(F)(F)C([*])(F)F)cc5C4=O)cc3)cc1)C2=O,Egc,2.4961
1636,[*]c1ccc2c(c1)C(CC(CC)CCCC)(CC(CC)CCCC)c1cc([*])ccc1-2,Egc,3.9003
1637,[*]c1ccc2c(c1)C(CC(CC)CCCC)(CC(CC)CCCC)c1cc([*])ccc1-2,Egcr,2.85
1638,[*]c1ccc2c(c1)c1cc([*])ccc1n2C,Egc,3.3599
1639,[*]c1ccc2c(c1)c1cc([*])ccc1n2C,eib,2.880237699
1640,[*]c1ccc2c(c1)c1cc([*])ccc1n2C(=O)NO,Egc,3.8822
1641,[*]c1ccc2c(c1)c1cc([*])ccc1n2C(=O)NO,eib,2.506418391
1642,[*]c1ccc2c(c1)c1cc([*])ccc1n2C(=O)OCC,Egc,3.9429
1643,[*]c1ccc2c(c1)c1cc([*])ccc1n2C(=O)OCC,eib,2.859749504
1644,[*]c1ccc2c(c1)c1cc([*])ccc1n2C=C,Egc,3.4473
1645,[*]c1ccc2c(c1)c1cc([*])ccc1n2C=C,eib,2.83290522
1646,[*]c1ccc2c(c1)c1cc([*])ccc1n2-c1ccccc1,Egc,3.5708
1647,[*]c1ccc2c(c1)c1cc([*])ccc1n2-c1ccccc1,eib,3.164863742
1648,[*]c1ccc2c(c1)c1cc([*])ccc1n2CC,Egc,3.4388
1649,[*]c1ccc2c(c1)c1cc([*])ccc1n2CC,eib,3.18097253
1650,[*]c1ccc2c(c1)c1cc([*])ccc1n2CC(=O)NO,Egc,3.6799
1651,[*]c1ccc2c(c1)c1cc([*])ccc1n2CC(=O)NO,eib,3.299192943
1652,[*]c1ccc2c(c1)c1cc([*])ccc1n2CC(=O)OCC,Egc,3.6156
1653,[*]c1ccc2c(c1)c1cc([*])ccc1n2CC(=O)OCC,eib,2.997993342
1654,[*]c1ccc2c(c1)c1cc([*])ccc1n2CC1CO1,Egc,3.295
1655,[*]c1ccc2c(c1)c1cc([*])ccc1n2CCC(=O)NO,Egc,3.6128
1656,[*]c1ccc2c(c1)c1cc([*])ccc1n2CCC(=O)NO,eib,2.755480191
1657,[*]c1ccc2c(c1)c1cc([*])ccc1n2CCC(=O)OCC,Egc,3.6069
1658,[*]c1ccc2c(c1)c1ccccc1n2[*],Egc,3.8671
1659,[*]c1ccc2c(c1)c1ccccc1n2[*],eib,2.82839838
1660,[*]c1ccc2c(c1)Cc1cc([*])ccc1-2,Egc,3.3245
1661,[*]c1ccc2c(c1)Cc1cc([*])ccc1-2,eib,2.469110892
1662,[*]c1ccc2c(c1)Cc1cc(-n3c(=O)c4cc5c(=O)n([*])c(=O)c5cc4c3=O)ccc1-2,Egc,2.1465
1663,[*]c1ccc2c(c1)Cc1cc(-n3c(=O)c4cc5c(=O)n([*])c(=O)c5cc4c3=O)ccc1-2,eib,0.556208482
1664,[*]c1ccc2c(c1)Cc1cc(N3C(=O)c4ccc(-c5ccc6c(c5)C(=O)N([*])C6=O)cc4C3=O)ccc1-2,Egc,2.6653
1665,[*]c1ccc2c(c1)nc1c3cc4c(=O)n5c6cc([*])ccc6nc5c4cc3c(=O)n21,Egc,2.1402
1666,[*]c1ccc2c(c1)nc1c3cc4c(=O)n5c6cc([*])ccc6nc5c4cc3c(=O)n21,eib,0.630724085
1667,[*]c1ccc2c(c1)SC1(CCC3(CC1)Nc1ccc([*])cc1S3)N2,Egc,3.6692
1668,[*]c1ccc2c(c1)SC1(CCC3(CC1)Nc1ccc([*])cc1S3)N2,eib,3.246189695
1669,[*]c1ccc2cc([*])n(C(C(=O)NO)n3ccc4ccccc43)c2c1,Egc,3.9243
1670,[*]c1ccc2cc([*])n(C(C(=O)OCC)n3ccc4ccccc43)c2c1,Egc,4.0728
1671,[*]c1ccc2cc(-c3nc4cc5nc([*])[nH]c5cc4[nH]3)ccc2c1,Egc,3.1698
1672,[*]c1ccc2cc(-c3nc4cc5sc([*])nc5cc4s3)ccc2c1,Egc,3.1272
1673,[*]c1ccc2cc(-c3nc4cc5sc([*])nc5cc4s3)ccc2c1,eib,1.66671537
1674,[*]c1ccc2cc(N([*])c3ccccc3)ccc2c1,Egc,2.9513
1675,[*]c1ccc2cc(N([*])c3ccccc3)ccc2c1,eib,2.648700324
1676,[*]c1ccc2ccc([*])cc2c1,Egc,3.6133
1677,[*]c1ccc2ccc3c([*])cc(C#C)c4ccc1c2c34,Egc,2.4817
1678,[*]c1ccc2ccc3c([*])cc(C#C)c4ccc1c2c34,eib,1.554607357
1679,[*]c1ccc2ccc3c([*])cc(C#CC#C[Si](C)(C)C)c4ccc1c2c34,Egc,2.3122
1680,[*]c1ccc2ccc3c([*])cc(C#CC#C[Si](C)(C)C)c4ccc1c2c34,eib,1.436053404
1681,[*]c1ccc2ccc3c([*])cc(C#CC=C)c4ccc1c2c34,Egc,2.3431
1682,[*]c1ccc2ccc3c([*])cc(C#CC=C)c4ccc1c2c34,eib,1.562855786
1683,[*]c1ccc2nc([*])oc2c1,Egc,4.9545
1684,[*]c1ccc2nc([*])oc2c1,eib,2.689459548
1685,[*]c1ccc2nc([*])sc2c1,Egc,2.5619
1686,[*]c1ccc2nc([*])sc2c1,eib,1.340052174
1687,[*]c1ccc2nc3[nH]c4cc5[nH]c6nc7ccc([*])cc7nc6sc5cc4sc3nc2c1,Egc,2.4457
1688,[*]c1ccc2nc3[nH]c4cc5[nH]c6nc7ccc([*])cc7nc6sc5cc4sc3nc2c1,eib,2.688594685
1689,[*]c1ccc2nc3c4cccc5c6nc7ccc([*])cc7nc6c6cccc(c3nc2c1)c6c45,Egc,2.6823
1690,[*]c1ccc2nc3oc4cc5[nH]c6nc7ccc([*])cc7nc6oc5cc4[nH]c3nc2c1,Egc,2.6428
1691,[*]c1ccc2nc3oc4cc5[nH]c6nc7ccc([*])cc7nc6oc5cc4[nH]c3nc2c1,eib,2.000924151
1692,[*]c1ccc2oc([*])nc2c1,Egc,3.6359
1693,[*]c1ccc2oc([*])nc2c1,eib,1.996233075
1694,[*]c1cccc([*])c1,Egc,4.1523
1695,[*]c1cccc([*])c1,eib,2.689345519
1696,[*]c1cccc([*])c1N,Egc,3.9193
1697,[*]c1cccc([*])c1N,eib,3.146275365
1698,[*]c1cccc(C(=O)Nc2ccc(NC(=O)c3cccc(N4C(=O)c5ccc(-c6cccc7c6C(=O)N([*])C7=O)cc5C4=O)c3)cc2)c1,Egc,2.4291
1699,[*]c1cccc(C(c2cccc(-n3c(=O)c4cc5c(=O)n([*])c(=O)c5cc4c3=O)c2)(C(F)(F)F)C(F)(F)F)c1,Egc,3.2011
1700,[*]c1cccc(C(c2ccccc2)(c2cccc(N3C(=O)c4ccc(Oc5ccc6c(c5)C(=O)N([*])C6=O)cc4C3=O)c2)C(F)(F)F)c1,Egc,3.352
1701,[*]c1cccc(C(F)(F)C(F)(F)C([*])(F)F)c1,Egc,5.3429
1702,[*]c1cccc(C(F)(F)C(F)(F)C([*])(F)F)c1,eib,2.457469903
1703,[*]c1cccc(C(F)(F)C(F)(F)C(F)(F)c2cccc(N3C(=O)c4ccc(Oc5ccc6c(c5)C(=O)N([*])C6=O)cc4C3=O)c2)c1,Egc,3.3624
1704,[*]c1cccc(-c2cc([*])cc3c2NC(C)(C)OC3(C)C)c1,Egc,3.5944
1705,[*]c1cccc(-c2ccc(-c3ccc([*])s3)s2)c1,Egc,2.9264
1706,[*]c1cccc(-c2ccc(-c3ccc([*])s3)s2)c1,eib,2.039663384
1707,[*]c1cccc(-c2ccc(-c3ccc([*])s3)s2)n1,Egc,3.2272
1708,[*]c1cccc(-c2ccc(-c3ccc([*])s3)s2)n1,Egcr,2.0464
1709,[*]c1cccc(-c2ccc(-c3ccc([*])s3)s2)n1,eib,2.286891913
1710,[*]c1cccc(-c2nc3cc(-c4ccc5[nH]c([*])nc5c4)ccc3[nH]2)c1,Egc,3.4864
1711,[*]c1cccc(-c2nc3cc(-c4ccc5[nH]c([*])nc5c4)ccc3[nH]2)c1,eib,2.243013284
1712,[*]c1cccc(-c2nc3cc(-c4ccc5nc([*])c(-c6ccc7ccccc7c6)nc5c4)ccc3nc2-c2ccc3ccccc3c2)c1,Egc,3.0593
1713,[*]c1cccc(-c2nc3cc(-c4ccc5nc([*])c(-c6ccccc6)nc5c4)ccc3nc2-c2ccccc2)c1,Egc,3.3721
1714,[*]c1cccc(-c2nc3cc(-c4ccc5oc([*])nc5c4)ccc3o2)c1,Egc,3.4974
1715,[*]c1cccc(-c2nc3cc(-c4ccc5oc([*])nc5c4)ccc3o2)c1,eib,2.057255946
1716,[*]c1cccc(-c2nc3cc4nc([*])[nH]c4cc3[nH]2)c1,Egc,3.4806
1717,[*]c1cccc(-c2nc3cc4nc([*])[nH]c4cc3[nH]2)c1,eib,2.541958878
1718,[*]c1cccc(-c2nc3cc4nc([*])c(-c5ccccc5)nc4cc3nc2-c2ccccc2)c1,Egc,2.9601
1719,[*]c1cccc(-c2nc3cc4nc([*])c(-c5ccccc5)nc4cc3nc2-c2ccccc2)c1,Egcr,1.9959
1720,[*]c1cccc(-c2nc3cc4nc([*])c(-c5ccccc5)nc4cc3nc2-c2ccccc2)c1,eib,1.303101527
1721,[*]c1cccc(-c2nc3ccc(-c4ccc5nc([*])oc5c4)cc3o2)c1,Egc,3.2597
1722,[*]c1cccc(-c2nc3ccc(-c4ccc5nc([*])oc5c4)cc3o2)c1,eib,1.816096179
1723,[*]c1cccc(-c2nc3ccc(-c4ccc5nc([*])sc5c4)cc3s2)c1,Egc,3.3054
1724,[*]c1cccc(-c2nc3ccc(-c4ccc5nc([*])sc5c4)cc3s2)c1,eib,1.939780431
1725,[*]c1cccc(-c2nc3ccc(-c4ccc5oc([*])nc5c4)cc3o2)c1,Egc,3.597
1726,[*]c1cccc(-c2nc3ccc(-c4ccc5oc([*])nc5c4)cc3o2)c1,eib,2.119534945
1727,[*]c1cccc(-c2nnc([*])n2-c2ccccc2)c1,Egc,3.9408
1728,[*]c1cccc(-c2nnc([*])n2-c2ccccc2)c1,eib,2.22315246
1729,[*]c1cccc(-c2nnc([*])o2)c1,Egc,4.1089
1730,[*]c1cccc(-c2nnc([*])o2)c1,eib,1.908232988
1731,[*]c1cccc(-c2nnc(-c3cc(Cl)c(-c4nnc([*])o4)cc3Cl)o2)c1,Egc,3.3561
1732,[*]c1cccc(-c2nnc(-c3cccc(-c4nnc([*])o4)n3)o2)c1,Egc,3.7357
1733,[*]c1cccc(-c2nnc(-c3cccc(-c4nnc([*])o4)n3)o2)c1,eib,1.72553532
1734,[*]c1cccc(-c2nnc(-c3nnc([*])o3)o2)c1,Egc,4.4994
1735,[*]c1cccc(-c2nnc(-c3nnc([*])o3)o2)c1,eib,1.275656218
1736,[*]c1cccc(Cc2cccc(-n3c(=O)c4cc5c(=O)n([*])c(=O)c5cc4c3=O)c2)c1,Egc,2.593
1737,[*]c1cccc(N2C(=O)c3ccc(Oc4ccc(Oc5ccc(Oc6ccc7c(c6)C(=O)N([*])C7=O)cc5)cc4)cc3C2=O)c1,Egc,3.252
1738,[*]c1cccc(N2C(=O)c3ccc(P(=O)(c4ccccc4)c4ccc5c(c4)C(=O)N([*])C5=O)cc3C2=O)c1,Egc,3.1738
1739,[*]c1cccc(N2C(=O)c3ccc(P(=O)(c4ccccc4)c4ccc5c(c4)C(=O)N([*])C5=O)cc3C2=O)c1,eib,1.265054485
1740,[*]c1cccc(N2CC(=O)N([*])CC2=O)c1,Egc,5.0067
1741,[*]c1cccc(-n2nc(-c3ccccc3)c3cc(Oc4ccc5c(-c6ccccc6)nn([*])c(=O)c5c4)ccc3c2=O)c1C#N,Egc,3.5145
1742,[*]c1cccc(Oc2ccc(S(=O)(=O)c3ccc(Oc4cccc(N5C(=O)c6ccc(-c7ccc8c(c7)C(=O)N([*])C8=O)cc6C5=O)c4)cc3)cc2)c1,Egc,3.002
1743,[*]c1cccc(Oc2cccc(-n3c(=O)c4cc5c(=O)n([*])c(=O)c5cc4c3=O)c2)c1,Egc,2.5785
1744,[*]c1cccc(S(=O)(=O)c2cccc(-n3c(=O)c4cc5c(=O)n([*])c(=O)c5cc4c3=O)c2)c1,Egc,2.9994
1745,[*]c1cccc(S(=O)(=O)NCCCCCNS([*])(=O)=O)c1,Egc,5.1469
1746,[*]c1cccc(S(=O)(=O)NCCCNS([*])(=O)=O)c1,Egc,5.1952
1747,[*]c1cccc2c(-n3c(=O)c4cc5c(=O)n([*])c(=O)c5cc4c3=O)cccc12,Egc,2.6101
1748,[*]c1cccc2c(-n3c(=O)c4cc5c(=O)n([*])c(=O)c5cc4c3=O)cccc12,eib,0.583447171
1749,[*]C1CCOC1[*],Egc,5.9277
1750,[*]C1CCOC1[*],eib,3.965575415
1751,[*]c1cn([*])c2ccccc12,Egc,4.1596
1752,[*]c1cn([*])c2ccccc12,eib,3.27470275
1753,[*]c1cnc([*])c(C)c1,Egc,5.0872
1754,[*]c1cnc([*])c(C)c1,eib,2.988220312
1755,[*]c1cnc([*])s1,Egc,1.8622
1756,[*]c1cnc([*])s1,Egcr,1.7987
1757,[*]c1cnc([*])s1,eib,0.906465116
1758,[*]c1cncc(-c2nc3ccc(-c4ccc5nc([*])sc5c4)cc3s2)c1,Egc,3.2155
1759,[*]c1cncc(-c2nc3ccc(-c4ccc5nc([*])sc5c4)cc3s2)c1,eib,1.664586738
1760,[*]c1cncc(-c2nnc(-c3nnc([*])o3)o2)n1,Egc,3.7581
1761,[*]c1cncc(-c2nnc(-c3nnc([*])o3)o2)n1,eib,1.252693822
1762,[*]c1csc([*])c1,Egc,3.5004
1763,[*]c1csc([*])c1,eib,2.613198246
1764,[*]c1nc(C)nc(N([*])C)n1,Egc,4.3978
1765,[*]c1nc(C)nc(N([*])C)n1,eib,2.723807069
1766,[*]c1nc(C)nc(N([*])c2ccccc2)n1,Egc,4.5166
1767,[*]c1nc(C)nc(N([*])c2ccccc2)n1,eib,2.930863234
1768,[*]c1nc(C)nc(N(CCCCCCN([*])c2ccccc2)c2ccccc2)n1,Egc,4.0115
1769,[*]c1nc(C)nc(N(CCCCN([*])c2ccccc2)c2ccccc2)n1,Egc,3.6374
1770,[*]c1nc(-c2ccccc2)nc(N([*])C)n1,Egc,4.2928
1771,[*]c1nc(-c2ccccc2)nc(N([*])C)n1,eib,2.51184767
1772,[*]c1nc(-c2ccccc2)nc(N([*])c2ccccc2)n1,Egc,3.9647
1773,[*]c1nc(-c2ccccc2)nc(N([*])c2ccccc2)n1,eib,2.356919007
1774,[*]c1nc(-c2ccccc2)nc(N([*])CC)n1,Egc,4.0578
1775,[*]c1nc(-c2ccccc2)nc(N([*])CC)n1,eib,2.527203486
1776,[*]c1nc(CCCCCC)c(-c2sc([*])nc2CCCCCC)s1,Egc,1.8419
1777,[*]c1nc(CCCCCC)c(-c2sc([*])nc2CCCCCC)s1,eib,1.405501086
1778,[*]c1nc(Cl)nc(N([*])c2ccccc2)n1,Egc,4.493
1779,[*]c1nc(Cl)nc(N([*])c2ccccc2)n1,eib,2.208452837
1780,[*]c1nc(Cl)nc(N(c2ccccc2)c2nc(Nc3ccccc3)nc(N([*])c3ccccc3)n2)n1,Egc,3.6369
1781,[*]c1nc(Oc2ccccc2)nc(N([*])c2ccccc2)n1,Egc,4.5972
1782,[*]c1nc(Oc2ccccc2)nc(N([*])c2ccccc2)n1,eib,3.349666148
1783,[*]c1nc2c(n1C)C(=O)N([*])C2=O,Egc,4.02
1784,[*]c1nc2c(n1C)C(=O)N([*])C2=O,eib,1.516716875
1785,[*]c1nc2cc(S(=O)(=O)c3ccc4oc(C5CCC([*])CC5)nc4c3)ccc2o1,Egc,4.7439
1786,[*]c1nc2cc3nc(-c4ccc([*])o4)[nH]c3cc2[nH]1,Egc,2.2148
1787,[*]c1nc2cc3nc(-c4ccc([*])o4)[nH]c3cc2[nH]1,eib,1.958350123
1788,[*]c1nc2cc3sc(-c4cc(OCCCC)c([*])cc4OCCCC)nc3cc2s1,Egc,3.1128
1789,[*]c1nc2ccc(-c3ccc4nc(C5CC6(CC([*])C6)C5)oc4c3)cc2o1,Egc,3.9983
1790,[*]c1nc2ccc(-c3ccc4nc(C5CC6(CC([*])C6)C5)oc4c3)cc2o1,eib,3.23793934
1791,[*]c1nc2ccc(-c3ccc4nc(-c5cccc6cc7c([*])cccc7cc56)sc4c3)cc2s1,Egc,2.5701
1792,[*]c1nc2ccc(-c3ccc4nc(-c5cccc6cc7c([*])cccc7cc56)sc4c3)cc2s1,eib,1.919240392
1793,[*]c1ncc(-c2cnc([*])c(C)c2)cc1C,Egc,3.5147
1794,[*]c1ncc(-c2cnc([*])c(C)c2)cc1C,eib,1.873990679
1795,[*]c1nnc(C2CC3(CC([*])C3)C2)o1,Egc,5.8846
1796,[*]c1nnc(C2CC3(CC([*])C3)C2)o1,eib,3.828505167
1797,[*]c1nnc(C2CCCC([*])C2)o1,Egc,6.2323
1798,[*]c1nnc(C2CCCC([*])C2)o1,eib,4.209118264
1799,[*]C1OC(C(F)(F)F)(C(F)(F)F)OC1([*])F,Egc,7.8893
1800,[*]C1OC(C(F)(F)F)(C(F)(F)F)OC1([*])F,Egcr,8.0982
1801,[*]C1OC(C(F)(F)F)(C(F)(F)F)OC1([*])F,eib,4.087165822
1802,[*]C1OCOC(C([*])(F)F)C1(F)F,Egc,7.1866
1803,[*]C1OCOC(C([*])(F)F)C1(F)F,eib,4.513901572
1804,[*]c1sc([*])c([2H])c1[2H],Egc,1.5424
1805,[*]c1sc([*])c([2H])c1[2H],eib,1.573329143
1806,[*]c1sc([*])c(C)c1C,Egc,3.3114
1807,[*]c1sc([*])c(C)c1C,eib,2.962361592
1808,[*]c1sc([*])c(CCCCCCCC)c1C,Egc,2.8409
1809,[*]c1sc([*])c(CCCCCCCC)c1C,eib,2.851799138
1810,[*]c1sc([*])c(CCCCCCN(CC)c2ccc(N=Nc3ccc([N+](=O)[O-])cc3)cc2)c1CCCCCC,Egc,1.2631
1811,[*]c1sc([*])c(CCCCCCN(CC)c2ccccc2)c1CCCCCC,Egc,1.559
1812,[*]c1sc([*])c(CCCCCCN(CC)c2ccccc2)c1CCCCCC,eib,2.633326674
1813,[*]c1sc([*])c(OC)c1OC,Egc,4.1031
1814,[*]c1sc([*])c(OC)c1OC,eib,3.377031578
1815,[*]c1sc([*])c(OCCCC)c1C,Egc,2.1145
1816,[*]c1sc([*])c(OCCCC)c1C,eib,2.435485874
1817,[*]c1sc([*])c(OCCCC)c1OC,Egc,3.3038
1818,[*]c1sc([*])c(OCCCC)c1OC,eib,2.897601431
1819,[*]c1sc([*])c(OCCCC)c1OCCCC,Egc,1.381
1820,[*]c1sc([*])c(OCCCC)c1OCCCC,eib,2.337408598
1821,[*]c1sc([*])c(OCCCCCC)c1C,Egc,3.303
1822,[*]c1sc([*])c(OCCCCCC)c1C,eib,2.913390372
1823,[*]c1sc([*])c(OCCCCCCC)c1C,Egc,2.8389
1824,[*]c1sc([*])c(OCCCCCCC)c1C,eib,2.46919619
1825,[*]c1sc([*])c(OCCCCCCCC)c1C,Egc,3.8299
1826,[*]c1sc([*])c(OCCCCCCCC)c1C,eib,2.804610682
1827,[*]c1sc([*])c(OCCCCCCCCCCCCCCCC)c1C,Egc,3.7868
1828,[*]c1sc([*])c(OCCCCCCCCCCCCCCCC)c1C,eib,3.082835489
1829,[*]c1sc([*])c(OCCOCCCC)c1C,Egc,1.5443
1830,[*]c1sc([*])c(OCCOCCCC)c1C,eib,2.584633841
1831,[*]c1sc([*])c2c1OCC(CCCCCC)O2,Egc,2.9744
1832,[*]c1sc([*])c2c1OCC(CCCCCC)O2,eib,3.21775175
1833,[*]c1sc([*])c2c1OCC(CCCCCCCCCCCC)O2,Egc,1.5289
1834,[*]c1sc([*])c2c1OCC(CCCCS(=O)(=O)O)O2,Egc,1.7125
1835,[*]c1sc([*])c2c1OCCO2,Egc,1.338
1836,[*]c1sc([*])c2c1OCCO2,eib,2.437104549
1837,[*]c1sc([*])c2ccccc12,Egc,1.2499
1838,[*]c1sc([*])c2ccccc12,eib,1.533654905
1839,[*]c1sc([*])c2nc(C)c(C)nc12,Egc,2.7872
1840,[*]c1sc([*])c2nc(C)c(C)nc12,eib,1.922155945
1841,[*]c1sc([*])c2nc(-c3ccccc3)c(C)nc12,Egc,2.4458
1842,[*]c1sc([*])c2nc(-c3ccccc3)c(C)nc12,eib,2.24266028
1843,[*]c1sc([*])c2nc(-c3ccccc3)c(CC)nc12,Egc,2.7281
1844,[*]c1sc([*])c2nc(-c3ccccc3)c(CC)nc12,eib,1.903445461
1845,[*]c1sc([*])c2nc(-c3ccccc3)c(CCCCCCC)nc12,Egc,0.834
1846,[*]c1sc([*])c2nc(-c3ccccc3)c(CCCCCCC)nc12,eib,1.850130308
1847,[*]c1sc([*])c2nc(CC)c(CC)nc12,Egc,2.5623
1848,[*]c1sc([*])c2nc(CC)c(CC)nc12,eib,2.143528233
1849,[*]c1sc([*])c2nc(CCCCCC)c(CCCCCC)nc12,Egc,0.8923
1850,[*]c1sc([*])c2nc(CCCCCCCCCCC)c(CCCCCCCCCCC)nc12,Egc,0.9973
1851,[*]c1sc([*])c2sc(CCCCCCCCC)nc12,Egc,3.4078
1852,[*]c1sc([*])c2sc(CCCCCCCCC)nc12,eib,2.444793412
1853,[*]c1sc(-c2cc(CCCCCC)c([*])s2)cc1CCCCCC,Egc,1.5552
1854,[*]c1sc(-c2cc(CCCCCC)c([*])s2)cc1CCCCCC,eib,1.885302316
1855,[*]c1sc(-c2cc(CCCCCCCCCC)c([*])s2)cc1CCCCCCCCCC,Egc,1.4512
1856,[*]c1sc(-c2cc(CCCCCCCCCC)c([*])s2)cc1CCCCCCCCCC,eib,2.008233826
1857,[*]c1sc(-c2cc(OCCCCC)c([*])s2)cc1OCCCCC,Egc,1.1386
1858,[*]c1sc(-c2cc(OCCCCC)c([*])s2)cc1OCCCCC,eib,2.100110995
1859,[*]c1sc(-c2cc(SCC(C)CC)c([*])s2)cc1SCC(C)CC,Egc,1.5342
1860,[*]c1sc(-c2cc(SCC(C)CC)c([*])s2)cc1SCC(C)CC,eib,1.68205404
1861,[*]c1sc(-c2sc(-c3sc([*])c4nccnc34)c3c2OC(CCCCCC)CO3)c2c1OCC(CCCCCC)O2,Egc,1.2188
1862,[*]c1sc(-c2sc(-c3sc([*])c4nccnc34)c3c2OCCO3)c2c1OCCO2,Egc,1.021
1863,[*]c2cccc(NC(=O)CCCCC(=O)Nc1ccc(S([*])(=O)=O)cc1)c2,Egc,4.4211
1864,[*]c4ccc(C3Nc2cc1NC([*])Oc1cc2O3)cc4,Egc,3.2133
1865,[*]c4ccc(C3Nc2cc1NC([*])Oc1cc2O3)cc4,eib,6.703430267
1866,[*]c9ccc(C8(c5ccc(n4c(=O)c3ccc(C(=O)c2ccc1c(=O)n([*])c(=O)c1c2)cc3c4=O)cc5)c6ccccc6c7ccccc78)cc9,Egc,2.4881
1867,[*]CC#CC#CCOC(=O)CCC(=O)O[*],Egc,4.7928
1868,[*]CC#CC#CCOC(=O)CCC(=O)O[*],eib,2.498749797
1869,[*]CC#CC#CCOC(=O)CCCCC(=O)O[*],Egc,4.9115
1870,[*]CC#CC#CCOC(=O)Nc1ccc(Cc2ccc(NC(=O)O[*])cc2)cc1,Egc,3.928
1871,[*]CC#CC#CCOC(=O)NCCCCCCNC(=O)O[*],Egc,4.966
1872,[*]CC#CC#CCOc1ccc(C(C)(C)c2ccc(O[*])cc2)cc1,Egc,4.3802
1873,[*]CC#CC#CCOc1ccc(-c2ccc(O[*])cc2)cc1,Egc,3.8876
1874,[*]CC#CCOC(=O)CCC(=O)O[*],Egc,5.9288
1875,[*]CC#CCOC(=O)CCCCC(=O)O[*],Egc,6.3146
1876,[*]CC#CCOC(=O)CCCCCCC(=O)O[*],Egc,6.125
1877,[*]CC#CCOC(=O)CCCCCCCCC(=O)O[*],Egc,6.1332
1878,[*]CC#CCOC(=O)CCCCCCCCCCC(=O)O[*],Egc,6.4691
1879,[*]CC#CCOC(=O)NCCCCCCNC(=O)O[*],Egc,6.1466
1880,[*]CC#CCOC(=O)NCCCCCCNC(=O)O[*],eib,3.638699074
1881,[*]CC([*])(Br)Br,Egc,4.9377
1882,[*]CC([*])(Br)Br,Egcr,4.6615
1883,[*]CC([*])(Br)Br,eib,2.335650934
1884,[*]CC([*])(C#N)C(=O)OC,Egc,6.627
1885,[*]CC([*])(C#N)C(=O)OC,eib,3.115882216
1886,[*]CC([*])(C#N)C(=O)OC(C)C,Egc,6.4652
1887,[*]CC([*])(C#N)C(=O)OC(C)C,Egcr,5.8301
1888,[*]CC([*])(C#N)C(=O)OCC,Egc,6.5116
1889,[*]CC([*])(C#N)C(=O)OCC,Egcr,6.1989
1890,[*]CC([*])(C#N)C(=O)OCC(C)C,Egc,6.6657
1891,[*]CC([*])(C#N)C(=O)OCC(C)C,eib,3.408834175
1892,[*]CC([*])(C#N)C(=O)OCCCCCCC,Egc,6.3228
1893,[*]CC([*])(C)C#N,Egc,7.6507
1894,[*]CC([*])(C)C#N,Egcr,7.1863
1895,[*]CC([*])(C)C#N,eib,3.789825812
1896,[*]CC([*])(C)C(=O)Nc1cccc(-c2nnc(-c3ccccc3)o2)c1,Egc,3.4128
1897,[*]CC([*])(C)C(=O)NCCC,Egc,5.8684
1898,[*]CC([*])(C)C(=O)OC(C(F)(F)F)C(F)(F)F,Egc,6.0249
1899,[*]CC([*])(C)C(=O)OC(C(F)(F)F)C(F)(F)F,Egcr,5.3218
1900,[*]CC([*])(C)C(=O)OC(C(F)(F)F)C(F)(F)F,eib,2.575495691
1901,[*]CC([*])(C)C(=O)OC(CC)OCC,Egc,6.2807
1902,[*]CC([*])(C)C(=O)OC(F)(C(F)(F)F)C(F)(F)F,Egc,6.1224
1903,[*]CC([*])(C)C(=O)OC(F)(C(F)(F)F)C(F)(F)F,Egcr,6.1125
1904,[*]CC([*])(C)C(=O)OC(F)(C(F)(F)F)C(F)(F)F,eib,2.920501628
1905,[*]CC([*])(C)C(=O)OC1(C)CCOC(=O)C1,Egc,5.9519
1906,[*]CC([*])(C)C(=O)OC1(C)CCOC(=O)C1,Egcr,5.9976
1907,[*]CC([*])(C)C(=O)Oc1ccc(C(=O)C=Cc2ccc(Cl)cc2)cc1,Egc,2.9217
1908,[*]CC([*])(C)C(=O)Oc1ccc(N=Nc2ccc(C#N)cc2)cc1,Egc,2.5467
1909,[*]CC([*])(C)C(=O)Oc1ccc2ccccc2c1,Egc,3.5795
1910,[*]CC([*])(C)C(=O)Oc1ccc2ccccc2c1,eib,3.503628545
1911,[*]CC([*])(C)C(=O)Oc1ccccc1,Egc,5.344
1912,[*]CC([*])(C)C(=O)Oc1ccccc1,Egcr,4.8118
1913,[*]CC([*])(C)C(=O)Oc1ccccc1,eib,3.970261242
1914,[*]CC([*])(C)C(=O)Oc1ccccc1[N+](=O)[O-],Egc,3.1276
1915,[*]CC([*])(C)C(=O)Oc1ccccc1[N+](=O)[O-],eib,2.471322342
1916,[*]CC([*])(C)C(=O)OCC,Egc,6.4221
1917,[*]CC([*])(C)C(=O)OCC,Egcr,6.2424
1918,[*]CC([*])(C)C(=O)OCC(=O)N1CCCC1,Egc,5.1568
1919,[*]CC([*])(C)C(=O)OCC(=O)N1CCCC1,Egcr,5.3385
1920,[*]CC([*])(C)C(=O)OCC(=O)N1CCOCC1,Egc,5.178
1921,[*]CC([*])(C)C(=O)OCC(F)(F)C(F)(F)C(F)(F)C(F)F,Egc,6.2894
1922,[*]CC([*])(C)C(=O)OCC(F)(F)C(F)(F)C(F)(F)C(F)F,eib,3.88078536
1923,[*]CC([*])(C)C(=O)OCC(F)(F)C(F)F,Egc,6.2786
1924,[*]CC([*])(C)C(=O)OCC(F)(F)C(F)F,Egcr,5.3983
1925,[*]CC([*])(C)C(=O)OCC(F)(F)F,Egc,6.6593
1926,[*]CC([*])(C)C(=O)OCC(F)(F)F,Egcr,6.3398
1927,[*]CC([*])(C)C(=O)OCc1ccc(Cl)cc1,Egc,4.9171
1928,[*]CC([*])(C)C(=O)OCc1ccc(Cl)cc1,eib,3.788747091
1929,[*]CC([*])(C)C(=O)OCc1ccc(Cl)cc1Cl,Egc,4.8769
1930,[*]CC([*])(C)C(=O)OCc1ccc(Cl)cc1Cl,eib,3.516184148
1931,[*]CC([*])(C)C(=O)OCc1ccc2c(c1)c1ccccc1n2CC,Egc,3.4577
1932,[*]CC([*])(C)C(=O)OCC1CCCO1,Egc,5.7341
1933,[*]CC([*])(C)C(=O)OCc1cccs1,Egc,4.9814
1934,[*]CC([*])(C)C(=O)OCc1cccs1,eib,3.805972005
1935,[*]CC([*])(C)C(=O)OCCBr,Egc,5.7827
1936,[*]CC([*])(C)C(=O)OCCBr,eib,3.846658474
1937,[*]CC([*])(C)C(=O)OCCC#N,Egc,6.2488
1938,[*]CC([*])(C)C(=O)OCCC#N,Egcr,6.2508
1939,[*]CC([*])(C)C(=O)OCCc1ccccc1,Egc,5.6532
1940,[*]CC([*])(C)C(=O)OCCC1CCCCC1,Egc,6.4739
1941,[*]CC([*])(C)C(=O)OCCc1ccccc1,Egcr,4.9946
1942,[*]CC([*])(C)C(=O)OCCC1CCCCC1,Egcr,6.5993
1943,[*]CC([*])(C)C(=O)OCCc1ccccc1,eib,4.309645151
1944,[*]CC([*])(C)C(=O)OCCCCCC,Egc,6.4612
1945,[*]CC([*])(C)C(=O)OCCCCCn1c2ccccc2c2ccccc21,Egc,3.7599
1946,[*]CC([*])(C)C(=O)OCCCCn1c2ccccc2c2ccccc21,Egc,3.7221
1947,[*]CC([*])(C)C(=O)OCCO,Egc,6.5304
1948,[*]CC([*])(C)C(=O)OCCOC(=O)CCn1ccnc1,Egc,4.6062
1949,[*]CC([*])(C)C(=O)OCCOCC,Egc,6.3843
1950,[*]CC([*])(C)C(=O)OCCOCC,Egcr,5.9514
1951,[*]CC([*])(C)c1ncncn1,Egc,4.6164
1952,[*]CC([*])(C)c1ncncn1,eib,2.270612254
1953,[*]CC([*])(CC(=O)O)C(=O)O,Egc,5.9408
1954,[*]CC([*])(CC(=O)O)C(=O)O,eib,2.7623631
1955,[*]CC([*])(CF)C(=O)OC,Egc,6.6709
1956,[*]CC([*])(CF)C(=O)OC,eib,3.840973709
1957,[*]CC([*])(Cl)C#N,Egc,6.3216
1958,[*]CC([*])(Cl)C#N,Egcr,5.8652
1959,[*]CC([*])(Cl)C#N,eib,2.001272298
1960,[*]CC([*])(Cl)C(=O)OC,Egc,5.6127
1961,[*]CC([*])(Cl)C(=O)OC,eib,2.917172672
1962,[*]CC([*])(Cl)C(=O)OC(C)C,Egc,6.3507
1963,[*]CC([*])(Cl)C(=O)OC(C)C,eib,3.895114423
1964,[*]CC([*])(Cl)C(=O)OCC,Egc,5.9476
1965,[*]CC([*])(Cl)C(=O)OCC,eib,3.420682729
1966,[*]CC([*])(Cl)Cl,Egc,5.2835
1967,[*]CC([*])(Cl)Cl,eib,3.066791885
1968,[*]CC([*])(CO)C(=O)OCC,Egc,5.919
1969,[*]CC([*])(F)C#N,Egc,7.624
1970,[*]CC([*])(F)C#N,Egcr,7.0615
1971,[*]CC([*])(F)C#N,eib,2.498908263
1972,[*]CC([*])(F)C(=O)OC,Egc,6.7927
1973,[*]CC([*])(F)C(=O)OC,eib,3.800515807
1974,[*]CC([*])(F)C(=O)OCC,Egc,6.5652
1975,[*]CC([*])(F)C(=O)OCC,eib,4.018947054
1976,[*]CC([*])(F)C(=O)OCC(Cl)(Cl)Cl,Egc,5.9339
1977,[*]CC([*])(F)C(=O)OCC(Cl)(Cl)Cl,eib,3.171654496
1978,[*]CC([*])(F)C(=O)OCC(F)(F)C(F)(F)C(F)(F)C(F)(F)C(F)(F)C(F)(F)C(F)(F)C(F)(F)F,Egc,6.3664
1979,[*]CC([*])(F)C(=O)OCC(F)(F)C(F)(F)C(F)(F)C(F)(F)C(F)(F)C(F)(F)C(F)(F)C(F)(F)F,eib,4.085521796
1980,[*]CC([*])(F)C(=O)OCC(F)(F)C(F)(F)C(F)(F)C(F)(F)C(F)(F)C(F)F,Egc,6.3722
1981,[*]CC([*])(F)C(=O)OCC(F)(F)C(F)(F)C(F)(F)C(F)(F)C(F)(F)C(F)F,eib,5.031040117
1982,[*]CC([*])(F)C(=O)OCC(F)(F)C(F)(F)C(F)(F)C(F)F,Egc,6.3444
1983,[*]CC([*])(F)C(=O)OCC(F)(F)C(F)(F)C(F)(F)C(F)F,eib,3.261896947
1984,[*]CC([*])(F)C(=O)OCC(F)(F)C(F)(F)C(F)(F)F,Egc,6.6812
1985,[*]CC([*])(F)C(=O)OCC(F)(F)C(F)(F)C(F)(F)F,Egcr,6.2862
1986,[*]CC([*])(F)C(=O)OCC(F)(F)C(F)(F)C(F)(F)F,eib,3.000495623
1987,[*]CC([*])(F)C(=O)OCC(F)(F)C(F)(F)F,Egc,6.4082
1988,[*]CC([*])(F)C(=O)OCC(F)(F)C(F)(F)F,eib,2.91278379
1989,[*]CC([*])(F)C(=O)OCC(F)(F)C(F)F,Egc,6.7718
1990,[*]CC([*])(F)C(=O)OCC(F)(F)C(F)F,eib,4.034452629
1991,[*]CC([*])(F)C(=O)OCC(F)(F)F,Egc,6.5706
1992,[*]CC([*])(F)C(=O)OCC(F)(F)F,eib,3.059726827
1993,[*]CC([*])(F)C(=O)OCCC,Egc,6.4088
1994,[*]CC([*])(F)C(=O)OCCC,eib,3.656263707
1995,[*]CC([*])(F)C(=O)OCCC(F)(F)C(F)(F)C(F)(F)C(F)(F)C(F)(F)C(F)(F)C(F)(F)C(F)(F)F,Egc,6.2233
1996,[*]CC([*])(F)C(=O)OCCC(F)(F)C(F)(F)C(F)(F)C(F)(F)C(F)(F)C(F)(F)C(F)(F)C(F)(F)F,Egcr,5.7714
1997,[*]CC([*])(F)C(=O)OCCC(F)(F)C(F)(F)C(F)(F)C(F)(F)C(F)(F)C(F)(F)C(F)(F)C(F)(F)F,eib,3.755117625
1998,[*]CC([*])(F)C(=O)OCCC(F)(F)C(F)(F)C(F)(F)C(F)(F)C(F)(F)C(F)(F)F,Egc,6.3843
1999,[*]CC([*])(F)C(=O)OCCC(F)(F)C(F)(F)C(F)(F)C(F)(F)C(F)(F)C(F)(F)F,eib,3.515044651
2000,[*]CC([*])(F)C(=O)OCCC(F)(F)C(F)(F)C(F)(F)C(F)(F)F,Egc,6.464
2001,[*]CC([*])(F)C(=O)OCCC(F)(F)C(F)(F)C(F)(F)C(F)(F)F,eib,3.348506199
2002,[*]CC([*])(F)C(C)=O,Egc,4.5671
2003,[*]CC([*])(F)C(C)=O,eib,2.839275139
2004,[*]CC([*])(F)C(F)(F)F,Egc,8.7581
2005,[*]CC([*])(F)C(F)(F)F,eib,4.198460615
2006,[*]CC([*])(F)Cl,Egc,6.2778
2007,[*]CC([*])(F)Cl,eib,3.331418288
2008,[*]CC([*])(F)F,Egc,7.2321
2009,[*]CC([*])(F)F,eib,3.29896179
2010,[*]CC([*])=C,Egc,5.3561
2011,[*]CC([*])=C,eib,3.600661035
2012,[*]CC([*])Br,Egc,5.7722
2013,[*]CC([*])Br,eib,3.280738256
2014,[*]CC([*])C,Egc,6.4609
2015,[*]CC([*])C#N,Egc,7.7739
2016,[*]CC([*])C#N,Egcr,7.4435
2017,[*]CC([*])C#N,eib,2.895271077
2018,[*]CC([*])C(=O)C(C)(C)C,Egc,5.3161
2019,[*]CC([*])C(=O)C(C)(C)C,Egcr,5.2414
2020,[*]CC([*])C(=O)C(C)(C)C,eib,3.590445034
2021,[*]CC([*])C(=O)c1ccc(Br)c(OC)c1,Egc,3.6104
2022,[*]CC([*])C(=O)c1ccc(Br)c(OC)c1,eib,2.847673724
2023,[*]CC([*])C(=O)c1ccc(Br)cc1,Egc,3.2553
2024,[*]CC([*])C(=O)c1ccc(Br)cc1,eib,1.92374774
2025,[*]CC([*])C(=O)c1ccc(C(C)(C)C)cc1,Egc,4.1556
2026,[*]CC([*])C(=O)c1ccc(C(C)(C)C)cc1,eib,3.109414625
2027,[*]CC([*])C(=O)c1ccc(CC)cc1,Egc,4.2696
2028,[*]CC([*])C(=O)c1ccc(CC)cc1,Egcr,3.9853
2029,[*]CC([*])C(=O)c1ccc(CC)cc1,eib,3.1862465
2030,[*]CC([*])C(=O)c1ccccc1O,Egc,1.6926
2031,[*]CC([*])C(=O)c1ccccc1O,eib,1.636129177
2032,[*]CC([*])C(=O)CC,Egc,5.4461
2033,[*]CC([*])C(=O)CC,eib,3.368431198
2034,[*]CC([*])C(=O)N(C)C,Egc,5.0126
2035,[*]CC([*])C(=O)N(C)CC,Egc,5.1362
2036,[*]CC([*])C(=O)N(CCC)CCC,Egc,5.3291
2037,[*]CC([*])C(=O)N(O)c1ccc(C)cc1,Egc,4.2901
2038,[*]CC([*])C(=O)N(O)c1ccc(C)cc1,eib,3.748840144
2039,[*]CC([*])C(=O)N(O)c1ccc(Cl)cc1,Egc,4.0529
2040,[*]CC([*])C(=O)N(O)c1ccc(Cl)cc1,eib,3.527136289
2041,[*]CC([*])C(=O)N(O)c1cccc(C)c1,Egc,4.1162
2042,[*]CC([*])C(=O)N(O)c1cccc(C)c1,eib,3.941363463
2043,[*]CC([*])C(=O)N1CCOCC1,Egc,5.4243
2044,[*]CC([*])C(=O)n1sc2ccccc2c1=O,Egc,1.2332
2045,[*]CC([*])C(=O)n1sc2ccccc2c1=O,eib,2.704341472
2046,[*]CC([*])C(=O)NC,Egc,5.5048
2047,[*]CC([*])C(=O)NC,eib,3.785388519
2048,[*]CC([*])C(=O)NC(C)=O,Egc,5.0258
2049,[*]CC([*])C(=O)Nc1ccc2c(c1)C(=O)c1ccccc1C2=O,Egc,2.8993
2050,[*]CC([*])C(=O)Nc1ccc2c(c1)C(=O)c1ccccc1C2=O,eib,2.144227707
2051,[*]CC([*])C(=O)Nc1ccccc1Cl,Egc,4.7629
2052,[*]CC([*])C(=O)Nc1ccccc1Cl,Egcr,4.2427
2053,[*]CC([*])C(=O)NCC,Egc,5.1826
2054,[*]CC([*])C(=O)NCC(F)(F)C(F)(F)C(F)(F)F,Egc,5.6849
2055,[*]CC([*])C(=O)NCC(F)(F)F,Egc,6.2603
2056,[*]CC([*])C(=O)NCCC,Egc,5.8667
2057,[*]CC([*])C(=O)NCCC,Egcr,6.5449
2058,[*]CC([*])C(=O)NCCC(F)(F)C(F)(F)C(F)(F)C(F)(F)C(F)(F)C(F)(F)C(F)(F)C(F)(F)F,Egc,5.522
2059,[*]CC([*])C(=O)NCCc1ccccn1,Egc,4.3946
2060,[*]CC([*])C(=O)NCCCC,Egc,5.6336
2061,[*]CC([*])C(=O)NCCO,Egc,4.7977
2062,[*]CC([*])C(=O)NCCO,Egcr,5.7124
2063,[*]CC([*])C(=O)NCO,Egc,6.1073
2064,[*]CC([*])C(=O)NCO,eib,3.76419148
2065,[*]CC([*])C(=O)O,Egc,6.7294
2066,[*]CC([*])C(=O)O,Egcr,6.1071
2067,[*]CC([*])C(=O)O,eib,3.529905669
2068,[*]CC([*])C(=O)OC(C)C,Egc,6.4617
2069,[*]CC([*])C(=O)OC(C)C,Egcr,6.455
2070,[*]CC([*])C(=O)OC(C)CC(C)C,Egc,6.3188
2071,[*]CC([*])C(=O)OC(CC)CC,Egc,6.5156
2072,[*]CC([*])C(=O)OC(CC)CC,Egcr,6.2722
2073,[*]CC([*])C(=O)OC(F)(F)C(F)(F)C(F)(F)C(F)(F)C(F)(F)C(F)(F)C(F)(F)C(F)(F)F,Egc,6.5889
2074,[*]CC([*])C(=O)OC(OCC)C(F)(F)F,Egc,6.3587
2075,[*]CC([*])C(=O)Oc1ccc([N+](=O)[O-])cc1,Egc,3.8697
2076,[*]CC([*])C(=O)Oc1ccc([N+](=O)[O-])cc1,eib,1.46192007
2077,[*]CC([*])C(=O)Oc1ccc(C#N)cc1,Egc,4.5584
2078,[*]CC([*])C(=O)Oc1ccc(C#N)cc1,eib,2.96279729
2079,[*]CC([*])C(=O)Oc1ccc(C(C)=NNC(N)=O)c(O)c1,Egc,3.6684
2080,[*]CC([*])C(=O)Oc1ccc(Cl)c(C)c1,Egc,4.6591
2081,[*]CC([*])C(=O)Oc1ccc(Cl)c(C)c1,eib,4.263282469
2082,[*]CC([*])C(=O)Oc1ccc(Cl)cc1,Egc,2.7059
2083,[*]CC([*])C(=O)Oc1ccc(Cl)cc1,eib,3.5111881
2084,[*]CC([*])C(=O)Oc1ccc(OC)cc1,Egc,4.4785
2085,[*]CC([*])C(=O)Oc1ccc(OC)cc1,eib,3.387780652
2086,[*]CC([*])C(=O)Oc1cccc(C)c1,Egc,4.8157
2087,[*]CC([*])C(=O)Oc1cccc(C)c1,eib,3.382767006
2088,[*]CC([*])C(=O)OCC,Egc,6.214
2089,[*]CC([*])C(=O)OCC,Egcr,6.7935
2090,[*]CC([*])C(=O)OCC(C)C,Egc,6.1213
2091,[*]CC([*])C(=O)OCC(F)(F)C(F)(F)C(F)(F)C(F)(F)C(F)(F)C(F)(F)C(F)(F)F,Egc,6.2707
2092,[*]CC([*])C(=O)OCC(F)(F)C(F)(F)C(F)(F)C(F)(F)C(F)(F)C(F)(F)C(F)(F)F,Egcr,5.7185
2093,[*]CC([*])C(=O)OCC(F)(F)C(F)(F)C(F)(F)C(F)(F)C(F)(F)C(F)(F)C(F)(F)F,eib,3.829325647
2094,[*]CC([*])C(=O)OCC(F)(F)C(F)(F)C(F)(F)C(F)(F)F,Egc,6.2702
2095,[*]CC([*])C(=O)OCC(F)(F)C(F)(F)C(F)(F)C(F)(F)F,Egcr,6.4578
2096,[*]CC([*])C(=O)OCC(F)(F)C(F)(F)C(F)(F)C(F)(F)F,eib,4.126137361
2097,[*]CC([*])C(=O)OCC(F)(F)C(F)(F)C(F)(F)F,Egc,6.6215
2098,[*]CC([*])C(=O)OCC(F)(F)C(F)(F)C(F)(F)F,eib,3.798582239
2099,[*]CC([*])C(=O)OCC(F)(F)C(F)(F)OC(F)(F)C(F)(F)C(F)(F)C(F)(F)F,Egc,6.7568
2100,[*]CC([*])C(=O)OCC(F)(F)C(F)(F)OC(F)(F)C(F)(F)C(F)(F)C(F)(F)F,Egcr,6.0236
2101,[*]CC([*])C(=O)OCC(F)(F)C(F)(F)OC(F)(F)F,Egc,6.3632
2102,[*]CC([*])C(=O)OCC(F)(F)C(F)(F)OC(F)(F)F,eib,3.694099228
2103,[*]CC([*])C(=O)OCC(F)(F)C(F)C(F)(F)F,Egc,6.7714
2104,[*]CC([*])C(=O)OCC(F)(F)F,Egc,6.6246
2105,[*]CC([*])C(=O)OCC(F)(F)F,Egcr,6.7224
2106,[*]CC([*])C(=O)OCC=C,Egc,6.0639
2107,[*]CC([*])C(=O)OCC=C,eib,3.597512951
2108,[*]CC([*])C(=O)OCCC#N,Egc,6.377
2109,[*]CC([*])C(=O)OCCC(C)OC,Egc,6.0444
2110,[*]CC([*])C(=O)OCCCCC,Egc,6.2698
2111,[*]CC([*])C(=O)OCCCCCCC,Egc,6.4578
2112,[*]CC([*])C(=O)OCCCCCCCCCCCCCC,Egc,6.4613
2113,[*]CC([*])C(=O)OCCCCCCSCC#N,Egc,5.0954
2114,[*]CC([*])C(=O)OCCCCSC,Egc,4.7854
2115,[*]CC([*])C(=O)OCCCCSC,Egcr,5.1007
2116,[*]CC([*])C(=O)OCCCOC,Egc,5.8022
2117,[*]CC([*])C(=O)OCCCOc1ccc(-c2ccc(C#N)cc2)cc1,Egc,3.1806
2118,[*]CC([*])C(=O)OCCCOCC,Egc,5.7142
2119,[*]CC([*])C(=O)OCCCSCC,Egc,4.6018
2120,[*]CC([*])C(=O)OCCCSCC,Egcr,5.1212
2121,[*]CC([*])C(=O)OCCCSCCC#N,Egc,5.3732
2122,[*]CC([*])C(=O)OCCO,Egc,6.4938
2123,[*]CC([*])C(=O)OCCOC(=O)c1cc([N+](=O)[O-])cc([N+](=O)[O-])c1,Egc,3.9042
2124,[*]CC([*])C(=O)OCCOC(=O)c1cc([N+](=O)[O-])cc([N+](=O)[O-])c1,eib,0.62574266
2125,[*]CC([*])C(=O)OCCOC(F)(F)C(F)F,Egc,6.6828
2126,[*]CC([*])C(=O)OCCOCC1(CC)COC1,Egc,5.6568
2127,[*]CC([*])C(=O)OCCOCCOC,Egc,5.8186
2128,[*]CC([*])C(=O)OCCSCC,Egc,4.7676
2129,[*]CC([*])C(=O)OCCSCC#N,Egc,5.2325
2130,[*]CC([*])C(=O)OCCSCCC#N,Egc,5.1842
2131,[*]CC([*])C(=O)OCF,Egc,6.6724
2132,[*]CC([*])C(=O)OCF,Egcr,6.1736
2133,[*]CC([*])C(=O)OCF,eib,3.564052551
2134,[*]CC([*])C(=O)SC(C)C,Egc,4.8981
2135,[*]CC([*])C(=O)SC(C)CC,Egc,4.4293
2136,[*]CC([*])C(=O)SCCC,Egc,4.8635
2137,[*]CC([*])C(C)=O,Egc,5.4371
2138,[*]CC([*])C(F)(F)C(F)(F)C(F)(F)F,Egc,8.7077
2139,[*]CC([*])C(F)(F)C(F)(F)C(F)(F)F,eib,4.54071129
2140,[*]CC([*])C(F)(F)F,Egc,8.4665
2141,[*]CC([*])C(F)(F)F,eib,3.701134006
2142,[*]CC([*])C(N)=O,Egc,6.1879
2143,[*]CC([*])C(N)=O,Egcr,6.3764
2144,[*]CC([*])C(N)=O,eib,4.040519524
2145,[*]CC([*])C=C,Egc,2.5214
2146,[*]CC([*])C=C(C)C,Egc,4.9414
2147,[*]CC([*])C=CC,Egc,5.3344
2148,[*]CC([*])C=O,Egc,4.3172
2149,[*]CC([*])C1=NCCN1,Egc,4.7412
2150,[*]CC([*])C1=NCCN1,Egcr,5.3283
2151,[*]CC([*])C1=NCCN1,eib,5.0319733
2152,[*]CC([*])c1c(F)c(F)c(OC)c(F)c1F,Egc,4.6268
2153,[*]CC([*])c1c(F)c(F)c(OC)c(F)c1F,eib,3.599524113
2154,[*]CC([*])c1c(F)c(F)c(P(=O)(O)O)c(F)c1F,Egc,4.1594
2155,[*]CC([*])c1c(F)c(F)c(P(=O)(O)O)c(F)c1F,eib,2.606465882
2156,[*]CC([*])c1cc(Br)ccc1OC(C)C,Egc,4.6823
2157,[*]CC([*])c1cc(Br)ccc1OCC,Egc,4.4644
2158,[*]CC([*])c1cc(Br)ccc1OCCCC,Egc,4.5234
2159,[*]CC([*])c1cc(C)cc(C)c1,Egc,4.7319
2160,[*]CC([*])c1cc(C)ccc1C,Egc,4.9087
2161,[*]CC([*])c1cc(Cl)ccc1Cl,Egc,2.784
2162,[*]CC([*])c1cc(Cl)ccc1Cl,eib,3.072309709
2163,[*]CC([*])c1cc(O)ccc1O,Egc,2.1475
2164,[*]CC([*])c1cc(O)ccc1O,eib,2.72936911
2165,[*]CC([*])c1cc(OC)c(OC(C)=O)c(OC)c1,Egc,4.0633
2166,[*]CC([*])c1cc(OC)ccc1OC,Egc,3.8027
2167,[*]CC([*])C1CC=CCC1,Egc,5.4849
2168,[*]CC([*])c1ccc(Br)cc1,Egc,2.235
2169,[*]CC([*])c1ccc(Br)cc1,eib,4.471135618
2170,[*]CC([*])c1ccc(C(=O)c2ccccc2)cc1,Egc,3.7318
2171,[*]CC([*])c1ccc(C(=O)Cc2ccccc2)cc1,Egc,3.5934
2172,[*]CC([*])c1ccc(C(=O)Cc2ccccc2)cc1,eib,2.675344167
2173,[*]CC([*])c1ccc(C(=O)CCCC)cc1,Egc,4.4871
2174,[*]CC([*])c1ccc(C(=O)CCN2CCCCC2)cc1,Egc,2.7738
2175,[*]CC([*])c1ccc(C(=O)CCN2CCOCC2)cc1,Egc,3.3487
2176,[*]CC([*])c1ccc(C(=O)OC)cc1,Egc,4.6598
2177,[*]CC([*])c1ccc(C(=O)OCC(C)C)cc1,Egc,4.6433
2178,[*]CC([*])c1ccc(C(=O)OCC(C)C)cc1,Egcr,4.8032
2179,[*]CC([*])c1ccc(C(=O)OCC(C)C)cc1,eib,3.713275921
2180,[*]CC([*])c1ccc(C(=O)OCCCCCC)cc1,Egc,4.6127
2181,[*]CC([*])c1ccc(C(O)CCN2CCOCC2)cc1,Egc,4.4244
2182,[*]CC([*])c1ccc(C(O)CCN2CCOCC2)cc1,eib,3.818478151
2183,[*]CC([*])c1ccc(C)c(C)c1,Egc,4.8262
2184,[*]CC([*])c1ccc(C)cc1,Egc,4.8699
2185,[*]CC([*])c1ccc(C)cc1C,Egc,4.9248
2186,[*]CC([*])c1ccc(C)nc1,Egc,4.7592
2187,[*]CC([*])c1ccc(C)nc1,eib,3.470969023
2188,[*]CC([*])c1ccc(C=O)cc1,Egc,3.5283
2189,[*]CC([*])c1ccc(C=O)cc1,eib,3.155012979
2190,[*]CC([*])c1ccc(CCCCCC)cc1,Egc,4.9196
2191,[*]CC([*])c1ccc(CCCCCCCCCCCCCCCC)cc1,Egc,5.0066
2192,[*]CC([*])c1ccc(CCl)cc1,Egc,3.5045
2193,[*]CC([*])c1ccc(CCl)cc1,eib,3.233316785
2194,[*]CC([*])c1ccc(Cl)c(C)c1,Egc,4.8762
2195,[*]CC([*])c1ccc(Cl)c(C)c1,eib,3.974659688
2196,[*]CC([*])c1ccc(Cl)c(Cl)c1,Egc,2.4525
2197,[*]CC([*])c1ccc(Cl)c(Cl)c1,eib,2.386012814
2198,[*]CC([*])c1ccc(F)cc1,Egc,2.1384
2199,[*]CC([*])c1ccc(F)cc1,eib,2.107396678
2200,[*]CC([*])c1ccc(N(C)C)cc1,Egc,3.7056
2201,[*]CC([*])c1ccc(S(=O)(=O)O)cc1,Egc,3.9424
2202,[*]CC([*])c1ccc(S(=O)(=O)O)cc1,Egcr,2.9445
2203,[*]CC([*])c1ccc(S(=O)(=O)O)cc1,eib,1.913045255
2204,[*]CC([*])c1ccc2c(c1)OCO2,Egc,4.4197
2205,[*]CC([*])c1ccc2c(c1)OCO2,eib,4.41741276
2206,[*]CC([*])c1ccc2ccccc2c1,Egc,3.4472
2207,[*]CC([*])c1cccc(C)c1,Egc,5.0775
2208,[*]CC([*])c1cccc(C)n1,Egc,4.9415
2209,[*]CC([*])c1cccc(C)n1,eib,3.867285095
2210,[*]CC([*])c1cccc(NC(C)=O)c1,Egc,4.6098
2211,[*]CC([*])c1cccc(NC(C)=O)c1,eib,4.202068929
2212,[*]CC([*])c1cccc(O)c1,Egc,4.6435
2213,[*]CC([*])c1cccc(O)c1,eib,4.138929148
2214,[*]CC([*])c1cccc2c1OCO2,Egc,4.5638
2215,[*]CC([*])c1cccc2c1OCO2,eib,4.593105927
2216,[*]CC([*])C1CCCCC1C,Egc,6.4756
2217,[*]CC([*])C1CCCCC1C,eib,4.377159337
2218,[*]CC([*])c1ccccc1C(=O)OC,Egc,4.8063
2219,[*]CC([*])c1ccccc1C(=O)Oc1ccccc1,Egc,2.1638
2220,[*]CC([*])c1ccccc1CC,Egc,5.1303
2221,[*]CC([*])c1ccccc1Cl,Egc,2.5286
2222,[*]CC([*])c1ccccc1Cl,eib,3.342465595
2223,[*]CC([*])c1cccs1,Egc,1.9401
2224,[*]CC([*])c1cccs1,eib,3.310409463
2225,[*]CC([*])c1nc(C)nc(C)n1,Egc,5.2309
2226,[*]CC([*])c1nc(C)nc(C)n1,eib,3.314477494
2227,[*]CC([*])c1nc(N)nc(N)n1,Egc,5.1899
2228,[*]CC([*])c1nc(N)nc(N)n1,eib,3.94326942
2229,[*]CC([*])CC,Egc,6.6228
2230,[*]CC([*])CC,Egcr,7.9012
2231,[*]CC([*])CC(C)C,Egc,6.7268
2232,[*]CC([*])CCC,Egc,6.738
2233,[*]CC([*])CCC,Egcr,7.2705
2234,[*]CC([*])CCc1ccc(C)cc1,Egc,4.9769
2235,[*]CC([*])CCc1ccc(C)cc1,Egcr,4.5772
2236,[*]CC([*])CCCC1CCCCC1,Egc,6.5685
2237,[*]CC([*])CCCC1CCCCC1,Egcr,7.5725
2238,[*]CC([*])Cl,Egc,7.0461
2239,[*]CC([*])Cl,eib,3.968815669
2240,[*]CC([*])CN,Egc,5.4744
2241,[*]CC([*])CN,eib,3.891309738
2242,[*]CC([*])Cn1cc2ccccc2n1,Egc,3.8342
2243,[*]CC([*])Cn1cc2ccccc2n1,eib,3.889459792
2244,[*]CC([*])CNc1ccc([N+](=O)[O-])cn1,Egc,3.4829
2245,[*]CC([*])CNc1ccc([N+](=O)[O-])cn1,Egcr,3.0852
2246,[*]CC([*])CO,Egc,5.9849
2247,[*]CC([*])CO,Egcr,7.4192
2248,[*]CC([*])CO,eib,3.663755668
2249,[*]CC([*])F,Egc,7.7611
2250,[*]CC([*])F,eib,3.929111605
2251,[*]CC([*])N,Egc,5.2683
2252,[*]CC([*])N,eib,3.740233475
2253,[*]CC([*])n1c(C)c(C)c2ccccc21,Egc,2.8269
2254,[*]CC([*])n1c(C)c(C)c2ccccc21,eib,3.706667723
2255,[*]CC([*])n1c2ccc(I)cc2c2cc(I)ccc21,Egc,2.8783
2256,[*]CC([*])n1c2ccc(I)cc2c2cc(I)ccc21,eib,3.598438963
2257,[*]CC([*])n1c2ccccc2c2ccccc21,Egc,3.9624
2258,[*]CC([*])n1cc2ccccc2n1,Egc,3.5251
2259,[*]CC([*])n1cc2ccccc2n1,eib,3.499907785
2260,[*]CC([*])n1ccc2ccccc21,Egc,1.8061
2261,[*]CC([*])n1ccc2ccccc21,eib,3.90226364
2262,[*]CC([*])N1CCCC1=O,Egc,5.5533
2263,[*]CC([*])N1CCCC1=O,Egcr,5.5902
2264,[*]CC([*])N1CCCC1=O,eib,4.117333515
2265,[*]CC([*])N1CCCC1=S,Egc,3.9266
2266,[*]CC([*])N1CCCC1=S,eib,3.745740705
2267,[*]CC([*])n1ccnc1,Egc,4.7081
2268,[*]CC([*])n1ccnc1,eib,3.757683685
2269,[*]CC([*])n1cncn1,Egc,3.5171
2270,[*]CC([*])n1cncn1,eib,2.844838198
2271,[*]CC([*])n1nnc2ccccc21,Egc,4.0681
2272,[*]CC([*])n1nnc2ccccc21,eib,2.919810875
2273,[*]CC([*])O,Egc,6.4144
2274,[*]CC([*])O,Egcr,7.5488
2275,[*]CC([*])O,eib,3.656959574
2276,[*]CC([*])O[N+](=O)[O-],Egc,5.3269
2277,[*]CC([*])O[N+](=O)[O-],eib,1.920522456
2278,[*]CC([*])OC,Egc,5.5422
2279,[*]CC([*])OC(=O)C(C)(C)C,Egc,6.216
2280,[*]CC([*])OC(=O)C(Cl)(Cl)Cl,Egc,5.5134
2281,[*]CC([*])OC(=O)C(Cl)(Cl)Cl,eib,3.497780362
2282,[*]CC([*])OC(=O)C(F)(F)C(F)(F)C(F)(F)C(F)(F)C(F)(F)F,Egc,5.9661
2283,[*]CC([*])OC(=O)C(F)(F)C(F)(F)C(F)(F)C(F)(F)C(F)(F)F,eib,3.105726226
2284,[*]CC([*])OC(=O)C(F)(F)C(F)(F)C(F)(F)C(F)(F)F,Egc,6.3179
2285,[*]CC([*])OC(=O)C(F)(F)C(F)(F)C(F)(F)C(F)(F)F,eib,2.847059768
2286,[*]CC([*])OC(=O)C(F)(F)C(F)(F)C(F)(F)F,Egc,6.4637
2287,[*]CC([*])OC(=O)C(F)(F)C(F)(F)C(F)(F)F,Egcr,6.0228
2288,[*]CC([*])OC(=O)C(F)(F)C(F)(F)C(F)(F)F,eib,2.785217851
2289,[*]CC([*])OC(=O)C(F)(F)C(F)(F)F,Egc,6.6062
2290,[*]CC([*])OC(=O)C(F)(F)C(F)(F)F,eib,3.306461218
2291,[*]CC([*])OC(=O)C(F)(F)F,Egc,6.7735
2292,[*]CC([*])OC(=O)C(F)(F)F,Egcr,6.258
2293,[*]CC([*])OC(=O)C(F)(F)F,eib,3.669538501
2294,[*]CC([*])OC(=O)c1ccc(Cl)cc1,Egc,2.1125
2295,[*]CC([*])OC(=O)c1ccc(OC(C)=O)cc1,Egc,4.5702
2296,[*]CC([*])OC(=O)c1ccc(OC(C)=O)cc1,eib,3.314907892
2297,[*]CC([*])OC(=O)c1ccc(OC)cc1,Egc,4.3587
2298,[*]CC([*])OC(=O)c1ccc(OC)cc1,eib,3.806277763
2299,[*]CC([*])OC(=O)c1cccc(Br)c1,Egc,4.1757
2300,[*]CC([*])OC(=O)c1cccc(Br)c1,eib,2.866851933
2301,[*]CC([*])OC(=O)c1cccc(Cl)c1,Egc,3.3503
2302,[*]CC([*])OC(=O)c1cccc(Cl)c1,eib,2.643961059
2303,[*]CC([*])OC(=O)c1ccccc1C,Egc,4.1103
2304,[*]CC([*])OC(=O)c1ccccc1C,eib,3.868663167
2305,[*]CC([*])OC(=O)c1ccccc1Cl,Egc,1.9134
2306,[*]CC([*])OC(=O)c1cccnc1,Egc,4.5419
2307,[*]CC([*])OC(=O)c1cccnc1,eib,2.96132315
2308,[*]CC([*])OC(=O)CC,Egc,6.4816
2309,[*]CC([*])OC(=O)CC(C)=O,Egc,5.3193
2310,[*]CC([*])OC(=O)CC(C)=O,eib,4.319111473
2311,[*]CC([*])OC(=O)CC1CCCC1,Egc,6.5439
2312,[*]CC([*])OC(=O)CC1CCCC1,Egcr,6.4741
2313,[*]CC([*])OC(=O)CCC,Egc,6.8392
2314,[*]CC([*])OC(=O)CCC#N,Egc,6.4646
2315,[*]CC([*])OC(=O)CCCCC,Egc,6.3016
2316,[*]CC([*])OC(=O)CCCCCCC,Egc,6.5982
2317,[*]CC([*])OC(=O)OCC(Cl)(Cl)Cl,Egc,6.1989
2318,[*]CC([*])OC(=O)OCC(Cl)(Cl)Cl,eib,3.835170227
2319,[*]CC([*])OC(=O)OCC(F)(F)F,Egc,7.6731
2320,[*]CC([*])OC(=O)OCC(F)(F)F,Egcr,7.9003
2321,[*]CC([*])OC(=O)OCC(F)(F)F,eib,4.161256355
2322,[*]CC([*])OC(C)=O,Egc,6.7973
2323,[*]CC([*])OC(C)=O,Egcr,5.9373
2324,[*]CC([*])OC=O,Egc,6.9115
2325,[*]CC([*])OC=O,eib,3.533489237
2326,[*]CC([*])OCC,Egc,5.5149
2327,[*]CC([*])OCC(=O)O,Egc,5.9833
2328,[*]CC([*])OCC(=O)OC,Egc,5.3858
2329,[*]CC([*])OCc1ccccc1,Egc,5.0748
2330,[*]CC([*])OCc1ccccc1,eib,4.196305112
2331,[*]CC([*])OCCCCC,Egc,5.8682
2332,[*]CC([*])OCCCCCC,Egc,5.7163
2333,[*]CC([*])OCCCCCCCCCCCC,Egc,5.4484
2334,[*]CC([*])OCCCl,Egc,6.0222
2335,[*]CC([*])OCCOC,Egc,5.8187
2336,[*]CC([*])OCCOc1ccc(C=C(C#N)C(=O)OC)cc1,Egc,3.0209
2337,[*]CC([*])OCCOc1ccc(C=C(C#N)C(=O)OC)cc1,eib,2.395666957
2338,[*]CC([*])SC,Egc,4.9974
2339,[*]CC([*])SC,eib,4.118807515
2340,[*]CC([*])SCC,Egc,4.983
2341,[*]CC([*])SCC,eib,4.291021061
2342,[*]CC([*])SCCCC,Egc,4.6594
2343,[*]CC(=C)COCC(=C)COC(=O)O[*],Egc,5.7357
2344,[*]CC(=O)C([*])C,Egc,4.7333
2345,[*]CC(=O)C([*])C,eib,2.530394739
2346,[*]CC(=O)C([*])c1ccc(C)cc1,Egc,3.9396
2347,[*]CC(=O)C([*])c1ccc(F)cc1,Egc,4.1155
2348,[*]CC(=O)C([*])c1ccc(F)cc1,eib,2.505766107
2349,[*]CC(=O)C([*])c1cccc(C)c1,Egc,4.0355
2350,[*]CC(=O)C(=S)C(=O)[*],Egc,1.9894
2351,[*]CC(=O)C(=S)C(=O)[*],eib,-0.622148723
2352,[*]CC(=O)C(=S)C(C=C1)=CC=C1[*],Egc,2.6324
2353,[*]CC(=O)C(=S)C(C=C1)=CC=C1[*],eib,0.557235473
2354,[*]CC(=O)C(=S)C(S1)=CC=C1[*],Egc,2.5116
2355,[*]CC(=O)C(=S)C(S1)=CC=C1[*],eib,0.217523051
2356,[*]CC(=O)C(=S)O[*],Egc,3.8049
2357,[*]CC(=O)C(=S)O[*],eib,1.677022489
2358,[*]CC(=O)C(C)C([*])c1ccc(O)c2ncccc12,Egc,3.636
2359,[*]CC(=O)C(C=C1)=CC=C1C(=O)[*],Egc,4.3858
2360,[*]CC(=O)C(C=C1)=CC=C1C(=O)[*],eib,1.329887594
2361,[*]CC(=O)C(C=C1)=CC=C1C(=S)[*],Egc,2.744
2362,[*]CC(=O)C(C=C1)=CC=C1C(=S)[*],eib,0.542715079
2363,[*]CC(=O)C(C=C1)=CC=C1C(C=C2)=CC=C2[*],Egc,3.9498
2364,[*]CC(=O)C(C=C1)=CC=C1C(C=C2)=CC=C2[*],eib,1.935670204
2365,[*]CC(=O)C(C=C1)=CC=C1C(S2)=CC=C2[*],Egc,3.5015
2366,[*]CC(=O)C(C=C1)=CC=C1C(S2)=CC=C2[*],eib,1.846310649
2367,[*]CC(=O)C(C=C1)=CC=C1O[*],Egc,4.1247
2368,[*]CC(=O)C(C=C1)=CC=C1O[*],eib,1.907706912
2369,[*]CC(=O)C(S1)=CC=C1C(=O)[*],Egc,3.9882
2370,[*]CC(=O)C(S1)=CC=C1C(=O)[*],eib,1.165117754
2371,[*]CC(=O)C(S1)=CC=C1C(=S)[*],Egc,2.7163
2372,[*]CC(=O)C(S1)=CC=C1C(=S)[*],eib,0.748603255
2373,[*]CC(=O)C(S1)=CC=C1C(C=C2)=CC=C2[*],Egc,3.3483
2374,[*]CC(=O)C(S1)=CC=C1C(C=C2)=CC=C2[*],eib,1.559716718
2375,[*]CC(=O)C(S1)=CC=C1C(S2)=CC=C2[*],Egc,2.8371
2376,[*]CC(=O)C(S1)=CC=C1C(S2)=CC=C2[*],eib,1.573161719
2377,[*]CC(=O)C(S1)=CC=C1O[*],Egc,3.9018
2378,[*]CC(=O)C(S1)=CC=C1O[*],eib,1.804883522
2379,[*]CC(=O)C1CCC([*])C(=O)C1,Egc,5.2209
2380,[*]CC(=O)C1CCC([*])C1=O,Egc,4.8678
2381,[*]CC(=O)C1CCC([*])C1=O,eib,2.939174342
2382,[*]CC(=O)CC(=O)[*],Egc,4.1682
2383,[*]CC(=O)CC(=O)[*],eib,2.68892802
2384,[*]CC(=O)CC(=S)[*],Egc,2.8429
2385,[*]CC(=O)CC(=S)[*],eib,0.948904573
2386,[*]CC(=O)CC(C=C1)=CC=C1[*],Egc,4.4275
2387,[*]CC(=O)CC(C=C1)=CC=C1[*],eib,2.309377505
2388,[*]CC(=O)CC(S1)=CC=C1[*],Egc,4.4041
2389,[*]CC(=O)CC(S1)=CC=C1[*],eib,2.987065383
2390,[*]CC(=O)CO[*],Egc,5.358
2391,[*]CC(=O)CO[*],eib,2.381976922
2392,[*]CC(=O)N[*],Egc,6.0692
2393,[*]CC(=O)N[*],eib,3.463236275
2394,[*]CC(=O)NC(=O)[*],Egc,4.3608
2395,[*]CC(=O)NC(=O)[*],eib,2.831065271
2396,[*]CC(=O)NC(=S)[*],Egc,2.9137
2397,[*]CC(=O)NC(=S)[*],eib,0.921270833
2398,[*]CC(=O)NC(C)C(=O)O[*],Egc,5.8761
2399,[*]CC(=O)NC(C=C1)=CC=C1[*],Egc,4.5019
2400,[*]CC(=O)NC(C=C1)=CC=C1[*],eib,2.996315769
2401,[*]CC(=O)NC(S1)=CC=C1[*],Egc,4.4733
2402,[*]CC(=O)NC(S1)=CC=C1[*],eib,3.174171771
2403,[*]CC(=O)Nc1ccc(Cc2ccc(NC(=O)CN3C(=O)c4ccc(C(=O)c5ccc6c(c5)C(=O)N([*])C6=O)cc4C3=O)cc2)cc1,Egc,2.2184
2404,[*]CC(=O)Nc1ccc(NC(=O)c2ccc3c(c2)C(=O)N([*])C3=O)cc1,Egc,2.4976
2405,[*]CC(=O)Nc1ccc(NC(=O)c2ccc3c(c2)C(=O)N([*])C3=O)cc1,eib,1.130928617
2406,[*]CC(=O)Nc1ccc(NC(=O)CN2C(=O)c3ccc(C(=O)c4ccc5c(c4)C(=O)N([*])C5=O)cc3C2=O)cc1,Egc,2.5478
2407,[*]CC(=O)Nc1ccc(Oc2ccc(NC(=O)CN3C(=O)c4ccc(C(=O)c5ccc6c(c5)C(=O)N([*])C6=O)cc4C3=O)cc2)cc1,Egc,2.5742
2408,[*]CC(=O)Nc1ccc(Oc2ccc(Oc3ccc(NC(=O)CN4C(=O)c5ccc(C(=O)c6ccc7c(c6)C(=O)N([*])C7=O)cc5C4=O)cc3)cc2)cc1,Egc,2.3703
2409,[*]CC(=O)Nc1ccc(Oc2cccc(NC(=O)CN3C(=O)c4ccc(C(=O)c5ccc6c(c5)C(=O)N([*])C6=O)cc4C3=O)c2)cc1,Egc,2.1817
2410,[*]CC(=O)NCC(=O)O[*],Egc,5.879
2411,[*]CC(=O)NCC(=O)O[*],eib,2.910027034
2412,[*]CC(=O)NCCCCCCNC(=O)Cc1ccc([*])s1,Egc,4.618
2413,[*]CC(=O)NCCCCCCNC(=O)CO[*],Egc,6.1421
2414,[*]CC(=O)NCCCCCCNC(=O)COC(=O)CCC(=O)O[*],Egc,5.4681
2415,[*]CC(=O)NCCCCCCNC(=O)COC(=O)CCCCC(=O)O[*],Egc,5.8068
2416,[*]CC(=O)NCCCCCCNC(=O)COC(=O)CCCCCCC(=O)O[*],Egc,5.8774
2417,[*]CC(=O)NCCCCCCNC(=O)COc1ccc(O[*])cc1,Egc,4.4776
2418,[*]CC(=O)NCCCCCCNC(=O)CS[*],Egc,4.9895
2419,[*]CC(=O)O[*],Egc,7.085
2420,[*]CC(=O)O[*],eib,3.358208819
2421,[*]CC(=O)OC(=O)[*],Egc,6.3691
2422,[*]CC(=O)OC(=O)[*],eib,1.832799134
2423,[*]CC(=O)OC(=O)c1ccc(O[*])cc1Br,Egc,4.5726
2424,[*]CC(=O)OC(=O)c1cccc(O[*])c1,Egc,4.153
2425,[*]CC(=O)OC(=O)c1cccc(O[*])c1,eib,2.549130997
2426,[*]CC(=O)OC(=O)COc1ccc(C(C)(C)c2ccc(O[*])cc2)cc1,Egc,4.2143
2427,[*]CC(=O)OC(=O)COc1ccc(O[*])cc1,Egc,4.0904
2428,[*]CC(=O)OC(=O)COc1cccc(O[*])c1,Egc,4.4439
2429,[*]CC(=O)OC(=S)[*],Egc,3.6251
2430,[*]CC(=O)OC(=S)[*],eib,1.017495247
2431,[*]CC(=O)OC(S1)=CC=C1[*],Egc,4.7036
2432,[*]CC(=O)OC(S1)=CC=C1[*],eib,2.916706419
2433,[*]CC(=O)OCCCCCCOC(=O)Cn1c(=O)c2cc3c(=O)n([*])c(=O)c3cc2c1=O,Egc,3.6959
2434,[*]CC(=O)OCCCCCCOC(=O)Cn1c(=O)c2cc3c(=O)n([*])c(=O)c3cc2c1=O,eib,0.94056837
2435,[*]CC(=S)C(=O)C(=S)[*],Egc,1.354
2436,[*]CC(=S)C(=O)C(=S)[*],eib,0.962995873
2437,[*]CC(=S)C(=O)O[*],Egc,2.6969
2438,[*]CC(=S)C(=O)O[*],eib,0.806002944
2439,[*]CC(=S)C(C=C1)=CC=C1C(=S)[*],Egc,1.6553
2440,[*]CC(=S)C(C=C1)=CC=C1C(=S)[*],eib,1.791003607
2441,[*]CC(=S)C(C=C1)=CC=C1N[*],Egc,2.6121
2442,[*]CC(=S)C(C=C1)=CC=C1N[*],eib,1.574781881
2443,[*]CC(=S)C(C=C1)=CC=C1O[*],Egc,2.683
2444,[*]CC(=S)C(C=C1)=CC=C1O[*],eib,1.135319823
2445,[*]CC(=S)C(S1)=CC=C1C(=S)[*],Egc,2.2116
2446,[*]CC(=S)C(S1)=CC=C1C(=S)[*],eib,1.694717184
2447,[*]CC(=S)C(S1)=CC=C1O[*],Egc,2.7088
2448,[*]CC(=S)C(S1)=CC=C1O[*],eib,1.151771891
2449,[*]CC(=S)CO[*],Egc,3.0406
2450,[*]CC(=S)CO[*],eib,1.469838727
2451,[*]CC(=S)NO[*],Egc,3.3571
2452,[*]CC(=S)NO[*],eib,1.9785752
2453,[*]CC(C#N)(C#N)[*],Egc,7.4643
2454,[*]CC(C#N)(C#N)[*],Egcr,6.9314
2455,[*]CC(C#N)(C#N)[*],eib,2.236798205
2456,[*]CC(C#N)(C#N)C(C#N)C(C#N)(C#N)[*],Egc,7.1417
2457,[*]CC(C#N)(C#N)C(C#N)C(C#N)(C#N)[*],Egcr,6.2447
2458,[*]CC(C#N)(C#N)C(C#N)C(C#N)(C#N)[*],eib,1.704343642
2459,[*]CC(C#N)(C#N)C(C#N)C(C#N)(C#N)C(C#N)C(C#N)(C#N)[*],Egc,6.6115
2460,[*]CC(C#N)(C#N)C(C#N)C(C#N)(C#N)C(C#N)C(C#N)(C#N)[*],Egcr,6.2667
2461,[*]CC(C#N)(C#N)C(C#N)C(C#N)(C#N)C(C#N)C(C#N)(C#N)[*],eib,1.849544905
2462,[*]CC(C#N)(C#N)C(C#N)C(C#N)(C#N)C(C#N)C(C#N)(C#N)C(C#N)C(C#N)(C#N)[*],Egc,6.505
2463,[*]CC(C#N)(C#N)C(C#N)C(C#N)(C#N)C(C#N)C(C#N)(C#N)C(C#N)C(C#N)(C#N)[*],Egcr,5.9056
2464,[*]CC(C#N)(C#N)C(C#N)C(C#N)(C#N)C(C#N)C(C#N)(C#N)C(C#N)C(C#N)(C#N)[*],eib,1.505201402
2465,[*]CC(C#N)(C#N)CC(C#N)(C#N)C(C#N)C(C#N)(C#N)[*],Egc,6.9871
2466,[*]CC(C#N)(C#N)CC(C#N)(C#N)C(C#N)C(C#N)(C#N)[*],Egcr,6.5308
2467,[*]CC(C#N)(C#N)CC(C#N)(C#N)C(C#N)C(C#N)(C#N)[*],eib,2.021435996
2468,[*]CC(C#N)(C#N)CC(C#N)(C#N)CC(C#N)(C#N)C(C#N)C(C#N)(C#N)[*],Egc,7.044
2469,[*]CC(C#N)(C#N)CC(C#N)(C#N)CC(C#N)(C#N)C(C#N)C(C#N)(C#N)[*],Egcr,6.4504
2470,[*]CC(C#N)(C#N)CC(C#N)(C#N)CC(C#N)(C#N)C(C#N)C(C#N)(C#N)[*],eib,2.231511008
2471,[*]CC(C(=O)Oc1ccccc1)C(C(=O)O)C([*])(C)C,Egc,5.3218
2472,[*]CC(C(=O)OCC)(C(=O)OCC)[*],Egc,6.102
2473,[*]CC(C)(C)C(=O)N[*],Egc,5.6407
2474,[*]CC(C)(C)C(=O)O[*],Egc,6.7827
2475,[*]CC(C)(C)C(=O)O[*],Egcr,6.7185
2476,[*]CC(C)(C)C(=O)O[*],eib,3.972525032
2477,[*]CC(C)(C)C1C(=O)N(C(C)C)C(=O)C1[*],Egc,5.5517
2478,[*]CC(C)(C)C1C(=O)N(c2ccccc2C)C(=O)C1[*],Egc,4.7453
2479,[*]CC(C)(C)C1C(=O)N(c2ccccc2C)C(=O)C1[*],eib,3.702707422
2480,[*]CC(C)(C)C1CC=C([*])CC1,Egc,5.4909
2481,[*]CC(C)(C)CO[*],Egc,5.9613
2482,[*]CC(C)(C)CO[*],eib,3.915775942
2483,[*]CC(C)(C)COC(=O)C(=O)O[*],Egc,5.8142
2484,[*]CC(C)(C)COC(=O)C1CCC(C(=O)O[*])CC1,Egc,6.607
2485,[*]CC(C)(C)COC(=O)c1ccc(-c2ccc(C(=O)O[*])cc2)cc1,Egc,3.8251
2486,[*]CC(C)(C)COC(=O)CC(=O)O[*],Egc,6.4783
2487,[*]CC(C)(C)COC(=O)Cc1ccc(C(=O)O[*])cc1,Egc,4.5496
2488,[*]CC(C)(C)COC(=O)CCC(=O)O[*],Egc,6.5024
2489,[*]CC(C)(C)COC(=O)CCCCC(=O)O[*],Egc,6.6524
2490,[*]CC(C)(C)COC(=O)CCCCC(=O)O[*],Egcr,6.5878
2491,[*]CC(C)(C)COC(=O)CCCCCCC(=O)O[*],Egc,6.666
2492,[*]CC(C)(C)COC(=O)CCCCCCCC(=O)O[*],Egc,6.4954
2493,[*]CC(C)(C)COC(=O)CCCCCCCC(=O)O[*],eib,4.219886375
2494,[*]CC(C)(C)COC(=O)CCCCCCCCC(=O)O[*],Egc,6.5911
2495,[*]CC(C)(C)COC(=O)NC(=O)c1ccc(C(=O)NC(=O)O[*])cc1,Egc,4.3578
2496,[*]CC(C)(C)COC(=O)NC(=O)c1cccc(C(=O)NC(=O)O[*])c1,Egc,4.8839
2497,[*]CC(C)(C)COC(=O)NC(=O)c1cccc(C(=O)NC(=O)O[*])c1,eib,2.394754469
2498,[*]CC(C)(C)COC(=O)Nc1ccc(C)c(NC(=O)O[*])c1,Egc,5.3198
2499,[*]CC(C)(C)COC(=O)Nc1ccc(Cc2ccc(NC(=O)O[*])c(C)c2)cc1C,Egc,4.537
2500,[*]CC(C)(C)COC(=O)NC1CCC(CC2CCC(NC(=O)O[*])CC2)CC1,Egc,5.885
2501,[*]CC(C)(C)COC(=O)NC1CCC(CC2CCC(NC(=O)O[*])CC2)CC1,eib,3.798025327
2502,[*]CC(C)(C)COC(=O)Nc1ccc(NC(=O)O[*])cc1,Egc,5.0845
2503,[*]CC(C)(C)COC(=O)Nc1ccc(NC(=O)O[*])cc1,Egcr,4.4894
2504,[*]CC(C)(C)COC(=O)NCCCC(CCNC(=O)O[*])OC,Egc,6.1425
2505,[*]CC(C)(C)COC(=O)NCCCCCCNC(=O)O[*],Egc,6.29
2506,[*]CC(C)(C)COC(=O)NCCCCCCNC(=O)O[*],eib,4.177445671
2507,[*]CC(C)(C)COC(=O)NCCNC(=O)O[*],Egc,6.5733
2508,[*]CC(C)(C)COC(=O)NCCOCCOCCNC(=O)O[*],Egc,5.9669
2509,[*]CC(C)(C)COC(=O)O[*],Egc,6.9656
2510,[*]CC(C)(C)COC(=O)O[*],eib,4.143656292
2511,[*]CC(C)(C)CS([*])(=O)=O,Egc,6.3059
2512,[*]CC(C)(C)CS(=O)(=O)CC(C)(C)COC(=O)O[*],Egc,6.7247
2513,[*]CC(C)(C)CS[*],Egc,4.9455
2514,[*]CC(C)(C)CS[*],eib,4.379910498
2515,[*]CC(C)(C)O[*],Egc,5.2787
2516,[*]CC(C)(C)O[*],eib,4.134587158
2517,[*]CC(C)(C[*])CN(C)CC1C2CC3CC(C2)CC1C3,Egc,4.8405
2518,[*]CC(C)(C=C([*])C)C(=O)OC,Egc,5.5947
2519,[*]CC(C)(C=O)C(F)(F)C([*])([2H])[2H],Egc,5.6608
2520,[*]CC(C)(C=O)C(F)(F)C([*])([2H])[2H],eib,2.940927393
2521,[*]CC(C)(CC)C(=O)N[*],Egc,5.741
2522,[*]CC(C)(CC)C(=O)O[*],Egc,6.4809
2523,[*]CC(C)(CC)C(=O)O[*],Egcr,6.5912
2524,[*]CC(C)(CC)CO[*],Egc,5.412
2525,[*]CC(C)(CC)COC(=O)CCCCCCCCC(=O)O[*],Egc,6.6739
2526,[*]CC(C)(CC)CS[*],Egc,4.1338
2527,[*]CC(C)(CC)CS[*],eib,4.6085087
2528,[*]CC(C)(CCC)C(=O)N[*],Egc,5.5801
2529,[*]CC(C)(CCC)C(=O)O[*],Egc,6.6736
2530,[*]CC(C)(CCCC)C(=O)N[*],Egc,5.9624
2531,[*]CC(C)(CCl)O[*],Egc,5.8535
2532,[*]CC(C)(CCl)O[*],eib,4.155760164
2533,[*]CC(C)(CO)CO[*],Egc,5.666
2534,[*]CC(C)(CO[*])COCC(F)(F)C(F)(F)C(F)(F)C(F)(F)C(F)(F)C(F)(F)C(F)(F)F,Egc,4.2525
2535,[*]CC(C)(CO[*])COCC(F)(F)C(F)(F)C(F)(F)C(F)(F)C(F)(F)C(F)(F)C(F)(F)F,eib,2.729400119
2536,[*]CC(C)(CO[*])COCC(F)(F)C(F)(F)C(F)(F)F,Egc,5.8594
2537,[*]CC(C)(CO[*])COCC(F)(F)F,Egc,5.3886
2538,[*]CC(C)(CO[*])COCCC#N,Egc,4.8567
2539,[*]CC(C)(CO[*])COCCCCCCCCCCOc1ccc(-c2ccc(C#N)cc2)cc1,Egc,4.042
2540,[*]CC(C)(COC(=O)NCCCCCCNC(=O)O[*])C(=O)O,Egc,5.9742
2541,[*]CC(C)(COC(=O)NCCCCCCNC(=O)O[*])CN(C)C,Egc,5.093
2542,[*]CC(C)(COC(=O)O[*])C(=O)OCc1ccccc1,Egc,5.7884
2543,[*]CC(C)(N=C=O)C1C(=O)OC(=O)C1[*],Egc,6.0042
2544,[*]CC(C)(N=C=O)C1C(=O)OC(=O)C1[*],eib,3.511993389
2545,[*]CC(C)C(=O)N[*],Egc,5.9006
2546,[*]CC(C)C(=O)O[*],Egc,6.562
2547,[*]CC(C)C(=O)O[*],Egcr,6.5897
2548,[*]CC(C)C(C)COC(=O)c1ccc(C(=O)O[*])cc1,Egc,4.7188
2549,[*]CC(C)C(C)COC(=O)c1ccc(C(=O)O[*])cc1,Egcr,4.2335
2550,[*]CC(C)C(C)COC(=O)c1ccc(C(=O)O[*])cc1,eib,1.670494282
2551,[*]CC(C)C=C([*])C,Egc,5.1336
2552,[*]CC(C)C1C(=O)N(CCC)C(=O)C1[*],Egc,5.862
2553,[*]CC(C)C1C(=O)N(CCC)C(=O)C1[*],eib,3.86108069
2554,[*]CC(C)C1COC2C(C(=O)OC(O)(C(F)(F)F)C(F)(F)C[*])CC12,Egc,6.1023
2555,[*]CC(C)CCCCC(=O)N[*],Egc,6.0048
2556,[*]CC(C)CCCCC(=O)N[*],eib,3.595593475
2557,[*]CC(C)CNC(=O)O[*],Egc,6.0465
2558,[*]CC(C)CO[*],Egc,5.99
2559,[*]CC(C)CO[*],Egcr,7.3501
2560,[*]CC(C)COC(=O)c1ccc(C(=O)O[*])cc1,Egc,4.4298
2561,[*]CC(C)O[*],Egc,5.7371
2562,[*]CC(C)O[*],Egcr,6.9903
2563,[*]CC(C)OC(=O)Nc1cc(NC(=O)O[*])ccc1C,Egc,5.296
2564,[*]CC(C)S([*])(=O)=O,Egc,6.8893
2565,[*]CC(C)S[*],Egc,5.016
2566,[*]CC(C[N-][N+]#N)(C[N-][N+]#N)CO[*],Egc,5.1641
2567,[*]CC(C[N-][N+]#N)(C[N-][N+]#N)CO[*],Egcr,4.4086
2568,[*]CC(C[N-][N+]#N)(C[N-][N+]#N)CO[*],eib,3.222494212
2569,[*]CC(C[N-][N+]#N)O[*],Egc,5.3716
2570,[*]CC(C=C)O[*],Egc,4.878
2571,[*]CC(C=C)O[*],eib,2.957435316
2572,[*]CC(C=C1)=CC=C1C(=O)C(=S)[*],Egc,2.9863
2573,[*]CC(C=C1)=CC=C1C(=O)C(=S)[*],eib,0.916698981
2574,[*]CC(C=C1)=CC=C1C(=O)C(C=C2)=CC=C2[*],Egc,4.3024
2575,[*]CC(C=C1)=CC=C1C(=O)C(C=C2)=CC=C2[*],eib,1.763845677
2576,[*]CC(C=C1)=CC=C1C(=O)C(S2)=CC=C2[*],Egc,4.0155
2577,[*]CC(C=C1)=CC=C1C(=O)C(S2)=CC=C2[*],eib,1.859745125
2578,[*]CC(C=C1)=CC=C1C(=S)C(C=C2)=CC=C2[*],Egc,2.8005
2579,[*]CC(C=C1)=CC=C1C(=S)C(C=C2)=CC=C2[*],eib,1.771513528
2580,[*]CC(C=C1)=CC=C1C(=S)C(S2)=CC=C2[*],Egc,2.7729
2581,[*]CC(C=C1)=CC=C1C(=S)C(S2)=CC=C2[*],eib,1.613259974
2582,[*]CC(C=C1)=CC=C1C(=S)O[*],Egc,3.3862
2583,[*]CC(C=C1)=CC=C1C(=S)O[*],eib,1.549496584
2584,[*]CC(C=C1)=CC=C1C(C=C2)=CC=C2C(=S)[*],Egc,2.9669
2585,[*]CC(C=C1)=CC=C1C(C=C2)=CC=C2C(=S)[*],eib,1.475461422
2586,[*]CC(C=C1)=CC=C1C(C=C2)=CC=C2C(C=C3)=CC=C3[*],Egc,3.7698
2587,[*]CC(C=C1)=CC=C1C(C=C2)=CC=C2C(C=C3)=CC=C3[*],eib,2.550487729
2588,[*]CC(C=C1)=CC=C1C(C=C2)=CC=C2C(S3)=CC=C3[*],Egc,3.5669
2589,[*]CC(C=C1)=CC=C1C(C=C2)=CC=C2C(S3)=CC=C3[*],eib,2.621316911
2590,[*]CC(C=C1)=CC=C1C(C=C2)=CC=C2O[*],Egc,4.3907
2591,[*]CC(C=C1)=CC=C1C(C=C2)=CC=C2O[*],eib,3.040695717
2592,[*]CC(C=C1)=CC=C1C(S2)=CC=C2C(=S)[*],Egc,2.7447
2593,[*]CC(C=C1)=CC=C1C(S2)=CC=C2C(=S)[*],eib,1.17156749
2594,[*]CC(C=C1)=CC=C1C(S2)=CC=C2C(C=C3)=CC=C3[*],Egc,3.4558
2595,[*]CC(C=C1)=CC=C1C(S2)=CC=C2C(C=C3)=CC=C3[*],eib,2.537182899
2596,[*]CC(C=C1)=CC=C1C(S2)=CC=C2C(S3)=CC=C3[*],Egc,3.1679
2597,[*]CC(C=C1)=CC=C1C(S2)=CC=C2C(S3)=CC=C3[*],eib,2.402947388
2598,[*]CC(C=C1)=CC=C1CC(=S)[*],Egc,3.2889
2599,[*]CC(C=C1)=CC=C1CC(=S)[*],eib,1.584413863
2600,[*]CC(C=C1)=CC=C1CC(C=C2)=CC=C2[*],Egc,5.1169
2601,[*]CC(C=C1)=CC=C1CC(C=C2)=CC=C2[*],eib,3.240991615
2602,[*]CC(C=C1)=CC=C1CC(S2)=CC=C2[*],Egc,4.4417
2603,[*]CC(C=C1)=CC=C1CC(S2)=CC=C2[*],eib,3.399692816
2604,[*]CC(C=C1)=CC=C1NC(=S)[*],Egc,3.7545
2605,[*]CC(C=C1)=CC=C1NC(=S)[*],eib,2.216288424
2606,[*]CC(C=C1)=CC=C1NC(C=C2)=CC=C2[*],Egc,4.4071
2607,[*]CC(C=C1)=CC=C1NC(C=C2)=CC=C2[*],eib,3.421381611
2608,[*]CC(C=C1)=CC=C1NC(S2)=CC=C2[*],Egc,4.4229
2609,[*]CC(C=C1)=CC=C1NC(S2)=CC=C2[*],eib,3.51286096
2610,[*]CC(C=C1)=CC=C1NO[*],Egc,4.9305
2611,[*]CC(C=C1)=CC=C1NO[*],eib,3.581016484
2612,[*]CC(C=C1)=CC=C1OC(=S)[*],Egc,4.0098
2613,[*]CC(C=C1)=CC=C1OC(=S)[*],eib,1.99496968
2614,[*]CC(C=C1)=CC=C1OC(S2)=CC=C2[*],Egc,4.5312
2615,[*]CC(C=C1)=CC=C1OC(S2)=CC=C2[*],eib,3.232400478
2616,[*]CC(c1ccccc1)C(C(=O)O)C([*])C(=O)O,Egc,5.5354
2617,[*]CC(c1ccccc1)C1C(=O)N(c2ccc(C(=O)Oc3ccc(C=O)cc3)cc2)C(=O)C1[*],Egc,4.2725
2618,[*]CC(c1ccccc1)C1C(=O)OC(=O)C1[*],Egc,5.1414
2619,[*]CC(c1ccccc1)c1ccc([*])cc1,Egc,5.0824
2620,[*]CC(c1ccccc1)c1ccc([*])cc1,eib,3.513508595
2621,[*]CC(CBr)(CBr)CO[*],Egc,5.6999
2622,[*]CC(CBr)(CBr)CO[*],eib,3.702881661
2623,[*]CC(CBr)(CBr)COC(=O)CCCCC(=O)O[*],Egc,5.744
2624,[*]CC(CBr)O[*],Egc,6.0732
2625,[*]CC(CBr)O[*],Egcr,5.4664
2626,[*]CC(CBr)O[*],eib,3.626811481
2627,[*]CC(CC([*])(C#N)C#N)(OC(C)=O)c1ccc(OC(=O)OC)cc1,Egc,5.3103
2628,[*]CC(CC([*])(C#N)C#N)(OC(C)=O)c1ccc(OC(C)=O)cc1,Egc,5.1337
2629,[*]CC(CC([*])(C#N)C#N)c1ccc(CCl)cc1,Egc,5.3061
2630,[*]CC(CC([*])(C#N)C#N)c1ccc(CCl)cc1,eib,3.154495848
2631,[*]CC(CC([*])(C#N)C#N)c1ccc(Cl)cc1,Egc,4.7449
2632,[*]CC(CC([*])(C#N)C#N)c1ccc(Cl)cc1,eib,3.952875451
2633,[*]CC(CC([*])(C#N)C#N)c1ccc(OC(C)=O)cc1,Egc,5.2962
2634,[*]CC(CC([*])(C#N)C(=O)OC)c1ccccc1,Egc,5.5708
2635,[*]CC(CC([*])(C#N)C(=O)OC)c1ccccc1,eib,3.891502647
2636,[*]CC(CC(C)(C)C)O[*],Egc,5.3332
2637,[*]CC(CC(Cl)(Cl)Cl)O[*],Egc,5.5252
2638,[*]CC(CC)(C(=O)O[*])c1ccccc1,Egc,5.3472
2639,[*]CC(CC)(C(=O)O[*])c1ccccc1,eib,4.0633153
2640,[*]CC(CC)(CC)C(=O)O[*],Egc,6.443
2641,[*]CC(CC)(CC)CO[*],Egc,5.556
2642,[*]CC(CC)(CC)COC(=O)CCC(=O)O[*],Egc,6.4891
2643,[*]CC(CC)(CC)COC(=O)Nc1ccc(C)c(NC(=O)O[*])c1,Egc,5.1879
2644,[*]CC(CC)(CC)CS[*],Egc,4.9121
2645,[*]CC(CC)(CC)CS[*],eib,4.303839122
2646,[*]CC(CC)(CCl)CO[*],Egc,6.243
2647,[*]CC(CC)(CO)CO[*],Egc,5.2564
2648,[*]CC(CC)O[*],Egc,5.7835
2649,[*]CC(CC)S[*],Egc,4.6013
2650,[*]CC(CC)S[*],eib,4.680170866
2651,[*]CC(CCC)C(CCC)COC(=O)c1ccc(C(=O)O[*])cc1,Egc,4.8023
2652,[*]CC(CCC)C(CCC)COC(=O)c1ccc(C(=O)O[*])cc1,Egcr,4.4708
2653,[*]CC(CCCC)(CCCC)C(=O)O[*],Egc,6.6774
2654,[*]CC(CCCC)O[*],Egc,5.3538
2655,[*]CC(CCCCCC)O[*],Egc,5.7137
2656,[*]CC(CCCCCCCCCC)O[*],Egc,5.9022
2657,[*]CC(CCCCCCCCCCCC)COC(=O)NC(=O)c1cccc(C(=O)NC(=O)O[*])c1,Egc,4.7494
2658,[*]CC(CCCCCCCCCCCC)COC(=O)NC(=O)c1cccc(C(=O)NC(=O)O[*])c1,eib,2.05588167
2659,[*]CC(CCl)(CBr)COC(=O)CCCCC(=O)O[*],Egc,6.422
2660,[*]CC(CCl)(CCl)C(=O)O[*],Egc,6.538
2661,[*]CC(CCl)(CCl)C(=O)O[*],Egcr,6.1969
2662,[*]CC(CCl)(CCl)C(=O)O[*],eib,3.271970378
2663,[*]CC(CCl)(CCl)CO[*],Egc,6.5804
2664,[*]CC(CCl)(CCl)COC(=O)C(=O)O[*],Egc,5.7194
2665,[*]CC(CCl)(CCl)COC(=O)C(=O)O[*],eib,3.244690297
2666,[*]CC(CCl)(CCl)COC(=O)c1ccc(C(=O)O[*])cc1,Egc,4.5788
2667,[*]CC(CCl)(CCl)COC(=O)c1ccc(C(=O)O[*])cc1,eib,1.363575698
2668,[*]CC(CCl)(CCl)COC(=O)c1cccc(C(=O)O[*])c1,Egc,4.9168
2669,[*]CC(CCl)(CCl)COC(=O)c1cccc(C(=O)O[*])c1,eib,2.015554153
2670,[*]CC(CCl)(CCl)COC(=O)CCC(=O)O[*],Egc,6.7655
2671,[*]CC(CCl)(CCl)COC(=O)CCC(=O)O[*],eib,3.701114098
2672,[*]CC(CCl)(CCl)COC(=O)CCCCC(=O)O[*],Egc,6.6038
2673,[*]CC(CCl)(CCl)COC(=O)CCCCCCCCC(=O)O[*],Egc,6.7882
2674,[*]CC(CCl)(CCl)O[*],Egc,5.6681
2675,[*]CC(CCl)(CCl)O[*],eib,3.940489051
2676,[*]CC(CCl)(CI)COC(=O)CCCCC(=O)O[*],Egc,5.2961
2677,[*]CC(CCl)(CO[*])COC(C)=O,Egc,6.2977
2678,[*]CC(CCl)O[*],Egc,6.4132
2679,[*]CC(CCl)O[*],eib,3.935764299
2680,[*]CC(CF)O[*],Egc,6.1994
2681,[*]CC(CF)O[*],eib,4.092370646
2682,[*]CC(Cl)(C#N)C1C=CC([*])CC1,Egc,5.2355
2683,[*]CC(Cl)(C#N)C1C=CC([*])CC1,eib,3.385171086
2684,[*]CC(Cl)C(Cl)C([*])Cl,Egc,6.8616
2685,[*]CC(Cl)C(Cl)C([*])Cl,eib,3.595420816
2686,[*]CC(CO)(CO)CO[*],Egc,5.6943
2687,[*]CC(CO)(CO)CO[*],eib,3.968743418
2688,[*]CC(CO[*])(COC(C)=O)COC(C)=O,Egc,6.1648
2689,[*]CC(CO[*])(COC=O)COC=O,Egc,6.3091
2690,[*]CC(CO[*])(COC=O)COC=O,eib,3.845581902
2691,[*]CC(CO[*])(COc1ccccc1)COc1ccccc1,Egc,4.7533
2692,[*]CC(CO[*])(COc1ccccc1)COc1ccccc1,eib,4.242858548
2693,[*]CC(CO[*])(COCC(F)(F)F)COCC(F)(F)F,Egc,6.0009
2694,[*]CC(CO[*])(COCC)COCC,Egc,5.1949
2695,[*]CC(CO[*])(CS(=O)(=O)C(C)C)CS(=O)(=O)C(C)C,Egc,5.6621
2696,[*]CC(CO[*])(CS(=O)(=O)CC)CS(=O)(=O)CC,Egc,5.3209
2697,[*]CC(CO[*])(CS(=O)(=O)CCC)CS(=O)(=O)CCC,Egc,4.8377
2698,[*]CC(CO[*])(CS(=O)(=O)CCC)CS(=O)(=O)CCC,eib,4.339340214
2699,[*]CC(CO[*])(CS(=O)(=O)CCCC)CS(=O)(=O)CCCC,Egc,5.266
2700,[*]CC(CO[*])(CS(=O)(=O)CCCCC)CS(=O)(=O)CCCCC,Egc,5.5275
2701,[*]CC(CO[*])(CS(C)(=O)=O)CS(C)(=O)=O,Egc,6.135
2702,[*]CC(CO[*])(CSC(C)C)CSC(C)C,Egc,4.7366
2703,[*]CC(CO[*])(CSC)CSC,Egc,5.0864
2704,[*]CC(CO[*])(CSC)CSC,eib,4.246059386
2705,[*]CC(CO[*])(CSCC)CSCC,Egc,4.7532
2706,[*]CC(CO[*])(CSCCCC)CSCCCC,Egc,4.5588
2707,[*]CC(CO[*])C(C)(C)C,Egc,5.7473
2708,[*]CC(COC(F)(C(F)(F)F)C(F)(F)F)O[*],Egc,6.6106
2709,[*]CC(COC)O[*],Egc,5.6346
2710,[*]CC(COC)O[*],eib,4.110930235
2711,[*]CC(COc1c(Cl)cc(Cl)cc1Cl)O[*],Egc,4.6256
2712,[*]CC(COc1c(Cl)cc(Cl)cc1Cl)O[*],eib,3.568608013
2713,[*]CC(COc1ccc(-c2ccc(C#N)cc2)cc1)O[*],Egc,3.8156
2714,[*]CC(COc1ccc(Cl)cc1)O[*],Egc,4.9216
2715,[*]CC(COc1ccc(Cl)cc1)O[*],eib,4.254733028
2716,[*]CC(COc1ccc(OC)cc1)O[*],Egc,4.0197
2717,[*]CC(COc1cccc(C)c1)O[*],Egc,4.5798
2718,[*]CC(COCC)O[*],Egc,5.6017
2719,[*]CC(COCC=C)O[*],Egc,5.2481
2720,[*]CC(COCCCC)O[*],Egc,5.303
2721,[*]CC(COCCCCCC)O[*],Egc,5.7915
2722,[*]CC(COCCOCCOC)O[*],Egc,5.1377
2723,[*]CC(CS(=O)(=O)C(C)C)O[*],Egc,5.1555
2724,[*]CC(CS(=O)(=O)C(C)C)O[*],eib,4.116352413
2725,[*]CC(CS(=O)(=O)CC)O[*],Egc,5.4139
2726,[*]CC(CS(=O)(=O)CC)O[*],eib,3.805122739
2727,[*]CC(CS(=O)(=O)CCC)O[*],Egc,6.0412
2728,[*]CC(CS(=O)(=O)CCC)O[*],eib,4.2381059
2729,[*]CC(CS(=O)(=O)CCCC)O[*],Egc,5.8098
2730,[*]CC(CS(=O)(=O)CCCCC)O[*],Egc,6.1531
2731,[*]CC(CS(C)(=O)=O)O[*],Egc,5.5403
2732,[*]CC(CS(C)(=O)=O)O[*],eib,4.076019353
2733,[*]CC(CSC(C)C)O[*],Egc,4.8974
2734,[*]CC(CSC)O[*],Egc,4.5513
2735,[*]CC(F)(F)C(F)(F)C(F)(F)C(F)(F)COC(=O)C(F)(F)C(F)(F)C(F)(F)C(F)(F)C(=O)O[*],Egc,6.2242
2736,[*]CC(F)(F)C(F)(F)C(F)(F)C(F)(F)COC(=O)C(F)(F)C(F)(F)C(F)(F)C(F)(F)C(=O)O[*],eib,3.923080687
2737,[*]CC(F)(F)C(F)(F)C(F)(F)C(F)(F)COC(=O)CC(CC(=O)O[*])C(F)(F)C(F)(F)C(F)(F)F,Egc,6.873
2738,[*]CC(F)(F)C(F)(F)C(F)(F)C(F)(F)COC(=O)CCCC(=O)O[*],Egc,6.1948
2739,[*]CC(F)(F)C(F)(F)C(F)(F)C(F)(F)COC(=O)CSCCSCC(=O)O[*],Egc,4.7116
2740,[*]CC(F)(F)C(F)(F)C(F)(F)C(F)(F)COC(=O)NCC(F)(F)C(F)(F)C(F)(F)C(F)(F)CNC(=O)O[*],Egc,6.5415
2741,[*]CC(F)(F)C(F)(F)C(F)(F)C(F)(F)COC(=O)NCC(F)(F)C(F)(F)C(F)(F)C(F)(F)CNC(=O)O[*],eib,4.893951223
2742,[*]CC(F)(F)C(F)(F)C(F)(F)C(F)(F)COC(=O)NCCCCCCNC(=O)O[*],Egc,6.2348
2743,[*]CC(F)(F)C(F)(F)C(F)(F)C(F)(F)COC(=O)NCCCCCCNC(=O)O[*],eib,4.886026972
2744,[*]CC(F)(F)C(F)(F)C(F)(F)C(F)(F)COC(=O)O[*],Egc,7.5614
2745,[*]CC(F)(F)C(F)(F)C(F)(F)C(F)(F)COC(=O)O[*],eib,3.597227446
2746,[*]CC(F)(F)C(F)(F)C(F)(F)COC(=O)C(F)(F)C(F)(F)C(F)(F)C(F)(F)C(=O)O[*],Egc,6.3429
2747,[*]CC(F)(F)C(F)(F)C(F)(F)COC(=O)c1cccc(C(=O)O[*])c1,Egc,4.8608
2748,[*]CC(F)(F)C(F)(F)C(F)(F)COC(=O)c1cccc(C(=O)O[*])c1OCCCCC,Egc,3.8943
2749,[*]CC(F)(F)C(F)(F)C(F)(F)COC(=O)c1cccc(-c2cccc(C(=O)O[*])c2)c1,Egc,3.9384
2750,[*]CC(F)(F)C(F)(F)C(F)(F)COC(=O)c1cccc(-c2cccc(C(=O)O[*])c2)c1,eib,3.085647088
2751,[*]CC(F)(F)C(F)(F)C(F)(F)COC(=O)CC(CC(=O)O[*])C(F)(F)C(F)(F)C(F)(F)F,Egc,6.3593
2752,[*]CC(F)(F)C(F)(F)C(F)(F)COC(=O)CCCC(=O)O[*],Egc,6.7542
2753,[*]CC(F)(F)C(F)(F)C(F)(F)COC(=O)CCCC(=O)O[*],Egcr,5.7563
2754,[*]CC(F)(F)C(F)(F)C(F)(F)COC(=O)CCCCC(=O)O[*],Egc,6.5793
2755,[*]CC(F)(F)C(F)(F)C(F)(F)COC(=O)CCCCC(=O)O[*],Egcr,6.2672
2756,[*]CC(F)(F)C(F)(F)C(F)(F)COC(=O)CSCSCC(=O)O[*],Egc,4.99
2757,[*]CC(F)(F)C(F)(F)C(F)(F)COC(=O)NCC(F)(F)C(F)(F)C(F)(F)C(F)(F)CNC(=O)O[*],Egc,6.7502
2758,[*]CC(F)(F)C(F)(F)C(F)(F)COC(=O)NCC(F)(F)C(F)(F)C(F)(F)C(F)(F)CNC(=O)O[*],Egcr,6.4326
2759,[*]CC(F)(F)C(F)(F)C(F)(F)COC(=O)NCC(F)(F)C(F)(F)C(F)(F)C(F)(F)CNC(=O)O[*],eib,4.194372575
2760,[*]CC(F)(F)C(F)(F)C(F)(F)COC(=O)NCCCCCCNC(=O)O[*],Egc,6.0804
2761,[*]CC(F)(F)C(F)(F)C(F)(F)COC(=O)NCCCCCCNC(=O)O[*],eib,4.626095395
2762,[*]CC(F)(F)C(F)(F)C(F)(F)COc1c(F)c(F)c(O[*])c(F)c1F,Egc,4.2427
2763,[*]CC(F)(F)C(F)(F)COC(=O)NCC(F)(F)C(F)(F)C(F)(F)C(F)(F)CNC(=O)O[*],Egc,6.9345
2764,[*]CC(F)(F)C(F)(F)COC(=O)NCCCCCCNC(=O)O[*],Egc,6.2411
2765,[*]CC(F)(F)C(F)(F)COC(=O)NCCCCCCNC(=O)O[*],eib,4.035952671
2766,[*]CC(F)(F)C(F)=C([*])Cl,Egc,4.7787
2767,[*]CC(F)(F)C(F)=C([*])Cl,eib,1.945328237
2768,[*]CC(F)(F)C1(F)CC(CC(O)(C(F)(F)F)C(F)(F)F)CC1[*],Egc,7.8745
2769,[*]CC(F)(F)C1(F)CC(CC(O)(C(F)(F)F)C(F)(F)F)CC1[*],eib,4.890535529
2770,[*]CC(O)C(O)CN([*])c1ccc(N(C)C)cc1,Egc,4.0458
2771,[*]CC(O)C(O)CN([*])c1ccc(N(C)C)cc1,eib,3.972152031
2772,[*]CC(O)C(O)COC(=O)O[*],Egc,6.72
2773,[*]CC(O)C(O)COC(=O)O[*],eib,3.885151367
2774,[*]CC(O)CN([*])c1cc(C)c(N=Nc2ccc(Cl)cc2)c(C)c1,Egc,2.7562
2775,[*]CC(O)CN([*])c1cc(C)cc(C)c1,Egc,4.5108
2776,[*]CC(O)CN([*])c1ccc(N=Nc2ccc([N+](=O)[O-])cc2)cc1,Egc,2.671
2777,[*]CC(O)CN([*])c1ccc(N=Nc2ccc(C#N)cc2)cc1,Egc,1.9599
2778,[*]CC(O)CN([*])c1ccc(N=Nc2ccc(C(=O)O)cc2)cc1,Egc,2.5695
2779,[*]CC(O)CN([*])c1ccc(N=Nc2ccc(Cl)cc2)cc1,Egc,2.5842
2780,[*]CC(O)CO[*],Egc,6.5218
2781,[*]CC(O)COC(=O)CC(=CC(=O)O[*])c1cc(C)ccc1OC,Egc,3.5228
2782,[*]CC(O)COC(=O)CC(=CC(=O)O[*])c1ccc(OCC)cc1,Egc,3.6443
2783,[*]CC(O)COC(=O)CCCCC(=O)OCC(O)COc1ccc(O[*])cc1,Egc,5.1211
2784,[*]CC(O)COC(=O)CCCCC(=O)OCC(O)COc1ccc(O[*])cc1,eib,3.527326202
2785,[*]CC(O)COc1ccc(C(=O)c2ccc(O[*])cc2)cc1,Egc,4.2124
2786,[*]CC(O)COc1ccc(C(C)(C)c2ccc(O[*])c(Cl)c2)cc1Cl,Egc,4.2119
2787,[*]CC(O)COc1ccc(C(C)(C)c2ccc(O[*])c(Cl)c2)cc1Cl,eib,3.89416862
2788,[*]CC(O)COc1ccc(C(C)(C)c2ccc(O[*])cc2)cc1,Egc,4.8415
2789,[*]CC(O)COc1ccc(C(C)(C)c2ccc(OCC(O)COc3ccc(S(=O)(=O)c4ccc(O[*])cc4)cc3)cc2)cc1,Egc,3.9847
2790,[*]CC(O)COc1ccc(C(C)(C)c2ccc(OCC(O)COc3cccc(O[*])c3)cc2)cc1,Egc,4.7967
2791,[*]CC(O)COc1ccc(C(C)(c2ccccc2)c2ccc(O[*])cc2)cc1,Egc,4.6083
2792,[*]CC(O)COc1ccc(C(C)CC(C)(C)c2ccc(O[*])cc2)cc1,Egc,4.9655
2793,[*]CC(O)COc1ccc(O[*])cc1,Egc,4.733
2794,[*]CC(O)COc1ccc(O[*])cc1,eib,3.751789887
2795,[*]CC(O)COc1ccc(S(=O)(=O)c2ccc(O[*])c(C)c2)cc1C,Egc,3.6449
2796,[*]CC(O)COc1ccc(S(=O)(=O)c2ccc(O[*])c(C)c2)cc1C,eib,2.222399307
2797,[*]CC(O)COc1ccc(S(=O)(=O)c2ccc(OCC(O)COc3cccc(O[*])c3)cc2)cc1,Egc,4.1474
2798,[*]CC(O)COc1cccc(O[*])c1,Egc,5.2278
2799,[*]CC(O)COc1cccc(O[*])c1,eib,3.788755673
2800,[*]CC(O[*])C(C)(C)C,Egc,5.4545
2801,[*]CC(O[*])C(C)C,Egc,5.7684
2802,[*]CC(O[*])C(F)(F)F,Egc,6.435
2803,[*]CC(O[*])C(F)(F)F,eib,3.493668192
2804,[*]CC(O[*])C1CC(F)(F)C1(F)F,Egc,6.2217
2805,[*]CC(O[*])C1CC(F)(F)C1(F)F,eib,4.067513079
2806,[*]CC(O[*])c1ccccc1,Egc,5.4524
2807,[*]CC(O[*])c1ccccc1,eib,4.157482044
2808,[*]CC(O[*])c1ccco1,Egc,5.0528
2809,[*]CC(O[*])c1ccco1,eib,4.15629648
2810,[*]CC(OC(=O)C(=O)OCC)C(COC(=O)O[*])OC(=O)C(=O)OCC,Egc,4.9152
2811,[*]CC(OC(=O)C(=O)OCC)C(COC(=O)O[*])OC(=O)C(=O)OCC,eib,2.756256994
2812,[*]CC(OC(=O)OCC)C(COC(=O)O[*])OC(=O)OCC,Egc,6.9928
2813,[*]CC(OC(=O)OCC)C(COC(=O)O[*])OC(=O)OCC,eib,4.088038886
2814,[*]CC(OC(C)=O)C(COC(=O)O[*])OC(C)=O,Egc,6.5157
2815,[*]CC(OC(C)=O)C(COC(=O)O[*])OC(C)=O,eib,3.942041557
2816,[*]CC(OC(C)=O)C1C(=O)N(c2ccc(C)cc2)C(=O)C1([*])Cl,Egc,4.7114
2817,[*]CC(OC(C)=O)C1C(=O)N(c2ccc(C)cc2)C(=O)C1([*])Cl,eib,2.974973094
2818,[*]CC(OC(C)=O)C1C(=O)N(c2ccccc2)C(=O)C1([*])Cl,Egc,4.9786
2819,[*]CC(OC(C)=O)C1C(=O)N(c2ccccc2)C(=O)C1([*])Cl,eib,3.26329607
2820,[*]CC(OC(C)=O)C1C(=O)OC(=O)C1[*],Egc,5.8319
2821,[*]CC(OC)C(C(=O)O)C([*])C(=O)O,Egc,6.2764
2822,[*]CC(OC)C(C(=O)OC)C([*])C(=O)OC,Egc,6.0489
2823,[*]CC(OC)C1(C)C(=O)OC(=O)C1([*])C,Egc,5.7374
2824,[*]CC(OC)C1(C)C(=O)OC(=O)C1([*])C,eib,2.986341725
2825,[*]CC(OC)C1C(=O)OC(=O)C1[*],Egc,5.9831
2826,[*]CC(OC)C1C(=O)OC(=O)C1[*],eib,2.988960737
2827,[*]CC(OC=O)C(COC(=O)O[*])OC=O,Egc,7.0118
2828,[*]CC(OC=O)C(COC(=O)O[*])OC=O,eib,4.027010559
2829,[*]CC(OC1CCCCC1)C1C(=O)OC(=O)C1[*],Egc,5.6069
2830,[*]CC(OCC(C)C)C1(C)C(=O)OC(=O)C1([*])C,Egc,5.8465
2831,[*]CC(OCC)C(C#N)(C#N)C([*])(C#N)C(=O)OC,Egc,5.3554
2832,[*]CC(OCC)C(C#N)(C#N)C([*])(C#N)C(=O)OC,Egcr,5.4071
2833,[*]CC(OCC)C(C(=O)OC)C([*])C(=O)OC,Egc,5.7251
2834,[*]CC(OO[*])c1ccc(Br)cc1,Egc,4.7102
2835,[*]CC(OO[*])c1ccc(C(C)(C)C)cc1,Egc,5.0492
2836,[*]CC(S[*])C(C)(C)C,Egc,4.5517
2837,[*]CC(S[*])C(C)(C)C,eib,4.629611974
2838,[*]CC(S[*])C(C)C,Egc,5.2006
2839,[*]CC(S1)=CC=C1C(=O)C(=S)[*],Egc,3.1043
2840,[*]CC(S1)=CC=C1C(=O)C(=S)[*],eib,0.872007896
2841,[*]CC(S1)=CC=C1C(=O)C(S2)=CC=C2[*],Egc,3.3554
2842,[*]CC(S1)=CC=C1C(=O)C(S2)=CC=C2[*],eib,1.4232058
2843,[*]CC(S1)=CC=C1C(=O)O[*],Egc,4.4211
2844,[*]CC(S1)=CC=C1C(=O)O[*],eib,1.809158602
2845,[*]CC(S1)=CC=C1C(=S)C(S2)=CC=C2[*],Egc,2.5053
2846,[*]CC(S1)=CC=C1C(=S)C(S2)=CC=C2[*],eib,1.00359597
2847,[*]CC(S1)=CC=C1C(=S)O[*],Egc,3.272
2848,[*]CC(S1)=CC=C1C(=S)O[*],eib,1.221159819
2849,[*]CC(S1)=CC=C1C(C=C2)=CC=C2C(=S)[*],Egc,2.7094
2850,[*]CC(S1)=CC=C1C(C=C2)=CC=C2C(=S)[*],eib,1.345476471
2851,[*]CC(S1)=CC=C1C(C=C2)=CC=C2C(S3)=CC=C3[*],Egc,3.3637
2852,[*]CC(S1)=CC=C1C(C=C2)=CC=C2C(S3)=CC=C3[*],eib,2.569589624
2853,[*]CC(S1)=CC=C1C(C=C2)=CC=C2O[*],Egc,4.0146
2854,[*]CC(S1)=CC=C1C(C=C2)=CC=C2O[*],eib,2.867950168
2855,[*]CC(S1)=CC=C1C(S2)=CC=C2C(=S)[*],Egc,2.4788
2856,[*]CC(S1)=CC=C1C(S2)=CC=C2C(=S)[*],eib,1.110058756
2857,[*]CC(S1)=CC=C1C(S2)=CC=C2C(S3)=CC=C3[*],Egc,2.9777
2858,[*]CC(S1)=CC=C1C(S2)=CC=C2C(S3)=CC=C3[*],eib,2.288388571
2859,[*]CC(S1)=CC=C1C(S2)=CC=C2O[*],Egc,3.4592
2860,[*]CC(S1)=CC=C1C(S2)=CC=C2O[*],eib,2.547829847
2861,[*]CC(S1)=CC=C1CC(=S)[*],Egc,3.308
2862,[*]CC(S1)=CC=C1CC(=S)[*],eib,1.743219389
2863,[*]CC(S1)=CC=C1CC(S2)=CC=C2[*],Egc,4.6631
2864,[*]CC(S1)=CC=C1CC(S2)=CC=C2[*],eib,3.211834081
2865,[*]CC(S1)=CC=C1CO[*],Egc,4.5918
2866,[*]CC(S1)=CC=C1CO[*],eib,2.76426244
2867,[*]CC(S1)=CC=C1NC(=S)[*],Egc,3.7969
2868,[*]CC(S1)=CC=C1NC(=S)[*],eib,2.096341196
2869,[*]CC(S1)=CC=C1NC(S2)=CC=C2[*],Egc,4.1465
2870,[*]CC(S1)=CC=C1NC(S2)=CC=C2[*],eib,3.249070915
2871,[*]CC(S1)=CC=C1NO[*],Egc,3.6722
2872,[*]CC(S1)=CC=C1NO[*],eib,2.851526178
2873,[*]CC(S1)=CC=C1OC(=S)[*],Egc,3.8139
2874,[*]CC(S1)=CC=C1OC(=S)[*],eib,1.948123773
2875,[*]CC(S1)=CC=C1OC(S2)=CC=C2[*],Egc,4.5746
2876,[*]CC(S1)=CC=C1OC(S2)=CC=C2[*],eib,2.956089402
2877,[*]CC(SS[*])c1ccccc1,Egc,4.8143
2878,[*]CC=C(C)C(C)S([*])(=O)=O,Egc,4.7127
2879,[*]CC=CC(C)S([*])(=O)=O,Egc,5.1822
2880,[*]CC=CCNC(=O)CCC=CCCC(=O)N[*],Egc,5.3297
2881,[*]CC=CCOC(=O)CCCCCCCCC(=O)O[*],Egc,6.0636
2882,[*]CC=CCOC(=O)NCCCCCCNC(=O)O[*],Egc,5.818
2883,[*]CC=CCOC(=O)NCCCCCCNC(=O)O[*],eib,3.422248804
2884,[*]CC1([*])CCCCC1,Egc,6.2872
2885,[*]CC1([*])CCCCC1,Egcr,7.3387
2886,[*]CC1([*])CCCCC1,eib,4.282312362
2887,[*]CC1(C(=O)O)COCC([*])(C(=O)O)C1,Egc,5.7946
2888,[*]CC1(C)CC([*])(C)C(=O)OC1=O,Egc,5.867
2889,[*]CC1(C)CC([*])(C)C(=O)OC1=O,eib,2.668001555
2890,[*]CC1(C)CC(CC2(C)CC(N3C(=O)N4C(c5ccc(OC)cc5)N([*])C(=O)N4C3c3ccc(OC)cc3)CC(C)(C)C2)CC(C)(C)C1,Egc,4.9837
2891,[*]CC1(C)CC(N2C(=O)c3ccc(-c4ccc5c(c4)C(=O)N([*])C5=O)cc3C2=O)CC(C)(C)C1,Egc,3.6299
2892,[*]CC1(C)CC(N2C(=O)c3ccc(-c4ccc5c(c4)C(=O)N([*])C5=O)cc3C2=O)CC(C)(C)C1,eib,1.157017715
2893,[*]CC1(CO[*])CC=C(C)CC1,Egc,5.4083
2894,[*]CC1(CO[*])CC=CCC1,Egc,5.2922
2895,[*]CC1(CO[*])CC2C=CC1C2,Egc,5.611
2896,[*]CC1(CO[*])CC2C=CC1C2,eib,4.291188946
2897,[*]CC1(CO[*])CC2CCC1CC2,Egc,5.7352
2898,[*]CC1(CO[*])CCC(C)CC1,Egc,5.8267
2899,[*]CC1(CO[*])CCCCC1,Egc,5.8122
2900,[*]Cc1c(C)c(C)c(CNC(=O)CCCC(=O)N[*])c(C)c1C,Egc,5.2222
2901,[*]Cc1c(C)c(C)c(CNC(=O)CCCCC(=O)N[*])c(C)c1C,Egc,5.418
2902,[*]Cc1c(C)c(C)c(CNC(=O)CCCCCC(C)CC(=O)N[*])c(C)c1C,Egc,5.2631
2903,[*]Cc1c(C)c(C)c(CSC(=O)C(=O)S[*])c(C)c1C,Egc,3.2265
2904,[*]Cc1c(C)c(C)c(CSC(=O)C(=O)S[*])c(C)c1C,eib,2.02704423
2905,[*]Cc1c(C)c(C)c(CSC(=O)CCC(=O)S[*])c(C)c1C,Egc,4.3904
2906,[*]Cc1c(Cl)cc(cc1)C[*],Egc,4.9944
2907,[*]Cc1c(O)c(C(C)=O)cc(CNC(=S)N[*])c1OC,Egc,3.618
2908,[*]Cc1c(O)c(CNC(=O)N[*])cc(C(CC)=NO)c1O,Egc,4.9278
2909,[*]Cc1c(O)c(CNC(=O)N[*])cc(C(CC)=NO)c1O,eib,4.027630371
2910,[*]CC1CC([*])C(=O)OC1=O,Egc,6.2477
2911,[*]CC1CC([*])C(=O)OC1=O,eib,2.774226126
2912,[*]CC1CC([*])CC(O)C1,Egc,6.4454
2913,[*]CC1CC([*])CN(c2nc(N)nc(N)n2)C1,Egc,5.1412
2914,[*]CC1CC([*])OC(C)O1,Egc,6.0751
2915,[*]CC1CC([*])OC(CCC)O1,Egc,6.1416
2916,[*]CC1CC([*])OCO1,Egc,6.4797
2917,[*]Cc1cc(C)c([*])cc1C,Egc,4.9568
2918,[*]Cc1cc(C)c([*])cc1C,eib,3.520356785
2919,[*]Cc1cc(C)c(CNC(=O)CCCCC(=O)N[*])cc1C,Egc,5.1111
2920,[*]Cc1cc(C)c(CNC(=O)CCCCCCC(=O)N[*])cc1C,Egc,4.6206
2921,[*]Cc1cc(C23CC4CC(CC(C4)C2)C3)cc(CN([*])C)c1O,Egc,4.6273
2922,[*]Cc1cc(C23CC4CC(CC(C4)C2)C3)cc(CN([*])C)c1O,eib,4.023716257
2923,[*]CC1CC(CNC(=O)c2cccc(C(=O)N[*])c2)CC(C(C)(C)C)C1,Egc,4.9259
2924,[*]CC1CC(CNC(=O)c2cccc(C(=O)N[*])c2)CC(C(C)(C)C)C1,eib,2.643584448
2925,[*]Cc1cc(CNC(=O)CCCCC(=O)N[*])cc(C(C)(C)C)c1,Egc,5.2158
2926,[*]CC1CC(COC(=O)c2ccc(C(=O)O[*])cc2)CC(C(C)(C)C)C1,Egc,4.652
2927,[*]Cc1cc(COC(=O)Nc2ccc(Cc3ccc(NC(=O)O[*])cc3)cc2)cc(C(C)(C)C)c1,Egc,4.529
2928,[*]CC1CC1CO[*],Egc,6.058
2929,[*]CC1CC1CO[*],Egcr,6.9566
2930,[*]CC1CC1CO[*],eib,4.252164249
2931,[*]CC1CC1COC(=O)c1cccc(C(=O)O[*])c1,Egc,5.001
2932,[*]CC1CC1COC(=O)c1cccc(C(=O)O[*])c1,Egcr,4.4908
2933,[*]CC1CC1COC(=O)c1cccc(C(=O)O[*])c1,eib,2.367701426
2934,[*]CC1CC1COC(=O)NC1CC1NC(=O)O[*],Egc,6.2541
2935,[*]CC1CC1COC(=O)NC1CC1NC(=O)O[*],eib,3.867984158
2936,[*]CC1CC1COC(=O)Nc1ccc(C)c(NC(=O)O[*])c1,Egc,5.1055
2937,[*]CC1CC1COC(=O)Nc1ccc(C)c(NC(=O)O[*])c1,Egcr,4.7181
2938,[*]CC1CC1COC(=O)Nc1ccc(C)c(NC(=O)O[*])c1,eib,3.664975453
2939,[*]CC1CC1COC(=O)NCCCCCCNC(=O)O[*],Egc,5.8683
2940,[*]CC1CC1COC(=O)NCCCCCCNC(=O)O[*],eib,3.20996118
2941,[*]CC1CCC([*])C1,Egc,6.8566
2942,[*]CC1CCC([*])C1,Egcr,7.9703
2943,[*]CC1CCC([*])C1,eib,3.974097453
2944,[*]Cc1ccc(C(=O)N[*])cc1,Egc,4.9852
2945,[*]Cc1ccc(C(=O)N[*])cc1,eib,2.625002713
2946,[*]Cc1ccc(C(=O)O[*])cc1,Egc,4.8311
2947,[*]Cc1ccc(C[*])c(C#N)c1,Egc,4.6467
2948,[*]Cc1ccc(C[*])c(C)c1,Egc,4.9923
2949,[*]Cc1ccc(C[*])c(CC)c1,Egc,5.0672
2950,[*]Cc1ccc(-c2ccc(C(=O)O[*])cc2)cc1,Egc,4.0877
2951,[*]Cc1ccc(-c2ccc(C(=O)O[*])cc2)cc1,eib,2.191895483
2952,[*]Cc1ccc(-c2ccc(CSC(=O)C(=O)S[*])cc2)cc1,Egc,3.2752
2953,[*]Cc1ccc(-c2ccc(CSC(=O)C(=O)S[*])cc2)cc1,eib,1.970186858
2954,[*]Cc1ccc(-c2ccc(CSC(=O)c3cccc(C(=O)S[*])c3)cc2)cc1,Egc,3.5122
2955,[*]Cc1ccc(-c2ccc(CSC(=O)c3cccc(C(=O)S[*])c3)cc2)cc1,eib,3.533768119
2956,[*]Cc1ccc(-c2ccc(CSC(=O)CCC(=O)S[*])cc2)cc1,Egc,4.6228
2957,[*]Cc1ccc(-c2ccc(CSC(=O)CCCCC(=O)S[*])cc2)cc1,Egc,4.1374
2958,[*]Cc1ccc(Cc2ccc(CSC(=O)c3cccc(C(=O)S[*])c3)cc2)cc1,Egc,3.5655
2959,[*]Cc1ccc(Cc2ccc(CSC(=O)c3cccc(C(=O)S[*])c3)cc2)cc1,eib,4.384248997
2960,[*]Cc1ccc(Cc2ccc(CSC(=O)c3ccccc3C(=O)S[*])cc2)cc1,Egc,3.472
2961,[*]Cc1ccc(CN(C)C(=O)CCCCC(=O)N([*])C)cc1,Egc,5.2834
2962,[*]Cc1ccc(CN2CCN([*])C(C)C2)cc1,Egc,4.6134
2963,[*]Cc1ccc(CN2CCN([*])C(C)C2)cc1,eib,3.794367527
2964,[*]CC1CCC(CNC(=O)c2cc(C(=O)N[*])cc(C(C)(C)C)c2)CC1,Egc,4.7735
2965,[*]CC1CCC(CNC(=O)c2cc(C(=O)N[*])cc(C(C)(C)C)c2)CC1,Egcr,5.1615
2966,[*]CC1CCC(CNC(=O)c2cc(C(=O)N[*])cc(C(C)(C)C)c2)CC1,eib,3.784980581
2967,[*]Cc1ccc(CNC(=O)c2cccc(C(=O)N[*])c2)cc1,Egc,4.6431
2968,[*]CC1CCC(CNC(=O)c2cccc(C(=O)N[*])c2)CC1,Egc,4.9063
2969,[*]CC1CCC(CNC(=O)CCCC(=O)N[*])CC1,Egc,6.0232
2970,[*]CC1CCC(CNC(=O)CCCCC(=O)N[*])CC1,Egc,5.3885
2971,[*]CC1CCC(CNC(=O)CCCCCC(=O)N[*])CC1,Egc,5.7688
2972,[*]CC1CCC(CNC(=O)CCCCCC(=O)N[*])CC1,Egcr,5.2823
2973,[*]Cc1ccc(CNC(=O)CCCCCCC(=O)N[*])cc1,Egc,5.311
2974,[*]CC1CCC(CNC(=O)CCCCCCC(=O)N[*])CC1,Egc,5.7079
2975,[*]CC1CCC(CNC(=O)CCCCCCCC(=O)N[*])CC1,Egc,5.6927
2976,[*]Cc1ccc(CNC(=O)CCCCCCCCC(=O)N[*])cc1,Egc,5.3317
2977,[*]CC1CCC(CNC(=O)CCCCCCCCC(=O)N[*])CC1,Egc,5.67
2978,[*]Cc1ccc(CNC(=O)CCCCCCCCCC(=O)N[*])cc1,Egc,5.2404
2979,[*]Cc1ccc(CNC(=O)CCCCCCCCCCC(=O)N[*])cc1,Egc,5.2391
2980,[*]CC1CCC(CNC(=O)CCCCCCCCCCC(=O)N[*])CC1,Egc,5.9503
2981,[*]Cc1ccc(CNC(=O)CCCCCCCCCCC(=O)N[*])cc1,eib,3.220208221
2982,[*]Cc1ccc(CNC(=O)CCCCCCCCCCCCCC(=O)N[*])cc1,Egc,5.1486
2983,[*]Cc1ccc(CNC(=O)CCCCCCCCCCCCCC(=O)N[*])cc1,eib,3.395185621
2984,[*]Cc1ccc(CNC(=O)CCCCCCCCCCCCCCCC(=O)N[*])cc1,Egc,5.2536
2985,[*]Cc1ccc(CNC(=O)CCCCCCCCCCCCCCCCCCCCC(=O)N[*])cc1,Egc,5.5433
2986,[*]Cc1ccc(CNC(C)=N[*])cc1,Egc,4.9307
2987,[*]Cc1ccc(CO[*])cc1,Egc,4.8948
2988,[*]Cc1ccc(CO[*])cc1,eib,2.485082542
2989,[*]Cc1ccc(COC(=O)C(=O)O[*])cc1,Egc,4.5995
2990,[*]CC1CCC(COC(=O)C(=O)O[*])CC1,Egc,5.4782
2991,[*]Cc1ccc(COC(=O)c2cc(-c3ccccc3)ccc2C(=O)O[*])cc1,Egc,3.6607
2992,[*]Cc1ccc(COC(=O)c2ccc(C(=O)O[*])cc2)cc1,Egc,4.1083
2993,[*]Cc1ccc(COC(=O)C2CCC(C(=O)O[*])CC2)cc1,Egc,5.1825
2994,[*]CC1CCC(COC(=O)C2CCC(C(=O)O[*])CC2)CC1,Egc,6.5261
2995,[*]CC1CCC(COC(=O)C2CCC(C(=O)O[*])CC2)CC1,Egcr,6.4924
2996,[*]CC1CCC(COC(=O)c2ccc(NC(=O)O[*])cc2)CC1,Egc,4.4247
2997,[*]Cc1ccc(COC(=O)c2ccc3cc(C(=O)O[*])ccc3c2)cc1,Egc,3.6512
2998,[*]Cc1ccc(COC(=O)c2cccc(C(=O)O[*])c2)cc1,Egc,4.3023
2999,[*]Cc1ccc(COC(=O)CC(=O)O[*])cc1,Egc,5.408
3000,[*]Cc1ccc(COC(=O)CC(=O)O[*])cc1,eib,3.310017912
3001,[*]Cc1ccc(COC(=O)Cc2ccc(C(=O)O[*])cc2)cc1,Egc,4.4684
3002,[*]Cc1ccc(COC(=O)Cc2ccc(C(=O)O[*])cc2)cc1,eib,2.819979344
3003,[*]Cc1ccc(COC(=O)Cc2ccc(CC(=O)O[*])cc2)cc1,Egc,5.0073
3004,[*]CC1CCC(COC(=O)Cc2ccc(CC(=O)O[*])cc2)CC1,Egc,5.3679
3005,[*]Cc1ccc(COC(=O)CCC(=O)O[*])cc1,Egc,5.3869
3006,[*]CC1CCC(COC(=O)CCC(=O)O[*])CC1,Egc,6.6088
3007,[*]Cc1ccc(COC(=O)CCC(=O)O[*])cc1,eib,3.539093512
3008,[*]Cc1ccc(COC(=O)CCCC(=O)O[*])cc1,Egc,5.3266
3009,[*]CC1CCC(COC(=O)CCCC(=O)O[*])CC1,Egc,6.6651
3010,[*]Cc1ccc(COC(=O)CCCC(=O)O[*])cc1,eib,3.117049945
3011,[*]Cc1ccc(COC(=O)CCCCC(=O)O[*])cc1,Egc,5.4786
3012,[*]CC1CCC(COC(=O)CCCCC(=O)O[*])CC1,Egc,6.5926
3013,[*]Cc1ccc(COC(=O)CCCCCC(=O)O[*])cc1,Egc,5.2477
3014,[*]CC1CCC(COC(=O)CCCCCC(=O)O[*])CC1,Egc,6.649
3015,[*]Cc1ccc(COC(=O)CCCCCC(=O)O[*])cc1,eib,3.378242453
3016,[*]Cc1ccc(COC(=O)CCCCCCC(=O)O[*])cc1,Egc,5.316
3017,[*]CC1CCC(COC(=O)CCCCCCC(=O)O[*])CC1,Egc,6.7519
3018,[*]Cc1ccc(COC(=O)CCCCCCCC(=O)O[*])cc1,Egc,5.2217
3019,[*]CC1CCC(COC(=O)CCCCCCCC(=O)O[*])CC1,Egc,6.6905
3020,[*]Cc1ccc(COC(=O)CCCCCCCCC(=O)O[*])cc1,Egc,4.9683
3021,[*]CC1CCC(COC(=O)CCCCCCCCC(=O)O[*])CC1,Egc,6.6477
3022,[*]Cc1ccc(COC(=O)CCCCCCCCCCC(=O)O[*])cc1,Egc,5.4468
3023,[*]CC1CCC(COC(=O)CCCCCCCCCCC(=O)O[*])CC1,Egc,6.7041
3024,[*]Cc1ccc(COC(=O)CCCCCCCCCCCCCCCCCCC(=O)O[*])cc1,Egc,5.3919
3025,[*]Cc1ccc(COC(=O)CCCCS(=O)(=O)CCCCC(=O)O[*])cc1,Egc,5.3354
3026,[*]Cc1ccc(COC(=O)CCCCSCCCCC(=O)O[*])cc1,Egc,4.3125
3027,[*]Cc1ccc(COC(=O)CCCCSCCCCC(=O)O[*])cc1,eib,3.135392547
3028,[*]Cc1ccc(COC(=O)COCC(=O)O[*])cc1,Egc,5.3893
3029,[*]CC1CCC(COC(=O)NCCSCCCCCSCCNC(=O)O[*])CC1,Egc,5.0201
3030,[*]CC1CCC(COC(=O)NCCSCCCCCSCCNC(=O)O[*])CC1,Egcr,5.4414
3031,[*]CC1CCC(COC(=O)NCCSCCCSCCNC(=O)O[*])CC1,Egc,5.2711
3032,[*]CC1CCC(COC(=O)NCCSCCCSCCNC(=O)O[*])CC1,Egcr,5.0712
3033,[*]Cc1ccc(COC(=O)O[*])cc1,Egc,5.1911
3034,[*]CC1CCC(COC(=O)O[*])CC1,Egc,6.8439
3035,[*]Cc1ccc(COC(=O)O[*])cc1,eib,3.422684972
3036,[*]CC1CCC(COC(C)OC(=O)c2cccc(C(=O)OC(C)O[*])c2)CC1,Egc,4.7856
3037,[*]CC1CCC(COCO[*])CC1,Egc,6.3338
3038,[*]Cc1ccc(CSC(=O)NCCCCCCNC(=O)S[*])cc1,Egc,4.7918
3039,[*]Cc1ccc(CSSSS[*])cc1,Egc,4.0998
3040,[*]Cc1ccc(CSSSS[*])cc1,Egcr,3.591
3041,[*]Cc1ccc(CSSSS[*])cc1,eib,2.447794714
3042,[*]Cc1ccc(OCOc2ccc([*])c3cccnc23)c2ncccc12,Egc,3.4275
3043,[*]Cc1ccc(OCOc2ccc([*])c3cccnc23)c2ncccc12,eib,2.181946309
3044,[*]Cc1cccc([*])c1O,Egc,4.4317
3045,[*]Cc1cccc([*])c1O,eib,3.48700027
3046,[*]CC1CCCC(CC(=O)N[*])C1,Egc,6.0231
3047,[*]Cc1cccc(CN([*])c2ccccc2)c1O,Egc,4.0853
3048,[*]Cc1cccc(CN(C)C(=O)CCCCC(=O)N([*])C)c1,Egc,5.2937
3049,[*]Cc1cccc(CNC(=O)C=C(C)C(=O)N[*])c1,Egc,4.3212
3050,[*]Cc1cccc(CNC(=O)C2=C(C(=O)N[*])C3C=CC2C3)c1,Egc,3.6899
3051,[*]Cc1cccc(CNC(=O)C2=C(C(=O)N[*])C3C=CC2C3)c1,eib,2.170972731
3052,[*]CC1CCCC(CNC(=O)c2cccc(C(=O)N[*])c2)C1,Egc,4.7723
3053,[*]Cc1cccc(CNC(=O)CCCCC(=O)N[*])c1,Egc,5.1207
3054,[*]CC1CCCC(CNC(=O)CCCCC(=O)N[*])C1,Egc,5.7794
3055,[*]CC1CCCC(CNC(=O)CCCCCCC(=O)N[*])C1,Egc,5.9394
3056,[*]CC1CCCC(CNC(=O)CCCCCCCCCCC(=O)N[*])C1,Egc,5.6857
3057,[*]Cc1nc(-c2ccc(-c3csc([*])n3)cc2)cs1,Egc,3.9045
3058,[*]Cc1nc(-c2ccc(-c3csc([*])n3)cc2)cs1,eib,2.816406451
3059,[*]Cc1nc2cc3sc([*])nc3cc2s1,Egc,3.3248
3060,[*]CCC([*])=O,Egc,5.2544
3061,[*]CCC([*])=O,eib,2.685012414
3062,[*]CCC([*])O,Egc,6.3537
3063,[*]CCC([*])O,eib,3.642191714
3064,[*]CCC([2H])C([*])([2H])C,Egc,6.8858
3065,[*]CCC(=O)C(=S)[*],Egc,3.2093
3066,[*]CCC(=O)C(=S)[*],eib,0.907945504
3067,[*]CCC(=O)C(C=C1)=CC=C1[*],Egc,4.4327
3068,[*]CCC(=O)C(C=C1)=CC=C1[*],eib,1.962218929
3069,[*]CCC(=O)C(S1)=CC=C1[*],Egc,3.9212
3070,[*]CCC(=O)C(S1)=CC=C1[*],eib,1.641232088
3071,[*]CCC(=O)N([*])C,Egc,4.8524
3072,[*]CCC(=O)N([*])C,eib,3.996639608
3073,[*]CCC(=O)N(CCN(C(=O)CCN1CCN([*])CC1)C(C)C)C(C)C,Egc,4.1956
3074,[*]CCC(=O)N[*],Egc,5.6299
3075,[*]CCC(=O)N[*],eib,3.811059214
3076,[*]CCC(=O)NCC(=O)N[*],Egc,5.7744
3077,[*]CCC(=O)NCc1c(C)c(C)c(CNC(=O)CCO[*])c(C)c1C,Egc,5.2874
3078,[*]CCC(=O)NCCCCCCNC(=O)CCc1ccc([*])s1,Egc,4.9156
3079,[*]CCC(=O)NCCCCCCNC(=O)CCS[*],Egc,5.4312
3080,[*]CCC(=O)NCNC(=O)CCN([*])C1CCCCC1,Egc,3.9047
3081,[*]CCC(=O)O[*],Egc,7.0157
3082,[*]CCC(=O)O[*],Egcr,6.6114
3083,[*]CCC(=O)OC(=O)CCc1ccc([*])o1,Egc,4.7063
3084,[*]CCC(=O)OC(=O)CCC1CCC([*])O1,Egc,5.624
3085,[*]CCC(=O)OC(=O)CCc1ccc([*])s1,Egc,4.7868
3086,[*]CCC(=O)Oc1ccc(OC(=O)CCN2CCN([*])C(C)C2)cc1,Egc,4.4609
3087,[*]CCC(=O)Oc1ccc(OC(=O)CCN2CCN([*])C(C)C2)cc1,eib,3.40796653
3088,[*]CCC(=O)OCCCC=CCCCOC(=O)CCC1NC(=O)C([*])NC1=O,Egc,5.6763
3089,[*]CCC(=O)OCCOC(=O)CCN1CCN([*])CC1,Egc,4.9393
3090,[*]CCC(=S)O[*],Egc,4.1346
3091,[*]CCC(=S)O[*],eib,2.540271319
3092,[*]CCC(C#N)CC(C)=C([*])C,Egc,5.3359
3093,[*]CCC(C#N)CC(C)=C([*])C,eib,3.95945882
3094,[*]CCC(C(=O)OC)C([*])C(=O)OC,Egc,6.5207
3095,[*]CCC(C(=O)OC)C([*])C(=O)OC,Egcr,6.3252
3096,[*]CCC(C(=O)OCC)C([*])C(=O)OCC,Egc,6.3468
3097,[*]CCC(C)(C)C([*])(C)C,Egc,6.3628
3098,[*]CCC(C)(C)CC(C)CNC(=O)c1ccc(C(=O)N[*])cc1,Egc,4.7589
3099,[*]CCC(C)(C)CC(C)CNC(=O)CCCCC(=O)N[*],Egc,5.8392
3100,[*]CCC(C)(C)CC(C)CNC(=O)CCCCC(=O)N[*],eib,3.68730011
3101,[*]CCC(C)(C)CC(C)COC(=O)CCCCC(=O)O[*],Egc,6.6953
3102,[*]CCC(C)=C([*])Cl,Egc,5.0903
3103,[*]CCC(C)=C([*])Cl,eib,4.061091841
3104,[*]CCC(C)C([*])(C)C(=O)OC,Egc,6.6109
3105,[*]CCC(C)C([*])C,Egc,6.6239
3106,[*]CCC(C)C(C)CCNC(=O)c1cccc(C(=O)N[*])c1,Egc,4.9153
3107,[*]CCC(C)C(C)CCNC(=O)c1cccc(C(=O)N[*])c1,Egcr,4.7199
3108,[*]CCC(C)CC(=O)O[*],Egc,6.7476
3109,[*]CCC(C)CC(=O)O[*],Egcr,6.7489
3110,[*]CCC(C)CC(=O)O[*],eib,3.757759667
3111,[*]CCC(C)CC(C)(C)CNC(=O)c1ccc(C(=O)N[*])cc1,Egc,4.71
3112,[*]CCC(C)CCC(=O)N[*],Egc,5.797
3113,[*]CCC(C)CCC(=O)O[*],Egc,6.7876
3114,[*]CCC(C)CCC(=O)S[*],Egc,5.4338
3115,[*]CCC(C)CCOC(=O)CCCCC(=O)O[*],Egc,6.4748
3116,[*]CCC(C)CO[*],Egc,5.942
3117,[*]CCC(C)O[*],Egc,5.9265
3118,[*]CCC(C)O[Si](C)(C)O[*],Egc,6.1309
3119,[*]CCC(C)S[*],Egc,4.8724
3120,[*]CCC(C)S[*],eib,4.340967942
3121,[*]CCC(C=C1)=CC=C1C(=S)[*],Egc,2.7148
3122,[*]CCC(C=C1)=CC=C1C(=S)[*],eib,1.554129509
3123,[*]CCC(C=C1)=CC=C1C(S2)=CC=C2[*],Egc,3.6694
3124,[*]CCC(C=C1)=CC=C1C(S2)=CC=C2[*],eib,2.51215363
3125,[*]CCC(C=C1)=CC=C1O[*],Egc,4.8876
3126,[*]CCC(C=C1)=CC=C1O[*],eib,3.664595664
3127,[*]CCC(c1ccccc1)C([*])c1ccccc1,Egc,5.298
3128,[*]CCC(c1ccccc1)C([*])c1ccccc1,eib,3.953767152
3129,[*]CCC(Cl)=C([*])Cl,Egc,5.3651
3130,[*]CCC(Cl)=C([*])Cl,eib,3.781405484
3131,[*]CCC(Cl)C([*])C,Egc,6.7598
3132,[*]CCC(Cl)C([*])Cl,Egc,6.5894
3133,[*]CCC(Cl)C([*])Cl,Egcr,6.4523
3134,[*]CCC(Cl)C([*])Cl,eib,4.266694523
3135,[*]CCC(F)(F)C([*])(F)Cl,Egc,7.6185
3136,[*]CCC(F)(F)C([*])(F)Cl,Egcr,7.4828
3137,[*]CCC(F)(F)C([*])(F)Cl,eib,3.866704043
3138,[*]CCC(F)(F)C([*])(F)F,Egc,8.6322
3139,[*]CCC(F)(F)C([*])(F)F,eib,4.228458951
3140,[*]CCC(O[*])(C(F)(F)F)C(F)(F)F,Egc,7.3424
3141,[*]CCC(O[*])(C(F)(F)F)C(F)(F)F,eib,3.87879649
3142,[*]CCC(S1)=CC=C1C(=S)[*],Egc,2.5846
3143,[*]CCC(S1)=CC=C1C(=S)[*],eib,1.347507838
3144,[*]CCC(S1)=CC=C1C(S2)=CC=C2[*],Egc,3.1843
3145,[*]CCC(S1)=CC=C1C(S2)=CC=C2[*],eib,2.462983117
3146,[*]CCC(S1)=CC=C1O[*],Egc,4.8714
3147,[*]CCC(S1)=CC=C1O[*],eib,3.817831455
3148,[*]CCC[Si](C)(C)O[Si](C)(C)CCCn1c(=O)c2cc3c(=O)n([*])c(=O)c3cc2c1=O,Egc,3.5493
3149,[*]CCC=C([*])C,Egc,5.2179
3150,[*]CCC=C([*])C(C)(C)C,Egc,4.8144
3151,[*]CCC=C([*])CCC,Egc,5.2335
3152,[*]CCC=C([*])Cl,Egc,5.5601
3153,[*]CCC1C(=O)N(CC)C(=O)C1[*],Egc,5.7968
3154,[*]CCc1c(C)c(C)c([*])c(C)c1C,Egc,4.9425
3155,[*]CCc1c(Cl)c(Cl)c([*])c(Cl)c1Cl,Egc,4.3241
3156,[*]CCc1c(Cl)c(Cl)c([*])c(Cl)c1Cl,eib,2.507634618
3157,[*]CCc1cc([*])c(C)cc1C,Egc,5.2734
3158,[*]CCC1CC([*])C2C3CC(C12)C(C)(C(=O)OC)C3,Egc,6.3564
3159,[*]CCC1CC([*])C2C3CC(CC)C(C3)C12,Egc,6.6591
3160,[*]CCC1CC([*])C2C3CC(CC)C(C3)C12,Egcr,7.528
3161,[*]CCC1CC([*])C2C3CCC(C3)C12,Egc,6.669
3162,[*]CCC1CC([*])C2C3CCC(C3)C12,eib,4.017994167
3163,[*]CCC1CC([*])C2CCCC12,Egc,6.7458
3164,[*]CCC1CC([*])C2CCCC12,Egcr,7.4997
3165,[*]CCC1CC(=O)N([*])C(=O)C1,Egc,5.8804
3166,[*]CCC1CC(=O)N([*])C1=O,Egc,5.9499
3167,[*]CCC1CC(=O)N([*])C1=O,eib,3.108567682
3168,[*]CCc1cc(C)c([*])cc1C,Egc,4.8782
3169,[*]CCc1cc(Cl)c([*])c(Cl)c1,Egc,4.626
3170,[*]CCc1cc(Cl)c([*])cc1Cl,Egc,4.7791
3171,[*]CCc1cc(Cl)c([*])cc1Cl,Egcr,4.8608
3172,[*]CCc1cc(Cl)c([*])cc1Cl,eib,2.993814334
3173,[*]CCc1ccc([*])c(Br)c1,Egc,5.0219
3174,[*]CCc1ccc([*])c(Br)c1,eib,3.29853055
3175,[*]CCc1ccc([*])c(C#N)c1,Egc,4.4939
3176,[*]CCc1ccc([*])c(C#N)c1,eib,1.900723371
3177,[*]CCc1ccc([*])c(C)c1,Egc,4.9587
3178,[*]CCc1ccc([*])c(C)c1,eib,4.105121795
3179,[*]CCc1ccc([*])c(CC)c1,Egc,5.0142
3180,[*]CCc1ccc([*])c(CCCC)c1,Egc,4.8494
3181,[*]CCc1ccc([*])c(Cl)c1,Egc,4.4319
3182,[*]CCc1ccc([*])c(Cl)c1Cl,Egc,5.2304
3183,[*]CCc1ccc([*])c(Cl)c1Cl,eib,3.686168743
3184,[*]CCc1ccc([*])c(F)c1,Egc,5.0304
3185,[*]CCC1CCC([*])C1,Egc,7.0987
3186,[*]CCC1CCC([*])C1,Egcr,7.9915
3187,[*]CCc1ccc([*])cc1,Egc,5.2055
3188,[*]CCc1ccc([*])cc1,eib,3.560709174
3189,[*]CCc1ccc([*])o1,Egc,4.9581
3190,[*]CCc1ccc([*])o1,eib,3.86927811
3191,[*]CCc1ccc([*])s1,Egc,4.8896
3192,[*]CCc1ccc([*])s1,eib,3.628437285
3193,[*]CCc1ccc(-c2ccc([*])cc2)cc1,Egc,4.1864
3194,[*]CCc1ccc(-c2ccc([*])cc2)cc1,eib,2.878971927
3195,[*]CCc1ccc(Cc2ccc([*])cc2)cc1,Egc,5.0497
3196,[*]CCc1ccc(Cc2ccc(CCS[*])cc2)cc1,Egc,4.8714
3197,[*]CCc1ccc(Cc2ccc(CCS[*])cc2)cc1,Egcr,4.3552
3198,[*]CCc1ccc(Cc2ccc(CCS[*])cc2)cc1,eib,3.660169448
3199,[*]CCc1ccc(CCNC(=O)CCCCCCCCCC(=O)N[*])cc1,Egc,5.3249
3200,[*]CCc1ccc(CCOC(=O)CCc2ccc(CCC(=O)O[*])cc2)cc1,Egc,5.445
3201,[*]CCc1cccc([*])c1,Egc,5.4676
3202,[*]CCc1cccc([*])c1,eib,3.71197437
3203,[*]CCC1CN(C(C)(C)C)C(=O)C1[*],Egc,5.4055
3204,[*]CCc1cnc([*])cn1,Egc,4.0835
3205,[*]CCc1cnc([*])cn1,eib,2.863591612
3206,[*]CCc1nc(-c2ccc(-c3csc([*])n3)cc2)cs1,Egc,3.8121
3207,[*]CCc1nc(-c2ccc(-c3csc([*])n3)cc2)cs1,eib,2.775995574
3208,[*]CCc1nc2cc3sc([*])nc3cc2s1,Egc,3.9096
3209,[*]CCc1nc2cc3sc([*])nc3cc2s1,eib,3.196277454
3210,[*]CCc1nnc([*])n1N,Egc,6.022
3211,[*]CCc1nnc([*])n1N,eib,3.884989462
3212,[*]CCCC([*])(C)Cl,Egc,6.5189
3213,[*]CCCC([*])(C)Cl,eib,4.267423862
3214,[*]CCCC([*])C,Egc,7.097
3215,[*]CCCC([*])C#N,Egc,7.8416
3216,[*]CCCC([*])C#N,Egcr,7.4859
3217,[*]CCCC([*])C#N,eib,3.848198595
3218,[*]CCCC([*])Cl,Egc,6.9819
3219,[*]CCCC(=O)[*],Egc,5.3922
3220,[*]CCCC(=O)[*],eib,2.805087877
3221,[*]CCCC(=O)N[*],Egc,5.4041
3222,[*]CCCC(=O)N[*],eib,3.622624131
3223,[*]CCCC(=O)Nc1ccc(NC(=O)CCCOC(=O)c2ccc(-c3ccc(C(=O)O[*])cc3)cc2)cc1,Egc,3.1592
3224,[*]CCCC(=O)NCc1ccc(CNC(=O)CCCO[*])cc1,Egc,5.287
3225,[*]CCCC(=O)NCCCCCCNC(=O)CCCO[*],Egc,5.4466
3226,[*]CCCC(=O)NCCCCCOCCCCCNC(=O)CCCO[*],Egc,5.6276
3227,[*]CCCC(=O)NNC(=O)c1cccc(C(=O)NNC(=O)c2cccc(O[*])c2)c1,Egc,4.1874
3228,[*]CCCC(=O)O[*],Egc,6.7015
3229,[*]CCCC(=O)OCCOC(=O)c1ccc(O[*])cc1,Egc,4.7014
3230,[*]CCCC(=S)[*],Egc,3.3815
3231,[*]CCCC(=S)[*],eib,1.780180037
3232,[*]CCCC(C)(C)CNC(=O)c1cccc(C(=O)N[*])c1,Egc,5.0312
3233,[*]CCCC(C)(C)CNC(=O)CCCC(=O)N[*],Egc,5.6058
3234,[*]CCCC(C)(C)CNC(=O)CCCCC(=O)N[*],Egc,5.7663
3235,[*]CCCC(C)(C)CNC(=O)CCCCC(=O)N[*],eib,4.106910971
3236,[*]CCCC(C)(C)CNC(=O)CCCCCCCC(=O)N[*],Egc,5.8012
3237,[*]CCCC(C)(C)CNC(=O)CCCCCCCCC(=O)N[*],Egc,5.8015
3238,[*]CCCC(C)CC(=O)N[*],Egc,6.0572
3239,[*]CCCC(C)CCC(=O)N[*],Egc,6.0143
3240,[*]CCCC(C)CCC(=O)N[*],eib,4.146343025
3241,[*]CCCC(C)CCC(=O)O[*],Egc,6.5122
3242,[*]CCCC(C)O[Si](C)(C)O[*],Egc,6.2384
3243,[*]CCCC(C=C1)=CC=C1[*],Egc,4.967
3244,[*]CCCC(C=C1)=CC=C1[*],eib,3.35032491
3245,[*]CCCC(CCNC(=O)c1ccc(C(=O)N[*])cc1)C(C)C,Egc,4.5773
3246,[*]CCCC(Cl)C([*])Cl,Egc,6.371
3247,[*]CCCC(Cl)C([*])Cl,eib,3.34360834
3248,[*]CCCC(S1)=CC=C1[*],Egc,4.7653
3249,[*]CCCC(S1)=CC=C1[*],eib,3.437452888
3250,[*]CCCC1(C)CCN(C(=O)CCC(=O)N2CCC([*])(C)CC2)CC1,Egc,5.3778
3251,[*]CCCC1CC(=O)N([*])C(=O)C1,Egc,5.5771
3252,[*]CCCC1CC(=O)N([*])C(=O)C1,eib,2.989437774
3253,[*]CCCC1CCN(C(=O)Nc2ccc(Cc3ccc(NC(=O)N4CCC([*])CC4)cc3)cc2)CC1,Egc,4.5335
3254,[*]CCCC1CCN(C(=O)SSCCCCSSC(=O)N2CCC([*])CC2)CC1,Egc,4.759
3255,[*]CCCC1CCN(C(=O)SSCCCCSSC(=O)N2CCC([*])CC2)CC1,Egcr,4.297
3256,[*]CCCC1CCN(SC(=O)OCCCCCCOC(=O)SN2CCC([*])CC2)CC1,Egc,4.9129
3257,[*]CCCc1nc2cc(-c3ccc4[nH]c([*])nc4c3)ccc2[nH]1,Egc,4.3737
3258,[*]CCCc1nc2cc(-c3ccc4[nH]c([*])nc4c3)ccc2[nH]1,eib,3.292748641
3259,[*]CCCc1nc2cc3sc([*])nc3cc2s1,Egc,4.2161
3260,[*]CCCc1nc2cc3sc([*])nc3cc2s1,eib,2.634491035
3261,[*]CCCCC(=O)N[*],Egc,5.686
3262,[*]CCCCC(=O)N[*],eib,3.737554686
3263,[*]CCCCC(=O)NCc1ccc(CNC(=O)CCCCO[*])cc1,Egc,5.5008
3264,[*]CCCCC(=O)NCc1ccc(CNC(=O)CCCCS[*])cc1,Egc,4.1399
3265,[*]CCCCC(=O)NCCCCCCC(=O)NCCC(=O)N[*],Egc,5.875
3266,[*]CCCCC(=O)NCCCCCCNC(=O)CCCCO[*],Egc,5.3636
3267,[*]CCCCC(=O)NCCCCCCNC(=O)CCCCS[*],Egc,5.1829
3268,[*]CCCCC(=O)NCCCCCCNC(=O)CCCO[*],Egc,5.7813
3269,[*]CCCCC(=O)NCCCCCOCCCCCNC(=O)CCCCO[*],Egc,5.3915
3270,[*]CCCCC(=O)O[*],Egc,6.6123
3271,[*]CCCCC(=O)OCCCCCCOC(=O)c1ccc(O[*])cc1,Egc,4.6377
3272,[*]CCCCC(=O)OCCOC(=O)c1ccc(O[*])cc1,Egc,4.5036
3273,[*]CCCCC(=O)OCCOC(=O)c1ccc(O[*])cc1,eib,4.303886909
3274,[*]CCCCC(=O)S[*],Egc,5.5216
3275,[*]CCCCC(C)CC(=O)N[*],Egc,5.9298
3276,[*]CCCCC(C)CC(=O)N[*],eib,4.276326056
3277,[*]CCCCC(C)CCn1c(=O)c2cc3c(=O)n([*])c(=O)c3cc2c1=O,Egc,3.7075
3278,[*]CCCCC(Cl)(Cl)C(=O)N[*],Egc,5.8581
3279,[*]CCCCC(Cl)(Cl)C(=O)N[*],eib,3.683287933
3280,[*]CCCCC(N)C(=O)N[*],Egc,5.5468
3281,[*]CCCCc1ccc([*])cc1,Egc,5.3919
3282,[*]CCCCc1nc(-c2ccc(-c3csc([*])n3)cc2)cs1,Egc,3.7161
3283,[*]CCCCc1nc(-c2ccc(-c3csc([*])n3)cc2)cs1,eib,2.61439821
3284,[*]CCCCc1nc2cc3nc([*])[nH]c3cc2[nH]1,Egc,4.4728
3285,[*]CCCCc1nc2cc3nc([*])[nH]c3cc2[nH]1,eib,3.370691696
3286,[*]CCCCc1nc2cc3sc([*])nc3cc2s1,Egc,4.2651
3287,[*]CCCCc1nc2cc3sc([*])nc3cc2s1,eib,3.358659626
3288,[*]CCCCc1nnc([*])n1N,Egc,5.5305
3289,[*]CCCCc1nnc([*])n1N,eib,3.029015594
3290,[*]CCCCc1nnc([*])o1,Egc,5.9356
3291,[*]CCCCc1nnc([*])o1,eib,4.089064087
3292,[*]CCCCc1nnc(-c2cccc(-c3nnc([*])o3)c2)o1,Egc,4.365
3293,[*]CCCCc1nnc(-c2cccc(-c3nnc([*])o3)c2)o1,eib,2.091980026
3294,[*]CCCCCC([*])C,Egc,7.1712
3295,[*]CCCCCC([*])CC,Egc,6.7087
3296,[*]CCCCCC([*])CC,eib,3.815416879
3297,[*]CCCCCC([*])CCCCCCCCCCCCCC,Egc,6.7781
3298,[*]CCCCCC(=O)N[*],Egc,6.0265
3299,[*]CCCCCC(=O)N[*],Egcr,6.4774
3300,[*]CCCCCC(=O)NCc1ccc(CNC(=O)CCCCCO[*])cc1,Egc,5.1934
3301,[*]CCCCCC(=O)NCc1ccc(CNC(=O)CCCCCS[*])cc1,Egc,4.9399
3302,[*]CCCCCC(=O)NCc1ccc(CNC(=O)CCCCO[*])cc1,Egc,5.061
3303,[*]CCCCCC(=O)NCCCCCCNC(=O)CCCCCO[*],Egc,5.8882
3304,[*]CCCCCC(=O)NCCCCCCNC(=O)CCCCCOC(=O)CCCCC(=O)O[*],Egc,5.9977
3305,[*]CCCCCC(=O)NCCCCCCNC(=O)CCCCO[*],Egc,5.8743
3306,[*]CCCCCC(=O)NCCCCCOCCCCCNC(=O)CCCCO[*],Egc,5.71
3307,[*]CCCCCC(=O)NCCCCCOCCCCCNC(=O)CCCO[*],Egc,5.7098
3308,[*]CCCCCC(=O)NCCNC(=O)CCCCCOC(=O)CCCCC(=O)O[*],Egc,5.9669
3309,[*]CCCCCC(=O)NCCOC(=O)CCCCC(=O)O[*],Egc,5.9722
3310,[*]CCCCCC(=O)O[*],Egc,6.5974
3311,[*]CCCCCC(=O)S[*],Egc,5.3468
3312,[*]CCCCCC(=O)S[*],Egcr,5.0001
3313,[*]CCCCCC[N+]([*])(C)C,Egc,0.0738
3314,[*]CCCCCC[N+]([*])(C)C,eib,3.089746178
3315,[*]CCCCCC[N+](C)(C)CCCCC[N+]([*])(C)C,Egc,0.1118
3316,[*]CCCCCc1ccc(CCCCCOC(=O)c2ccc(C(=O)O[*])cc2)cc1,Egc,3.6646
3317,[*]CCCCCc1nc2cc3sc([*])nc3cc2s1,Egc,4.3183
3318,[*]CCCCCc1nc2cc3sc([*])nc3cc2s1,eib,2.805392604
3319,[*]CCCCCc1nnc([*])n1N,Egc,5.8053
3320,[*]CCCCCc1nnc([*])o1,Egc,6.3448
3321,[*]CCCCCc1nnc([*])o1,eib,3.788887502
3322,[*]CCCCCCC(=O)N([*])C,Egc,5.6254
3323,[*]CCCCCCC(=O)N[*],Egc,6.0973
3324,[*]CCCCCCC(=O)NCc1ccc(CNC(=O)CCCCO[*])cc1,Egc,5.2395
3325,[*]CCCCCCC(=O)NCCCCCCNC(=O)CCCCCCO[*],Egc,5.9469
3326,[*]CCCCCCC(=O)NCCCCCCNC(=O)CCCO[*],Egc,5.9475
3327,[*]CCCCCCC(=O)NCCCCCOCCCCCNC(=O)CCCCO[*],Egc,5.6857
3328,[*]CCCCCCC(=O)NCCCCCOCCCCCNC(=O)CCCO[*],Egc,5.7912
3329,[*]CCCCCCC(=O)O[*],Egc,6.2116
3330,[*]CCCCCCC(=O)OCCOC(=O)c1ccc(O[*])cc1,Egc,4.4498
3331,[*]CCCCCCC(Cl)C([*])Cl,Egc,6.8597
3332,[*]CCCCCCC(Cl)C([*])Cl,Egcr,6.7965
3333,[*]CCCCCCc1nc2cc(NC(=O)CCCCCCCCC(=O)Nc3ccc4oc([*])nc4c3)ccc2o1,Egc,4.6077
3334,[*]CCCCCCc1nc2cc3sc([*])nc3cc2s1,Egc,4.3056
3335,[*]CCCCCCc1nc2cc3sc([*])nc3cc2s1,eib,3.443200199
3336,[*]CCCCCCc1nnc([*])n1N,Egc,5.5226
3337,[*]CCCCCCCC(=O)N([*])C,Egc,5.5641
3338,[*]CCCCCCCC(=O)N[*],Egc,5.8885
3339,[*]CCCCCCCC(=O)O[*],Egc,6.6711
3340,[*]CCCCCCCC(=O)OC1COC([*])OC1,Egc,6.4879
3341,[*]CCCCCCCC(=O)OCC1COC([*])O1,Egc,6.4464
3342,[*]CCCCCCCC(=O)OCCCCC1COC([*])O1,Egc,6.3701
3343,[*]CCCCCCCc1nc2ccc(-c3ccc4nc([*])[nH]c4c3)cc2[nH]1,Egc,4.2648
3344,[*]CCCCCCCc1nc2ccc(-c3ccc4nc([*])oc4c3)cc2o1,Egc,4.0001
3345,[*]CCCCCCCc1nnc([*])n1N,Egc,5.5033
3346,[*]CCCCCCCc1nnc([*])o1,Egc,6.124
3347,[*]CCCCCCCc1nnc([*])o1,eib,4.147203477
3348,[*]CCCCCCCc1nnc(-c2ccc(-c3nnc([*])o3)cc2)o1,Egc,3.8544
3349,[*]CCCCCCCc1nnc(CCCCc2nnc([*])o2)o1,Egc,6.4168
3350,[*]CCCCCCCCC([*])Cl,Egc,7.0727
3351,[*]CCCCCCCCC([*])Cl,Egcr,6.86
3352,[*]CCCCCCCCC(=O)N[*],Egc,6.0695
3353,[*]CCCCCCCCC(=O)NCCCCCCNC(=O)CCCCCCCCO[*],Egc,5.4892
3354,[*]CCCCCCCCC(=O)NCCCCCCNC(=O)CCCCO[*],Egc,5.8255
3355,[*]CCCCCCCCC(=O)NCCCCCCNC(=O)CCCCO[*],eib,3.929653796
3356,[*]CCCCCCCCC(=O)NCCCCCCNC(=O)CCCO[*],Egc,5.8584
3357,[*]CCCCCCCCC(=O)NCCCCCOCCCCCNC(=O)CCCCO[*],Egc,5.7312
3358,[*]CCCCCCCCC(=O)NCCCCCOCCCCCNC(=O)CCCO[*],Egc,5.9069
3359,[*]CCCCCCCCC(=O)O[*],Egc,6.417
3360,[*]CCCCCCCCC(Cl)C([*])Cl,Egc,6.9848
3361,[*]CCCCCCCCc1nc(-c2ccc(-c3csc([*])n3)cc2)cs1,Egc,3.5305
3362,[*]CCCCCCCCc1nc2cc(-c3ccc4oc([*])nc4c3)ccc2o1,Egc,4.6587
3363,[*]CCCCCCCCc1nc2cc3sc([*])nc3cc2s1,Egc,4.3432
3364,[*]CCCCCCCCc1nc2cc3sc([*])nc3cc2s1,eib,2.754789795
3365,[*]CCCCCCCCc1nc2ccc(-c3ccc4nc([*])oc4c3)cc2o1,Egc,4.4813
3366,[*]CCCCCCCCc1nc2ccc(-c3ccc4nc([*])sc4c3)cc2s1,Egc,4.018
3367,[*]CCCCCCCCc1nnc([*])n1N,Egc,5.476
3368,[*]CCCCCCCCc1nnc([*])o1,Egc,6.5384
3369,[*]CCCCCCCCc1nnc(-c2cccc(-c3nnc([*])o3)c2)o1,Egc,4.3961
3370,[*]CCCCCCCCCC#CC#CCCCCCCCCCOC(=O)C(=O)O[*],Egc,3.7759
3371,[*]CCCCCCCCCC#CC#CCCCCCCCCCOC(=O)CCC(=O)O[*],Egc,5.4322
3372,[*]CCCCCCCCCC#CC#CCCCCCCCCCOC(=O)CCCCC(=O)O[*],Egc,5.456
3373,[*]CCCCCCCCCC#CC#CCCCCCCCCCOC(=O)CCCCCCC(=O)O[*],Egc,5.5535
3374,[*]CCCCCCCCCC#CC#CCCCCCCCCCOC(=O)CCCCCCCCC(=O)O[*],Egc,4.5832
3375,[*]CCCCCCCCCC(=O)N[*],Egc,6.0233
3376,[*]CCCCCCCCCC(=O)O[*],Egc,6.5763
3377,[*]CCCCCCCCCc1nc2ccc(-c3ccc4nc([*])oc4c3)cc2o1,Egc,4.2007
3378,[*]CCCCCCCCCCC(=O)N([*])C,Egc,5.73
3379,[*]CCCCCCCCCCC(=O)N[*],Egc,6.0219
3380,[*]CCCCCCCCCCC(=O)NCC(=O)N[*],Egc,6.0074
3381,[*]CCCCCCCCCCC(=O)NCc1ccc(CNC(=O)CCCCO[*])cc1,Egc,5.1934
3382,[*]CCCCCCCCCCC(=O)NCCCCCCNC(=O)CCCCO[*],Egc,5.9732
3383,[*]CCCCCCCCCCC(=O)NCCCCCCNC(=O)CCCO[*],Egc,6
3384,[*]CCCCCCCCCCC(=O)NCCCCCOCCCCCNC(=O)CCCCO[*],Egc,5.1384
3385,[*]CCCCCCCCCCC(=O)NCCCCCOCCCCCNC(=O)CCCO[*],Egc,5.6076
3386,[*]CCCCCCCCCCC(=O)O[*],Egc,6.6722
3387,[*]CCCCCCCCCCC(Cl)C([*])Cl,Egc,6.9183
3388,[*]CCCCCCCCCCc1nnc([*])n1N,Egc,5.8601
3389,[*]CCCCCCCCCCc1nnc([*])o1,Egc,6.4508
3390,[*]CCCCCCCCCCCC(=O)N([*])C,Egc,5.8166
3391,[*]CCCCCCCCCCCC(=O)N[*],Egc,5.9463
3392,[*]CCCCCCCCCCCC(=O)NCC(=O)N[*],Egc,6.1009
3393,[*]CCCCCCCCCCCC(=O)O[*],Egc,6.629
3394,[*]CCCCCCCCCCCC(=O)O[*],Egcr,6.8377
3395,[*]CCCCCCCCCCCCC(=O)N[*],Egc,6.1317
3396,[*]CCCCCCCCCCCCC(=O)O[*],Egc,6.6223
3397,[*]CCCCCCCCCCCCc1nc2cc3sc([*])nc3cc2s1,Egc,4.3242
3398,[*]CCCCCCCCCCCCc1nc2cc3sc([*])nc3cc2s1,eib,2.921384181
3399,[*]CCCCCCCCCCCCc1nc2ccc(-c3ccc4nc([*])oc4c3)cc2o1,Egc,4.269
3400,[*]CCCCCCCCCCCCc1nnc([*])o1,Egc,6.5153
3401,[*]CCCCCCCCCCCCCC(=O)O[*],Egc,6.7653
3402,[*]CCCCCCCCCCCCCCC([*])Cl,Egc,7.2178
3403,[*]CCCCCCCCCCCCCCC(=O)N[*],Egc,6.1217
3404,[*]CCCCCCCCCCCCCCC(=O)O[*],Egc,6.918
3405,[*]CCCCCCCCCCCCCCCC(=O)O[*],Egc,6.7472
3406,[*]CCCCCCCCCCCCCCCc1nnc([*])o1,Egc,6.4664
3407,[*]CCCCCCCCCCCCCCCCC(=O)N[*],Egc,5.9993
3408,[*]CCCCCCCCCCCCCCCCCC(=O)N[*],Egc,6.0585
3409,[*]CCCCCCCCCCCCCCCCCCCCC([*])Cl,Egc,7.1075
3410,[*]CCCCCCCCCCCCCCCCCCCCCC(=O)N[*],Egc,5.9963
3411,[*]CCCCCCCCCCCCCCCCCCCCCCOC(=O)CCC(=O)O[*],Egc,6.5377
3412,[*]CCCCCCCCCCCCCCCCCCCCOC(=O)C(=O)O[*],Egc,5.2168
3413,[*]CCCCCCCCCCCCCCCCCCCCOC(=O)C1CCC(C(=O)O[*])CC1,Egc,6.4338
3414,[*]CCCCCCCCCCCCCCCCCCCCOC(=O)c1ccccc1C(=O)O[*],Egc,5.173
3415,[*]CCCCCCCCCCCCCCCCCCCCOC(=O)CC(=O)O[*],Egc,6.2355
3416,[*]CCCCCCCCCCCCCCCCCCCCOC(=O)CCC(=O)O[*],Egc,6.6641
3417,[*]CCCCCCCCCCCCCCCCCCCCOC(=O)CCC(C)CC(=O)O[*],Egc,6.5912
3418,[*]CCCCCCCCCCCCCCCCCCCCOC(=O)CCCC(=O)O[*],Egc,6.4396
3419,[*]CCCCCCCCCCCCCCCCCCCCOC(=O)CCCCC(=O)O[*],Egc,6.7541
3420,[*]CCCCCCCCCCCCCCCCCCCCOC(=O)CCCCCC(=O)O[*],Egc,6.6516
3421,[*]CCCCCCCCCCCCCCCCCCCCOC(=O)CCCCCCC(=O)O[*],Egc,6.5596
3422,[*]CCCCCCCCCCCCCCCCCCCCOC(=O)CCCCCCCC(=O)O[*],Egc,6.4907
3423,[*]CCCCCCCCCCCCCCCCCCCCOC(=O)CCCCCCCCC(=O)O[*],Egc,6.7686
3424,[*]CCCCCCCCCCCCCCCCCCCCOC(=O)CCCCSCCCCC(=O)O[*],Egc,4.9808
3425,[*]CCCCCCCCCCCCCCCCCCCCOC(=O)COCC(=O)O[*],Egc,6.3212
3426,[*]CCCCCCCCCCCCCCCCCCNC(=O)CCCCCCCCCCC(=O)N[*],Egc,5.5994
3427,[*]CCCCCCCCCCCCCCCCCCNC(=O)NCCCCCCCCCCNC(=O)N[*],Egc,5.5902
3428,[*]CCCCCCCCCCCCCCCCCCOCO[*],Egc,6.621
3429,[*]CCCCCCCCCCCCCCCCOC(=O)CC=CCC(=O)O[*],Egc,5.9927
3430,[*]CCCCCCCCCCCCCCCCOC(=O)CC=CCC(=O)O[*],eib,3.903780341
3431,[*]CCCCCCCCCCCCCCCCOC(=O)CCC=CCCC(=O)O[*],Egc,6.0655
3432,[*]CCCCCCCCCCCCCCCCOC(=O)CCCCC(=O)O[*],Egc,6.7432
3433,[*]CCCCCCCCCCCCCCCCOC(=O)CCCCCCC(=O)O[*],Egc,6.8272
3434,[*]CCCCCCCCCCCCCCCCOC(=O)CCCCCCCCC(=O)O[*],Egc,6.595
3435,[*]CCCCCCCCCCCCCCCCOC(=O)NCc1ccc(CNC(=O)O[*])cc1,Egc,5.2905
3436,[*]CCCCCCCCCCCCCCCCOC(=O)NCCCCCCCCCCNC(=O)O[*],Egc,6.1594
3437,[*]CCCCCCCCCCCCCCCCOC(=O)NCCCCCCCCCCNC(=O)O[*],eib,4.021949388
3438,[*]CCCCCCCCCCCCCCNC(=O)CCCCCCCCC(=O)N[*],Egc,5.7746
3439,[*]CCCCCCCCCCCCCCNC(=O)CCCCCCCCCCC(=O)N[*],Egc,5.9092
3440,[*]CCCCCCCCCCCCCCOC(=O)c1ccc(C(=O)NCCCCCNC(=O)c2ccc(C(=O)O[*])cc2)cc1,Egc,4.5556
3441,[*]CCCCCCCCCCCCCCOC(=O)CC=CCC(=O)O[*],Egc,6.2176
3442,[*]CCCCCCCCCCCCCCOC(=O)CC=CCC(=O)O[*],eib,3.848634226
3443,[*]CCCCCCCCCCCCCCOC(=O)CCC=CCCC(=O)O[*],Egc,6.0257
3444,[*]CCCCCCCCCCCCCCOC(=O)CCCCC(=O)O[*],Egc,6.6687
3445,[*]CCCCCCCCCCCCCCOC(=O)CCCCCCC(=O)O[*],Egc,6.6214
3446,[*]CCCCCCCCCCCCCCOCO[*],Egc,6.443
3447,[*]CCCCCCCCCCCCCCS[*],Egc,5.1904
3448,[*]CCCCCCCCCCCCCNC(=O)CCCCCCCCCCCC(=O)N[*],Egc,5.8918
3449,[*]CCCCCCCCCCCCCOC(=O)c1ccc(C(=O)NCCCCCCNC(=O)c2ccc(C(=O)O[*])cc2)cc1,Egc,4.5228
3450,[*]CCCCCCCCCCCCNC(=O)C(=O)N[*],Egc,5.6418
3451,[*]CCCCCCCCCCCCNC(=O)C(=O)N[*],eib,3.352700567
3452,[*]CCCCCCCCCCCCNC(=O)C(OC)C(OC)C(=O)N[*],Egc,5.6105
3453,[*]CCCCCCCCCCCCNC(=O)c1cccc(C(=O)N[*])c1,Egc,4.7049
3454,[*]CCCCCCCCCCCCNC(=O)CC(=O)N[*],Egc,5.9823
3455,[*]CCCCCCCCCCCCNC(=O)CCCCC(=O)N[*],Egc,5.5461
3456,[*]CCCCCCCCCCCCNC(=O)CCCCCCCCC(=O)N[*],Egc,5.9602
3457,[*]CCCCCCCCCCCCNC(=O)CCCCCCCCCCC(=O)N[*],Egc,5.8616
3458,[*]CCCCCCCCCCCCNC(=O)CCCCCCCCCCCCC(=O)N[*],Egc,6.0318
3459,[*]CCCCCCCCCCCCNC(=O)CCCCCCCCCCCCCCC(=O)N[*],Egc,5.8439
3460,[*]CCCCCCCCCCCCNC(=O)CCCCCCCCCCCCCCCCC(=O)N[*],Egc,5.8763
3461,[*]CCCCCCCCCCCCNC(=O)CCCCCCCCCCCCCCCCCCCCC(=O)N[*],Egc,5.8752
3462,[*]CCCCCCCCCCCCNC(=O)CCP(C)(=O)CCC(=O)N[*],Egc,5.8367
3463,[*]CCCCCCCCCCCCNC(=O)NCCCCCCCCCCNC(=O)N[*],Egc,5.458
3464,[*]CCCCCCCCCCCCNC(=O)NCCCCCCNC(=O)N[*],Egc,4.8544
3465,[*]CCCCCCCCCCCCO[*],Egc,6.2257
3466,[*]CCCCCCCCCCCCOC(=O)c1ccc(-c2ccc(C(=O)O[*])cc2)cc1,Egc,3.9133
3467,[*]CCCCCCCCCCCCOC(=O)c1ccc2cc(C(=O)O[*])ccc2c1,Egc,3.7135
3468,[*]CCCCCCCCCCCCOC(=O)c1cccc(C(=O)O[*])c1,Egc,5.1284
3469,[*]CCCCCCCCCCCCOC(=O)c1cccc(C(=O)O[*])c1,eib,2.256334077
3470,[*]CCCCCCCCCCCCOC(=O)CC=CCC(=O)O[*],Egc,5.9978
3471,[*]CCCCCCCCCCCCOC(=O)CC=CCC(=O)O[*],eib,3.63382402
3472,[*]CCCCCCCCCCCCOC(=O)CCCCC(=O)O[*],Egc,6.7363
3473,[*]CCCCCCCCCCCCOC(=O)CCCCCCCCCCC(=O)O[*],Egc,6.3693
3474,[*]CCCCCCCCCCCCOC(=O)CCCCCCCCCCCCC(=O)O[*],Egc,6.453
3475,[*]CCCCCCCCCCCCOC(=O)CCCCCNC(=O)CCCCC(=O)NCCCCCC(=O)O[*],Egc,5.3175
3476,[*]CCCCCCCCCCCCOC(=O)NCc1ccc(CNC(=O)O[*])cc1,Egc,5.4661
3477,[*]CCCCCCCCCCCCOC(=O)NCCCCCCCCCCNC(=O)O[*],Egc,6.2072
3478,[*]CCCCCCCCCCCCOC(=O)NCCCCCCCCCCNC(=O)O[*],eib,3.65972108
3479,[*]CCCCCCCCCCCCOC(=O)NCCCCCCNC(=O)O[*],Egc,6.0664
3480,[*]CCCCCCCCCCCCOC(=O)NCCCCCCNC(=O)O[*],eib,4.218939427
3481,[*]CCCCCCCCCCCCOc1ccc(C=NN=Cc2ccc(O[*])cc2O)c(O)c1,Egc,4.1545
3482,[*]CCCCCCCCCCCCSC(=O)S[*],Egc,4.692
3483,[*]CCCCCCCCCCCNC(=O)c1ccc(C(=O)N[*])cc1,Egc,4.852
3484,[*]CCCCCCCCCCCNC(=O)c1ccc(C(=O)N[*])cc1,Egcr,4.214
3485,[*]CCCCCCCCCCCNC(=O)c1ccc(C(=O)N[*])cc1,eib,3.20055678
3486,[*]CCCCCCCCCCCNC(=O)CCCCC(=O)N[*],Egc,6.061
3487,[*]CCCCCCCCCCCNC(=O)CCCCCCCCC(=O)N[*],Egc,5.8916
3488,[*]CCCCCCCCCCCNC(=O)CCCCCCCCCCC(=O)N[*],Egc,5.9276
3489,[*]CCCCCCCCCCCOC(=O)c1ccc2cc(C(=O)O[*])ccc2c1,Egc,3.7381
3490,[*]CCCCCCCCCCCOC(=O)c1ccc2cc(C(=O)O[*])ccc2c1,eib,1.996070868
3491,[*]CCCCCCCCCCCOc1ccc(C=CC=Cc2ccc(O[*])cc2)cc1,Egc,2.9306
3492,[*]CCCCCCCCCCCSCCCCCCS[*],Egc,5.2308
3493,[*]CCCCCCCCCCN(C)C(=O)CCCCCCCCC(=O)N([*])C,Egc,5.5645
3494,[*]CCCCCCCCCCn1c(=O)c2cc3c(=O)n([*])c(=O)c3cc2c1=O,Egc,3.7391
3495,[*]CCCCCCCCCCn1c(=O)c2cc3c(=O)n([*])c(=O)c3cc2c1=O,eib,0.829531819
3496,[*]CCCCCCCCCCNC(=N[*])c1ccccc1,Egc,4.39
3497,[*]CCCCCCCCCCNC(=O)C(C)=C(C)C(=O)N[*],Egc,5.4099
3498,[*]CCCCCCCCCCNC(=O)C=CCCC=CC(=O)N[*],Egc,5.017
3499,[*]CCCCCCCCCCNC(=O)CCC(=O)N[*],Egc,5.9859
3500,[*]CCCCCCCCCCNC(=O)CCC=CCCC(=O)N[*],Egc,5.7804
3501,[*]CCCCCCCCCCNC(=O)CCC=CCCC(=O)N[*],eib,4.213719056
3502,[*]CCCCCCCCCCNC(=O)CCCCC(=O)N[*],Egc,5.6396
3503,[*]CCCCCCCCCCNC(=O)CCCCCCC(=O)N[*],Egc,5.9109
3504,[*]CCCCCCCCCCNC(=O)CCCCCCCC(=O)N[*],Egc,5.9487
3505,[*]CCCCCCCCCCNC(=O)CCCCCCCC(=O)N[*],eib,3.805094126
3506,[*]CCCCCCCCCCNC(=O)CCCCCCCCC(=O)N[*],Egc,5.8505
3507,[*]CCCCCCCCCCNC(=O)CCCCCCCCCCCCC(=O)N[*],Egc,5.6985
3508,[*]CCCCCCCCCCNC(=O)CCCCCCCCCCCCCCC(=O)N[*],Egc,5.8738
3509,[*]CCCCCCCCCCNC(=O)CCCCCCCCCCCCCCCCC(=O)N[*],Egc,5.9171
3510,[*]CCCCCCCCCCNC(=O)CCCCCCCCCCCCCCCCCCCCC(=O)N[*],Egc,5.5808
3511,[*]CCCCCCCCCCNC(=O)CCP(C)(=O)CCC(=O)N[*],Egc,5.7618
3512,[*]CCCCCCCCCCNC(=O)N[*],Egc,5.4226
3513,[*]CCCCCCCCCCNC(=O)N[*],eib,3.631433374
3514,[*]CCCCCCCCCCNC(=O)NCCCCCCCCNC(=O)N[*],Egc,5.7663
3515,[*]CCCCCCCCCCNC(=O)NCCCCCCNC(=O)N[*],Egc,5.3423
3516,[*]CCCCCCCCCCNC(C)=N[*],Egc,4.7056
3517,[*]CCCCCCCCCCNCCCCCCN[*],Egc,5.4614
3518,[*]CCCCCCCCCCO[*],Egc,6.1884
3519,[*]CCCCCCCCCCOC(=O)C(=O)O[*],Egc,5.911
3520,[*]CCCCCCCCCCOC(=O)C(O)C(O)C(=O)O[*],Egc,6.2592
3521,[*]CCCCCCCCCCOC(=O)C1CCC(C(=O)O[*])CC1,Egc,6.6352
3522,[*]CCCCCCCCCCOC(=O)c1ccc(C=Cc2ccc(C(=O)O[*])cc2)cc1,Egc,3.2582
3523,[*]CCCCCCCCCCOC(=O)c1ccc(-c2ccc(C(=O)O[*])cc2)cc1,Egc,3.9809
3524,[*]CCCCCCCCCCOC(=O)c1ccc(NC(=O)O[*])cc1,Egc,4.6391
3525,[*]CCCCCCCCCCOC(=O)c1ccc2cc(C(=O)O[*])ccc2c1,Egc,3.7607
3526,[*]CCCCCCCCCCOC(=O)c1ccc2cc(C(=O)O[*])ccc2c1,eib,1.746851381
3527,[*]CCCCCCCCCCOC(=O)c1cccc(C(=O)O[*])c1,Egc,5.1143
3528,[*]CCCCCCCCCCOC(=O)c1cccc(-c2cccc(C(=O)O[*])c2)c1,Egc,4.3702
3529,[*]CCCCCCCCCCOC(=O)CC(=O)O[*],Egc,6.5183
3530,[*]CCCCCCCCCCOC(=O)CC(C)(C)CC(=O)O[*],Egc,6.7111
3531,[*]CCCCCCCCCCOC(=O)CC(C)C(=O)O[*],Egc,6.7186
3532,[*]CCCCCCCCCCOC(=O)CC=CCC(=O)O[*],Egc,5.9499
3533,[*]CCCCCCCCCCOC(=O)CC=CCC(=O)O[*],eib,3.800322424
3534,[*]CCCCCCCCCCOC(=O)Cc1ccc(CC(=O)O[*])cc1,Egc,4.9479
3535,[*]CCCCCCCCCCOC(=O)CCC(=O)O[*],Egc,6.569
3536,[*]CCCCCCCCCCOC(=O)CCC(=O)O[*],Egcr,6.6201
3537,[*]CCCCCCCCCCOC(=O)CCC=CCCC(=O)O[*],Egc,5.9572
3538,[*]CCCCCCCCCCOC(=O)CCC=CCCC(=O)O[*],eib,3.914009994
3539,[*]CCCCCCCCCCOC(=O)CCCC(=O)O[*],Egc,6.5996
3540,[*]CCCCCCCCCCOC(=O)CCCCC(=O)O[*],Egc,6.5098
3541,[*]CCCCCCCCCCOC(=O)CCCCC(=O)O[*],Egcr,6.718
3542,[*]CCCCCCCCCCOC(=O)CCCCCC(=O)O[*],Egc,6.6472
3543,[*]CCCCCCCCCCOC(=O)CCCCCCC(=O)O[*],Egc,6.7606
3544,[*]CCCCCCCCCCOC(=O)CCCCCCCC(=O)O[*],Egc,6.6862
3545,[*]CCCCCCCCCCOC(=O)CCCCCCCCC(=O)O[*],Egc,6.7518
3546,[*]CCCCCCCCCCOC(=O)CCCCCCCCCCC(=O)O[*],Egc,6.8154
3547,[*]CCCCCCCCCCOC(=O)CCCCCCCCCCCCCCCCC(=O)O[*],Egc,6.5222
3548,[*]CCCCCCCCCCOC(=O)CCCCCCCCCCCCCCCCC(=O)O[*],Egcr,6.0542
3549,[*]CCCCCCCCCCOC(=O)CCCCS(=O)(=O)CCCCC(=O)O[*],Egc,6.4986
3550,[*]CCCCCCCCCCOC(=O)CCCCSCCCCC(=O)O[*],Egc,5.1115
3551,[*]CCCCCCCCCCOC(=O)COCC(=O)O[*],Egc,6.164
3552,[*]CCCCCCCCCCOC(=O)Nc1ccc(C)c(NC(=O)O[*])c1,Egc,5.2165
3553,[*]CCCCCCCCCCOC(=O)NCc1ccc(CNC(=O)O[*])cc1,Egc,5.5873
3554,[*]CCCCCCCCCCOC(=O)NCCCCCCCCCCNC(=O)O[*],Egc,6.0574
3555,[*]CCCCCCCCCCOC(=O)NCCCCCCCCCCNC(=O)O[*],eib,4.588763439
3556,[*]CCCCCCCCCCOC(=O)NNC(=O)CCCCCCCCC(=O)NNC(=O)O[*],Egc,5.7644
3557,[*]CCCCCCCCCCOC(=O)O[*],Egc,7.2198
3558,[*]CCCCCCCCCCOc1ccc(OC(=O)c2ccc(C(=O)Oc3ccc(O[*])cc3)cc2)cc1,Egc,3.1798
3559,[*]CCCCCCCCCCOc1cccc(OC(=O)c2ccc(C(=O)Oc3cccc(O[*])c3)cc2)c1,Egc,3.5777
3560,[*]CCCCCCCCCCOCCCCCCCCCCOCCCCCCO[*],Egc,6.045
3561,[*]CCCCCCCCCCOCCCCCCCCCCOCCCCCO[*],Egc,5.8764
3562,[*]CCCCCCCCCCOCCCCCCCCCCOCCCCO[*],Egc,6.0257
3563,[*]CCCCCCCCCCOCCCCCCOCCCCCCO[*],Egc,6.0095
3564,[*]CCCCCCCCCCOCO[*],Egc,6.3968
3565,[*]CCCCCCCCCCSCCCCCCS[*],Egc,5.1159
3566,[*]CCCCCCCCCCSCCCCS[*],Egc,5.1777
3567,[*]CCCCCCCCCCSSCCCCCCSS[*],Egc,3.7675
3568,[*]CCCCCCCCCCSSS[*],Egc,4.7227
3569,[*]CCCCCCCCCn1c(=O)c2cc3c(=O)n([*])c(=O)c3c(Br)c2c1=O,Egc,3.5619
3570,[*]CCCCCCCCCn1c(=O)c2cc3c(=O)n([*])c(=O)c3c(Br)c2c1=O,eib,0.829672258
3571,[*]CCCCCCCCCn1c(=O)c2cc3c(=O)n([*])c(=O)c3cc2c1=O,Egc,3.7682
3572,[*]CCCCCCCCCn1c(=O)c2cc3c(=O)n([*])c(=O)c3cc2c1=O,eib,0.804165535
3573,[*]CCCCCCCCCNC(=O)c1cccc(C(=O)N[*])c1,Egc,4.7508
3574,[*]CCCCCCCCCNC(=O)c1cccc(C(=O)N[*])c1,eib,2.885625113
3575,[*]CCCCCCCCCNC(=O)CC(=O)N[*],Egc,5.8661
3576,[*]CCCCCCCCCNC(=O)CCC=CCCC(=O)N[*],Egc,5.6902
3577,[*]CCCCCCCCCNC(=O)CCCCC(=O)N[*],Egc,5.7699
3578,[*]CCCCCCCCCNC(=O)CCCCCC(=O)N[*],Egc,5.9333
3579,[*]CCCCCCCCCNC(=O)CCCCCCCC(=O)N[*],Egc,5.8181
3580,[*]CCCCCCCCCNC(=O)CCCCCCCC(=O)N[*],eib,3.865227384
3581,[*]CCCCCCCCCNC(=O)CCCCCCCCC(=O)N[*],Egc,5.5339
3582,[*]CCCCCCCCCNC(=O)CCCCCCCCCC(=O)N[*],Egc,5.8963
3583,[*]CCCCCCCCCNC(=O)CCCCCCCCCCCC(=O)N[*],Egc,5.6216
3584,[*]CCCCCCCCCNC(=O)N[*],Egc,6.0453
3585,[*]CCCCCCCCCNC(=O)N[*],eib,3.832037014
3586,[*]CCCCCCCCCNC(=O)NCCCCCCCNC(=O)N[*],Egc,5.2144
3587,[*]CCCCCCCCCNC(=O)NCCCCCCNC(=O)N[*],Egc,5.2509
3588,[*]CCCCCCCCCO[*],Egc,5.9832
3589,[*]CCCCCCCCCOC(=O)C(O)C(O)C(=O)O[*],Egc,6.6774
3590,[*]CCCCCCCCCOC(=O)c1ccc(-c2ccc(C(=O)O[*])cc2)cc1,Egc,4.0317
3591,[*]CCCCCCCCCOC(=O)c1ccc(NC(=O)CCCCCCCCC(=O)Nc2ccc(C(=O)O[*])cc2)cc1,Egc,4.0973
3592,[*]CCCCCCCCCOC(=O)c1ccc2cc(C(=O)O[*])ccc2c1,Egc,3.7639
3593,[*]CCCCCCCCCOC(=O)Nc1ccc(C)c(NC(=O)O[*])c1,Egc,5.0722
3594,[*]CCCCCCCCCOC(=O)Nc1ccc(C)c(NC(=O)O[*])c1,eib,4.21026575
3595,[*]CCCCCCCCCOC(=O)NCCCCCCNC(=O)O[*],Egc,6.1163
3596,[*]CCCCCCCCCOC(=O)NCCCCCCNC(=O)O[*],eib,3.973953933
3597,[*]CCCCCCCCCOc1ccc(C=CC=Cc2ccc(O[*])c(C)c2)cc1C,Egc,3.57
3598,[*]CCCCCCCCCOc1ccc(C=CC=Cc2ccc(O[*])cc2)cc1,Egc,3.6524
3599,[*]CCCCCCCCCOCO[*],Egc,6.3507
3600,[*]CCCCCCCCn1c(=O)c2cc3c(=O)n([*])c(=O)c3c(Br)c2c1=O,Egc,3.5532
3601,[*]CCCCCCCCn1c(=O)c2cc3c(=O)n([*])c(=O)c3c(Br)c2c1=O,eib,1.116805405
3602,[*]CCCCCCCCn1c(=O)c2ccc3c4ccc5c(=O)n([*])c(=O)c6ccc(c7ccc(c1=O)c2c37)c4c56,Egc,2.0018
3603,[*]CCCCCCCCn1c(=O)c2ccc3c4ccc5c(=O)n([*])c(=O)c6ccc(c7ccc(c1=O)c2c37)c4c56,eib,0.80362892
3604,[*]CCCCCCCCN1C(=O)CC(C2C=C(C)C3C(=O)N([*])C(=O)C3C2)C1=O,Egc,5.4673
3605,[*]CCCCCCCCN1C(=O)CC(C2C=C(C)C3C(=O)N([*])C(=O)C3C2)C1=O,eib,2.876942918
3606,[*]CCCCCCCCNC(=O)C(CCCCCCCCCCCC)C(=O)N[*],Egc,5.9468
3607,[*]CCCCCCCCNC(=O)CC(=O)N[*],Egc,5.9535
3608,[*]CCCCCCCCNC(=O)Cc1ccc(CC(=O)N[*])cc1,Egc,5.0331
3609,[*]CCCCCCCCNC(=O)Cc1ccc(CC(=O)N[*])cc1,eib,2.715131798
3610,[*]CCCCCCCCNC(=O)CCC(=O)N[*],Egc,5.9681
3611,[*]CCCCCCCCNC(=O)CCC=CCCC(=O)N[*],Egc,5.1591
3612,[*]CCCCCCCCNC(=O)CCCCCCC(=O)N[*],Egc,5.7642
3613,[*]CCCCCCCCNC(=O)CCCCCCC(=O)N[*],eib,4.307265208
3614,[*]CCCCCCCCNC(=O)CCCCCCCCC(=O)N[*],Egc,5.5273
3615,[*]CCCCCCCCNC(=O)CCCCCCCCCCC(=O)N[*],Egc,5.4539
3616,[*]CCCCCCCCNC(=O)CCCCCCCCCCCCC(=O)N[*],Egc,5.9745
3617,[*]CCCCCCCCNC(=O)CCCCCCCCCCCCCCC(=O)N[*],Egc,5.872
3618,[*]CCCCCCCCNC(=O)CCCCCCCCCCCCCCCCCCC(=O)N[*],Egc,5.9081
3619,[*]CCCCCCCCNC(=O)NCCCCCCNC(=O)N[*],Egc,5.6511
3620,[*]CCCCCCCCO[*],Egc,6.0919
3621,[*]CCCCCCCCOC(=O)c1ccc2cc(C(=O)O[*])ccc2c1,Egc,3.7833
3622,[*]CCCCCCCCOC(=O)c1cccc(C(=O)O[*])c1,Egc,4.9695
3623,[*]CCCCCCCCOC(=O)CC=CCC(=O)O[*],Egc,6.1178
3624,[*]CCCCCCCCOC(=O)CC=CCC(=O)O[*],eib,3.96139472
3625,[*]CCCCCCCCOC(=O)CCC=CCCC(=O)O[*],Egc,6.1798
3626,[*]CCCCCCCCOC(=O)CCCCC(=O)O[*],Egc,6.755
3627,[*]CCCCCCCCOC(=O)CCCCCCC(=O)O[*],Egc,6.6874
3628,[*]CCCCCCCCOC(=O)NCc1ccc(CNC(=O)O[*])cc1,Egc,5.4246
3629,[*]CCCCCCCCOC(=O)NCc1ccc(CNC(=O)O[*])cc1,eib,3.347741507
3630,[*]CCCCCCCCOC(=O)NCCCCCCCCCCNC(=O)O[*],Egc,5.7616
3631,[*]CCCCCCCCOC(=O)NCCCCCCCCCCNC(=O)O[*],eib,4.366563507
3632,[*]CCCCCCCCOC(=O)NCCCCCCNC(=O)O[*],Egc,6.0447
3633,[*]CCCCCCCCOC(=O)NCCCCCCNC(=O)O[*],eib,3.759645973
3634,[*]CCCCCCCCOC(=O)NNC(=O)CCCCCCCCC(=O)NNC(=O)O[*],Egc,6.0481
3635,[*]CCCCCCCCOC(=O)O[*],Egc,7.1538
3636,[*]CCCCCCCNC(=O)C(CCCCCCCCCCCC)C(=O)N[*],Egc,5.4281
3637,[*]CCCCCCCNC(=O)C(OC)C(OC)C(=O)N[*],Egc,5.7259
3638,[*]CCCCCCCNC(=O)C=CCCC=CC(=O)N[*],Egc,5.3377
3639,[*]CCCCCCCNC(=O)c1ccc(C(=O)N[*])cc1,Egc,4.5479
3640,[*]CCCCCCCNC(=O)c1cccc(C(=O)N[*])c1,Egc,4.7571
3641,[*]CCCCCCCNC(=O)CCCCC(=O)N[*],Egc,5.9053
3642,[*]CCCCCCCNC(=O)CCCCCCCC(=O)N[*],Egc,5.8765
3643,[*]CCCCCCCNC(=O)CCCCCCCCCC(=O)N[*],Egc,5.5573
3644,[*]CCCCCCCNC(=O)CCCCCCCCCCCCCCCCCCC(=O)N[*],Egc,5.8482
3645,[*]CCCCCCCNC(=O)N[*],Egc,5.7637
3646,[*]CCCCCCCNC(=O)NCCCCCCNC(=O)N[*],Egc,5.5863
3647,[*]CCCCCCCNC(=S)N[*],Egc,4.1652
3648,[*]CCCCCCCNC(=S)N[*],eib,3.028557846
3649,[*]CCCCCCCOC(=O)C(=O)O[*],Egc,5.2076
3650,[*]CCCCCCCOC(=O)c1ccc(-c2ccc(C(=O)O[*])cc2)cc1,Egc,3.9708
3651,[*]CCCCCCCOC(=O)c1ccc2cc(C(=O)O[*])ccc2c1,Egc,3.7523
3652,[*]CCCCCCCOC(=O)CCCCCCCCC(=O)O[*],Egc,6.6947
3653,[*]CCCCCCCOC(=O)NCCCCCCNC(=O)O[*],Egc,6.1286
3654,[*]CCCCCCCOC(=O)NCCCCCCNC(=O)O[*],eib,4.399517089
3655,[*]CCCCCCCOc1ccc(C=CC=Cc2ccc(O[*])c(C)c2)cc1C,Egc,3.617
3656,[*]CCCCCCCOc1ccc(OCc2ccc(COc3ccc(O[*])cc3)cc2)cc1,Egc,4.366
3657,[*]CCCCCCN(C)C(=O)CCC(=O)N([*])C,Egc,5.0062
3658,[*]CCCCCCN(C)C(=O)CCC(=O)N([*])C,eib,4.227175855
3659,[*]CCCCCCN(C)C(=O)CCCCCCCCCCC(=O)N([*])C,Egc,5.3019
3660,[*]CCCCCCN(CC)C(=O)C(F)(F)C(F)(F)C(F)(F)C(=O)N([*])CC,Egc,5.0851
3661,[*]CCCCCCN(CC)C(=O)CCCCCCCCCCC(=O)N([*])CC,Egc,5.49
3662,[*]CCCCCCN(CC)C(=O)CCCCCCCCCCCCCCCCC(=O)N([*])CC,Egc,5.3754
3663,[*]CCCCCCn1c(=O)c2cc3c(=O)n([*])c(=O)c3cc2c1=O,Egc,3.8031
3664,[*]CCCCCCn1c(=O)c2cc3c(=O)n([*])c(=O)c3cc2c1=O,eib,0.595427652
3665,[*]CCCCCCN1C(=O)c2ccc(Oc3ccc4c(c3)C(=O)N([*])C4=O)cc2C1=O,Egc,3.8891
3666,[*]CCCCCCn1cc2c(n1)C(=O)c1cn([*])nc1C2=O,Egc,4.1425
3667,[*]CCCCCCn1cc2c(n1)C(=O)c1cn([*])nc1C2=O,eib,1.484956111
3668,[*]CCCCCCn1ccc(-c2ccc(-c3ccn([*])n3)cc2)n1,Egc,3.9963
3669,[*]CCCCCCNC(=O)C(=O)N[*],Egc,4.7126
3670,[*]CCCCCCNC(=O)C(CC)CC(CC)C(=O)N[*],Egc,5.5731
3671,[*]CCCCCCNC(=O)C(CCCC)C(=O)N[*],Egc,5.6377
3672,[*]CCCCCCNC(=O)C(CCCCC)C(=O)N[*],Egc,5.7056
3673,[*]CCCCCCNC(=O)C(CCCCCCC)C(=O)N[*],Egc,5.2746
3674,[*]CCCCCCNC(=O)C(CCCCCCCCC)C(=O)N[*],Egc,5.2921
3675,[*]CCCCCCNC(=O)C(CCCCCCCCCCC)C(=O)N[*],Egc,5.4945
3676,[*]CCCCCCNC(=O)C(CCCCCCCCCCCCCCC)C(=O)N[*],Egc,5.7343
3677,[*]CCCCCCNC(=O)C(CCCCCCCCCCCCCCCC)C(=O)N[*],Egc,5.9783
3678,[*]CCCCCCNC(=O)C(O)C(O)C(=O)N[*],Egc,5.7069
3679,[*]CCCCCCNC(=O)C(O)C(O)C(O)C(O)C(=O)N[*],Egc,5.6518
3680,[*]CCCCCCNC(=O)C=CCCC=CC(=O)N[*],Egc,4.6202
3681,[*]CCCCCCNC(=O)c1c(F)c(F)c(C(=O)N[*])c(F)c1F,Egc,4.276
3682,[*]CCCCCCNC(=O)C1CC1(C)C(=O)N[*],Egc,6.1212
3683,[*]CCCCCCNC(=O)c1ccc(C(=O)N[*])c(Oc2ccc(-c3ccccc3)cc2)c1,Egc,3.6894
3684,[*]CCCCCCNC(=O)c1ccc(C(=O)N[*])c(Oc2ccc(Cl)cc2)c1,Egc,3.9536
3685,[*]CCCCCCNC(=O)c1ccc(C(=O)N[*])c(Oc2ccc(Cl)cc2)c1,eib,2.007599313
3686,[*]CCCCCCNC(=O)c1ccc(C(=O)N[*])c(Oc2ccccc2)c1,Egc,3.8711
3687,[*]CCCCCCNC(=O)c1cccc(C(=O)N[*])c1,Egc,5.0275
3688,[*]CCCCCCNC(=O)CC(=O)N[*],Egc,5.6604
3689,[*]CCCCCCNC(=O)CCC(=O)N[*],Egc,6.0201
3690,[*]CCCCCCNC(=O)CCC(C)(C)c1ccc(C(C)(C)CCC(=O)N[*])cc1,Egc,5.0232
3691,[*]CCCCCCNC(=O)CCC(C)CC(=O)N[*],Egc,5.8045
3692,[*]CCCCCCNC(=O)CCC=CCCC(=O)N[*],Egc,5.7927
3693,[*]CCCCCCNC(=O)CCC=CCCC(=O)N[*],eib,3.715272335
3694,[*]CCCCCCNC(=O)CCc1ccc(C(C)CC(=O)N[*])cc1,Egc,5.5318
3695,[*]CCCCCCNC(=O)CCc1ccc(CCC(=O)N[*])cc1,Egc,5.4647
3696,[*]CCCCCCNC(=O)CCCC(=O)N[*],Egc,5.7577
3697,[*]CCCCCCNC(=O)CCCC(=O)O[*],Egc,5.8204
3698,[*]CCCCCCNC(=O)CCCCC(=O)N[*],Egc,5.8218
3699,[*]CCCCCCNC(=O)CCCCC(=O)NCC(=O)N[*],Egc,5.5245
3700,[*]CCCCCCNC(=O)CCCCC(=O)NCCCCCCNC(=O)C(=O)N[*],Egc,4.7428
3701,[*]CCCCCCNC(=O)CCCCCC(=O)N[*],Egc,5.6731
3702,[*]CCCCCCNC(=O)CCCCCCC(=O)N[*],Egc,5.6562
3703,[*]CCCCCCNC(=O)CCCCCCCC(=O)N[*],Egc,5.4617
3704,[*]CCCCCCNC(=O)CCCCCCCCC(=O)N[*],Egc,5.9571
3705,[*]CCCCCCNC(=O)CCCCCCCCCCC(=O)N[*],Egc,5.7331
3706,[*]CCCCCCNC(=O)CCCCCCCCCCC(=O)N[*],Egcr,6.3994
3707,[*]CCCCCCNC(=O)CCCCCCCCCCCCCCC(=O)N[*],Egc,5.9016
3708,[*]CCCCCCNC(=O)CCCCCCCCCCCCCCCCC(=O)N[*],Egc,5.8741
3709,[*]CCCCCCNC(=O)CCCCCCCCCCCCCCCCCCCCC(=O)N[*],Egc,6.0208
3710,[*]CCCCCCNC(=O)CCP(=O)(CCC(=O)N[*])c1ccccc1,Egc,5.0861
3711,[*]CCCCCCNC(=O)CCP(=O)(CCC(=O)N[*])c1ccccc1,eib,3.496425411
3712,[*]CCCCCCNC(=O)CCP(=S)(CCC(=O)N[*])c1ccccc1,Egc,4.5816
3713,[*]CCCCCCNC(=O)CCP(=S)(CCC(=O)N[*])c1ccccc1,eib,3.0279501
3714,[*]CCCCCCNC(=O)CCP(C)(=O)CCC(=O)N[*],Egc,5.9436
3715,[*]CCCCCCNC(=O)CCP(CCC(=O)N[*])c1ccccc1,Egc,5.0474
3716,[*]CCCCCCNC(=O)N[*],Egc,5.5278
3717,[*]CCCCCCNC(=O)NCCCCCNC(=O)N[*],Egc,5.8717
3718,[*]CCCCCCNC(=O)NCCCCNC(=O)N[*],Egc,5.4928
3719,[*]CCCCCCNC(=O)NCCCNC(=O)N[*],Egc,5.8207
3720,[*]CCCCCCNC(=O)NCCNC(=O)N[*],Egc,5.778
3721,[*]CCCCCCO[*],Egc,6.0774
3722,[*]CCCCCCOC(=O)C(=O)O[*],Egc,6.3296
3723,[*]CCCCCCOC(=O)C(CCCCCCOc1ccc(-c2ccc(OCc3ccc([N+](=O)[O-])cc3)cc2)cc1)C(=O)O[*],Egc,2.4032
3724,[*]CCCCCCOC(=O)C=CC(=O)O[*],Egc,4.8463
3725,[*]CCCCCCOC(=O)C1C(=O)C2CCC1C(=O)C2C(=O)O[*],Egc,5.1812
3726,[*]CCCCCCOC(=O)C1CC(=O)C(C(=O)O[*])CC1=O,Egc,5.1367
3727,[*]CCCCCCOC(=O)C1CCC(C(=O)O[*])CC1,Egc,6.4846
3728,[*]CCCCCCOC(=O)c1ccc(C=Cc2ccc(C(=O)O[*])cc2)cc1,Egc,3.2271
3729,[*]CCCCCCOC(=O)c1ccc(-c2ccc(C(=O)O[*])cc2)cc1,Egc,4.0749
3730,[*]CCCCCCOC(=O)c1ccc2cc(C(=O)O[*])ccc2c1,Egc,3.8538
3731,[*]CCCCCCOC(=O)c1ccc2cc(C(=O)O[*])ccc2c1,eib,2.115809257
3732,[*]CCCCCCOC(=O)c1cccc(-c2cccc(C(=O)O[*])c2)c1,Egc,4.4604
3733,[*]CCCCCCOC(=O)c1ccccc1-c1ccccc1C(=O)O[*],Egc,4.5701
3734,[*]CCCCCCOC(=O)CC(=O)O[*],Egc,6.9173
3735,[*]CCCCCCOC(=O)CC=CCC(=O)O[*],Egc,5.7875
3736,[*]CCCCCCOC(=O)CC=CCC(=O)O[*],eib,3.762681603
3737,[*]CCCCCCOC(=O)Cc1ccc(CC(=O)O[*])cc1,Egc,5.3563
3738,[*]CCCCCCOC(=O)CCC(=O)O[*],Egc,6.8893
3739,[*]CCCCCCOC(=O)CCC(C)CC(=O)O[*],Egc,6.5192
3740,[*]CCCCCCOC(=O)CCC=CCCC(=O)O[*],Egc,5.8833
3741,[*]CCCCCCOC(=O)CCC=CCCC(=O)O[*],eib,3.426924576
3742,[*]CCCCCCOC(=O)CCCC(=O)O[*],Egc,6.5166
3743,[*]CCCCCCOC(=O)CCCCC(=O)O[*],Egc,6.78
3744,[*]CCCCCCOC(=O)CCCCCC(=O)O[*],Egc,6.306
3745,[*]CCCCCCOC(=O)CCCCCCCC(=O)O[*],Egc,6.666
3746,[*]CCCCCCOC(=O)CCCCCCCCC(=O)O[*],Egc,6.7561
3747,[*]CCCCCCOC(=O)CCCCCNC(=O)CCCCC(=O)NCCCCCC(=O)O[*],Egc,5.9438
3748,[*]CCCCCCOC(=O)CCCCCNC(=O)O[*],Egc,6.3325
3749,[*]CCCCCCOC(=O)CCCCS(=O)(=O)CCCCC(=O)O[*],Egc,6.4159
3750,[*]CCCCCCOC(=O)CCCCSCCCCC(=O)O[*],Egc,5.2055
3751,[*]CCCCCCOC(=O)COCC(=O)O[*],Egc,6.3437
3752,[*]CCCCCCOC(=O)Nc1ccc(C)c(NC(=O)O[*])c1,Egc,5.1934
3753,[*]CCCCCCOC(=O)Nc1ccc(C)c(NC(=O)O[*])c1,eib,3.72377725
3754,[*]CCCCCCOC(=O)NCC(F)(F)C(F)(F)C(F)(F)C(F)(F)CNC(=O)O[*],Egc,6.5962
3755,[*]CCCCCCOC(=O)NCC(F)(F)C(F)(F)C(F)(F)C(F)(F)CNC(=O)O[*],eib,4.298055751
3756,[*]CCCCCCOC(=O)NCc1ccc(CNC(=O)O[*])cc1,Egc,5.3924
3757,[*]CCCCCCOC(=O)NCCCCCCCCCCNC(=O)O[*],Egc,6.2268
3758,[*]CCCCCCOC(=O)NCCCCCCNC(=O)O[*],Egc,6.0594
3759,[*]CCCCCCOC(=O)NCCCCCCNC(=O)O[*],eib,4.34557946
3760,[*]CCCCCCOC(=O)NCCCCNC(=O)O[*],Egc,6.4958
3761,[*]CCCCCCOC(=O)NCCCCNC(=O)O[*],eib,3.938365094
3762,[*]CCCCCCOC(=O)NCCCNC(=O)O[*],Egc,6.1264
3763,[*]CCCCCCOC(=O)NCCCNC(=O)O[*],Egcr,6.5954
3764,[*]CCCCCCOC(=O)NCCCNC(=O)O[*],eib,3.973422645
3765,[*]CCCCCCOC(=O)NCCSCCCCCCSCCNC(=O)O[*],Egc,5.3339
3766,[*]CCCCCCOC(=O)NCCSCCCCCSCCNC(=O)O[*],Egc,4.8597
3767,[*]CCCCCCOC(=O)NCCSCCCCCSCCNC(=O)O[*],Egcr,5.1327
3768,[*]CCCCCCOC(=O)NCCSCCCCSCCNC(=O)O[*],Egc,5.215
3769,[*]CCCCCCOC(=O)NCCSCCSCCNC(=O)O[*],Egc,5.2784
3770,[*]CCCCCCOC(=O)NCCSCCSCCNC(=O)O[*],Egcr,4.7777
3771,[*]CCCCCCOC(=O)NNC(=O)CCCCCCCCC(=O)NNC(=O)O[*],Egc,5.9373
3772,[*]CCCCCCOC(=O)O[*],Egc,6.9481
3773,[*]CCCCCCOC(=O)OCCCCCCCCCCCCOC(=O)OCCCCCCn1c(=O)c2cc3c(=O)n([*])c(=O)c3cc2c1=O,Egc,3.7702
3774,[*]CCCCCCOC(=O)OCCCCCCCCOC(=O)OCCCCCCn1c(=O)c2cc3c(=O)n([*])c(=O)c3cc2c1=O,Egc,3.7158
3775,[*]CCCCCCOC(=O)OCCCCCCCCOC(=O)OCCCCCCOc1ccc(Oc2ccc(O[*])cc2)cc1,Egc,4.5976
3776,[*]CCCCCCOC(=O)OCCCCCCOC(=O)OCCCCCCOc1ccc(C(=O)c2ccc(O[*])cc2)cc1,Egc,4.1372
3777,[*]CCCCCCOC(=O)OCCCCCCOC(=O)OCCCCCCOc1ccc(Oc2ccc(O[*])cc2)cc1,Egc,4.465
3778,[*]CCCCCCOC(=O)OCCCCCOC(=O)OCCCCCCOc1ccc(Oc2ccc(O[*])cc2)cc1,Egc,4.5468
3779,[*]CCCCCCOC(=O)SC(=O)O[*],Egc,5.7553
3780,[*]CCCCCCOC(=O)SC(=O)O[*],eib,3.098959266
3781,[*]CCCCCCOC(=O)SNc1ccc(Cc2ccc(NSC(=O)O[*])cc2)cc1,Egc,3.9055
3782,[*]CCCCCCOC(=O)SNc1ccc(Cc2ccc(NSC(=O)O[*])cc2)cc1,eib,2.870057212
3783,[*]CCCCCCOC(=O)SSC(=O)O[*],Egc,5.0105
3784,[*]CCCCCCOC(=O)SSC(=O)O[*],eib,3.552549443
3785,[*]CCCCCCOc1ccc(C(=O)N(C(=O)c2ccc(O[*])cc2)c2ccccc2)cc1,Egc,3.9212
3786,[*]CCCCCCOc1ccc(C(=O)OC(=O)c2ccc(O[*])cc2)cc1,Egc,4.4092
3787,[*]CCCCCCOc1ccc(C(=O)OC(=O)c2ccc(O[*])cc2)cc1,eib,2.739270967
3788,[*]CCCCCCOc1ccc(C(=O)Oc2ccc(O[*])cc2)cc1,Egc,4.1516
3789,[*]CCCCCCOc1ccc(C(C)(C)c2ccc(O[*])cc2)cc1,Egc,4.7729
3790,[*]CCCCCCOc1ccc(C=Cc2ccc(O[*])cc2)cc1,Egc,3.3553
3791,[*]CCCCCCOc1ccc(OC(=O)c2ccc(C(=O)Oc3ccc(O[*])cc3)cc2)cc1,Egc,3.2533
3792,[*]CCCCCCOc1cccc(C(=O)OC(=O)c2cccc(O[*])c2)c1,Egc,4.0303
3793,[*]CCCCCCOCC1(CO[*])CC1,Egc,5.7686
3794,[*]CCCCCCOCCCCCCOCCCCCO[*],Egc,5.6821
3795,[*]CCCCCCOCO[*],Egc,6.5809
3796,[*]CCCCCCOCO[*],eib,3.968996859
3797,[*]CCCCCCS([*])(=O)=O,Egc,6.4491
3798,[*]CCCCCCS(=O)(=O)CCCCS([*])(=O)=O,Egc,6.5889
3799,[*]CCCCCCS(=O)(=O)NCCCCCCNS([*])(=O)=O,Egc,6.5317
3800,[*]CCCCCCS[*],Egc,4.9951
3801,[*]CCCCCCSC(=O)CCCCCCC(=O)S[*],Egc,4.718
3802,[*]CCCCCCSC(=O)NCCCCCCNC(=O)S[*],Egc,5.523
3803,[*]CCCCCCSCCCCS[*],Egc,4.9969
3804,[*]CCCCCCSCCCCS[*],eib,4.045901053
3805,[*]CCCCCCSCCS[*],Egc,5.085
3806,[*]CCCCCCSSCCCCSS[*],Egc,4.5658
3807,[*]CCCCCCSSCCCCSS[*],Egcr,4.2836
3808,[*]CCCCCn1c(=O)c2ccc3c4ccc5c(=O)n([*])c(=O)c6ccc(c7ccc(c1=O)c2c37)c4c56,Egc,1.9843
3809,[*]CCCCCn1c(=O)c2ccc3c4ccc5c(=O)n([*])c(=O)c6ccc(c7ccc(c1=O)c2c37)c4c56,eib,0.439397396
3810,[*]CCCCCNC(=O)C(CCCCCCCCCCCC)C(=O)N[*],Egc,5.8003
3811,[*]CCCCCNC(=O)C(CCCCCCCCCCCC)C(=O)N[*],Egcr,6.2733
3812,[*]CCCCCNC(=O)C(OC)C(OC)C(=O)N[*],Egc,5.6971
3813,[*]CCCCCNC(=O)c1cccc(C(=O)N[*])c1,Egc,4.855
3814,[*]CCCCCNC(=O)CC(=O)N[*],Egc,5.6519
3815,[*]CCCCCNC(=O)CCC=CCCC(=O)N[*],Egc,4.8564
3816,[*]CCCCCNC(=O)CCCCC(=O)N[*],Egc,5.8689
3817,[*]CCCCCNC(=O)CCCCCC(=O)N[*],Egc,5.7869
3818,[*]CCCCCNC(=O)CCCCCCC(=O)N[*],Egc,5.8169
3819,[*]CCCCCNC(=O)CCCCCCCCC(=O)N[*],Egc,5.7156
3820,[*]CCCCCNC(=O)CCCCCCCCC(=O)NCCCCCNC(=O)C(=O)N[*],Egc,5.8164
3821,[*]CCCCCNC(=O)CCCCCCCCCCCCC(=O)N[*],Egc,5.6675
3822,[*]CCCCCNC(=O)CCCCCCCCCCCCCCCCC(=O)N[*],Egc,5.7624
3823,[*]CCCCCNC(=O)CCCCCCCCCCCCCCCCCCC(=O)N[*],Egc,5.8115
3824,[*]CCCCCNC(=O)CCCCCCCCOCCCCCCCCC(=O)NCCCCCO[*],Egc,5.8422
3825,[*]CCCCCNC(=O)N[*],Egc,5.7115
3826,[*]CCCCCNC(=O)N[*],eib,3.760452246
3827,[*]CCCCCNC(=O)O[*],Egc,6.4491
3828,[*]CCCCCNC(=S)N[*],Egc,4.2484
3829,[*]CCCCCNC(=S)N[*],Egcr,4.3365
3830,[*]CCCCCNC(=S)N[*],eib,3.36669956
3831,[*]CCCCCOC(=O)C(=O)O[*],Egc,6.1932
3832,[*]CCCCCOC(=O)c1ccc(C(=O)NCCCCCCNC(=O)c2ccc(C(=O)O[*])cc2)cc1,Egc,4.2435
3833,[*]CCCCCOC(=O)c1ccc2cc(C(=O)O[*])ccc2c1,Egc,3.7336
3834,[*]CCCCCOC(=O)c1cccc(C(=O)O[*])c1,Egc,5.0202
3835,[*]CCCCCOC(=O)c1cccc(C(=O)O[*])c1,eib,3.600116003
3836,[*]CCCCCOC(=O)c1cccc(-c2cccc(C(=O)O[*])c2)c1,Egc,4.1924
3837,[*]CCCCCOC(=O)c1ccccc1-c1ccccc1C(=O)O[*],Egc,5.0341
3838,[*]CCCCCOC(=O)CC(=O)O[*],Egc,6.5739
3839,[*]CCCCCOC(=O)CC(=O)O[*],Egcr,6.4679
3840,[*]CCCCCOC(=O)CCC(C)CC(=O)O[*],Egc,6.7309
3841,[*]CCCCCOC(=O)CCCCC(=O)O[*],Egc,6.8909
3842,[*]CCCCCOC(=O)CCCCCCCC(=O)O[*],Egc,6.624
3843,[*]CCCCCOC(=O)CCCCCCCCC(=O)O[*],Egc,6.7588
3844,[*]CCCCCOC(=O)CCCCCNC(=O)O[*],Egc,6.0793
3845,[*]CCCCCOC(=O)CCCCS(=O)(=O)CCCCC(=O)O[*],Egc,6.6662
3846,[*]CCCCCOC(=O)CCCCSCCCCC(=O)O[*],Egc,5.081
3847,[*]CCCCCOC(=O)COCC(=O)O[*],Egc,6.1938
3848,[*]CCCCCOC(=O)NC(=O)C1CC1C(=O)NC(=O)O[*],Egc,6.0591
3849,[*]CCCCCOC(=O)NC(=O)C1CC1C(=O)NC(=O)O[*],Egcr,5.4301
3850,[*]CCCCCOC(=O)NC1CC1NC(=O)O[*],Egc,6.0216
3851,[*]CCCCCOC(=O)NC1CC1NC(=O)O[*],eib,3.84455175
3852,[*]CCCCCOC(=O)Nc1ccc(C)c(NC(=O)O[*])c1,Egc,5.0679
3853,[*]CCCCCOC(=O)Nc1ccc(C)c(NC(=O)O[*])c1,eib,4.039070065
3854,[*]CCCCCOC(=O)Nc1ccc(Cc2ccc(NC(=O)O[*])cc2)cc1,Egc,4.1169
3855,[*]CCCCCOC(=O)NCC(F)(F)C(F)(F)C(F)(F)C(F)(F)CNC(=O)O[*],Egc,6.5334
3856,[*]CCCCCOC(=O)NCC(F)(F)C(F)(F)C(F)(F)C(F)(F)CNC(=O)O[*],eib,5.271248246
3857,[*]CCCCCOC(=O)NCCCCCCNC(=O)O[*],Egc,6.1556
3858,[*]CCCCCOC(=O)NCCCCCCNC(=O)O[*],eib,3.713638778
3859,[*]CCCCCOC(=O)NCCSCCCCCCSCCNC(=O)O[*],Egc,4.9366
3860,[*]CCCCCOC(=O)NCCSCCCCCSCCNC(=O)O[*],Egc,5.3877
3861,[*]CCCCCOC(=O)NCCSCCCCSCCNC(=O)O[*],Egc,4.9762
3862,[*]CCCCCOC(=O)NCCSCCSCCNC(=O)O[*],Egc,5.2197
3863,[*]CCCCCOC(=O)NNC(=O)CCCCCCCCC(=O)NNC(=O)O[*],Egc,6.1506
3864,[*]CCCCCOC(=O)O[*],Egc,7.0388
3865,[*]CCCCCOc1ccc(C(=O)OC(=O)c2ccc(O[*])cc2)cc1,Egc,4.4701
3866,[*]CCCCCOc1ccc(C(=O)OC(=O)c2ccc(O[*])cc2)cc1,eib,2.430957337
3867,[*]CCCCCOc1ccc(CCc2ccc(O[*])cc2C)cc1,Egc,4.9545
3868,[*]CCCCCOc1ccc(OCCCCCc2nnc(-c3ccc(-c4nnc([*])o4)cc3)o2)c(C)c1,Egc,2.9539
3869,[*]CCCCCOc1cccc(C(=O)OC(=O)c2cccc(O[*])c2)c1,Egc,3.9498
3870,[*]CCCCCOc1cccc(C(=O)OC(=O)c2cccc(O[*])c2)c1,eib,2.831373455
3871,[*]CCCCCOCO[*],Egc,6.4901
3872,[*]CCCCCOCO[*],eib,4.215900317
3873,[*]CCCCCS([*])(=O)=O,Egc,6.7191
3874,[*]CCCCCS[*],Egc,4.8974
3875,[*]CCCCCSS[*],Egc,5.223
3876,[*]CCCCN(C)C(=O)c1ccc(C(=O)N([*])C)cc1,Egc,4.9751
3877,[*]CCCCN1C(=O)C2C3C=CC(C4C(=O)N([*])C(=O)C34)C2C1=O,Egc,5.6479
3878,[*]CCCCNC(=O)C(=O)N[*],Egc,5.1079
3879,[*]CCCCNC(=O)C(=O)N[*],eib,2.858496049
3880,[*]CCCCNC(=O)C(CCCCCCCCCCCC)C(=O)N[*],Egc,5.1121
3881,[*]CCCCNC(=O)C(OC)C(OC)C(=O)N[*],Egc,5.1811
3882,[*]CCCCNC(=O)C(OC)C(OC)C(=O)N[*],eib,3.756228356
3883,[*]CCCCNC(=O)c1cccc(C(=O)N[*])c1,Egc,5.1786
3884,[*]CCCCNC(=O)CC(=O)N[*],Egc,6.0609
3885,[*]CCCCNC(=O)CC(=O)N[*],eib,3.915885372
3886,[*]CCCCNC(=O)CCC=CCCC(=O)N[*],Egc,5.3048
3887,[*]CCCCNC(=O)CCC=CCCC(=O)N[*],eib,3.928549443
3888,[*]CCCCNC(=O)CCCCC(=O)N[*],Egc,5.937
3889,[*]CCCCNC(=O)CCCCCC(=O)N[*],Egc,5.9678
3890,[*]CCCCNC(=O)CCCCCCC(=O)N[*],Egc,6.0507
3891,[*]CCCCNC(=O)CCCCCCC(=O)NCCCCNC(=O)C(=O)N[*],Egc,4.5656
3892,[*]CCCCNC(=O)CCCCCCCC(=O)N[*],Egc,5.8602
3893,[*]CCCCNC(=O)CCCCCCCC(=O)NCCCCNC(=O)C(=O)N[*],Egc,5.3456
3894,[*]CCCCNC(=O)CCCCCCCCCC(=O)N[*],Egc,6.0257
3895,[*]CCCCNC(=O)CCCCCCCCCCC(=O)N[*],Egc,5.7128
3896,[*]CCCCNC(=O)CCCCCCCCCCCCCCC(=O)N[*],Egc,6.0171
3897,[*]CCCCNC(=O)CCCCCCCCCCCCCCCCC(=O)N[*],Egc,6.0162
3898,[*]CCCCNC(=O)NCCCCCCNC(=O)O[*],Egc,6.0454
3899,[*]CCCCNC(=O)O[*],Egc,6.4279
3900,[*]CCCCO[*],Egc,6.0135
3901,[*]CCCCOC(=O)C(=O)O[*],Egc,4.9405
3902,[*]CCCCOC(=O)C(=O)O[*],eib,2.830428205
3903,[*]CCCCOC(=O)C(OC)C(OC)C(=O)O[*],Egc,5.8998
3904,[*]CCCCOC(=O)C=CC(=O)O[*],Egc,4.7363
3905,[*]CCCCOC(=O)C1C(=O)C2CCC1C(=O)C2C(=O)O[*],Egc,5.4305
3906,[*]CCCCOC(=O)c1ccc([Si](C)(C)c2ccc(C(=O)O[*])cc2)cc1,Egc,4.6724
3907,[*]CCCCOC(=O)c1ccc(C(=O)O[*])cc1,Egc,4.7739
3908,[*]CCCCOC(=O)C1CCC(C(=O)O[*])CC1,Egc,6.541
3909,[*]CCCCOC(=O)C1CCC(C(=O)O[*])CC1,Egcr,6.5835
3910,[*]CCCCOC(=O)c1ccc(C(=O)O[*])cc1,eib,2.404158802
3911,[*]CCCCOC(=O)c1ccc(-c2ccc(C(=O)O[*])cc2)cc1,Egc,4.1718
3912,[*]CCCCOC(=O)c1ccc(-c2ccc(-c3ccc(C(=O)O[*])cc3)cc2)cc1,Egc,3.8116
3913,[*]CCCCOC(=O)c1ccc(-c2ccc(-c3ccc(C(=O)O[*])cc3)cc2)cc1,eib,3.23445734
3914,[*]CCCCOC(=O)c1ccc(NC=Nc2ccc(C(=O)O[*])cc2)cc1,Egc,3.5443
3915,[*]CCCCOC(=O)c1ccc2cc(C(=O)O[*])ccc2c1,Egc,3.7346
3916,[*]CCCCOC(=O)c1cccc(C(=O)O[*])c1,Egc,5.1042
3917,[*]CCCCOC(=O)c1cccc(C(=O)O[*])c1,eib,2.554265749
3918,[*]CCCCOC(=O)c1cccc(-c2cccc(C(=O)O[*])c2)c1,Egc,4.388
3919,[*]CCCCOC(=O)c1cccc(NC(=O)O[*])c1,Egc,4.3503
3920,[*]CCCCOC(=O)c1ccccc1-c1ccccc1C(=O)O[*],Egc,4.6586
3921,[*]CCCCOC(=O)CC(=CC(=O)O[*])c1ccc(OCC)cc1,Egc,4.0233
3922,[*]CCCCOC(=O)CC(=O)O[*],Egc,6.6045
3923,[*]CCCCOC(=O)CC(N)C(=O)O[*],Egc,5.8401
3924,[*]CCCCOC(=O)Cc1ccc(CC(=O)O[*])cc1,Egc,5.0863
3925,[*]CCCCOC(=O)Cc1ccc(CC(=O)O[*])cc1,eib,3.58919431
3926,[*]CCCCOC(=O)CCC(C)CC(=O)O[*],Egc,6.5919
3927,[*]CCCCOC(=O)CCCCC(=O)O[*],Egc,6.7585
3928,[*]CCCCOC(=O)CCCCCC(=O)O[*],Egc,6.7037
3929,[*]CCCCOC(=O)CCCCCCCC(=O)O[*],Egc,6.6081
3930,[*]CCCCOC(=O)CCCCCCCCC(=O)O[*],Egc,6.7249
3931,[*]CCCCOC(=O)CCCCCNC(=O)O[*],Egc,6.3666
3932,[*]CCCCOC(=O)CCCCS(=O)(=O)CCCCC(=O)O[*],Egc,6.5794
3933,[*]CCCCOC(=O)CCCCSCCCCC(=O)O[*],Egc,5.1999
3934,[*]CCCCOC(=O)CCCCSCCCCC(=O)O[*],eib,3.70281479
3935,[*]CCCCOC(=O)CCSCCCCCCSCCC(=O)O[*],Egc,5.0289
3936,[*]CCCCOC(=O)COCC(=O)O[*],Egc,6.3679
3937,[*]CCCCOC(=O)NC1CC1NC(=O)O[*],Egc,6.0977
3938,[*]CCCCOC(=O)NC1CC1NC(=O)O[*],eib,3.94367739
3939,[*]CCCCOC(=O)Nc1ccc(C)c(NC(=O)O[*])c1,Egc,4.9701
3940,[*]CCCCOC(=O)Nc1ccc(Cc2ccc(NC(=O)O[*])cc2)cc1,Egc,4.2876
3941,[*]CCCCOC(=O)NC1CCC(CC2CCC(NC(=O)O[*])CC2)CC1,Egc,5.8831
3942,[*]CCCCOC(=O)NCC(F)(F)C(F)(F)C(F)(F)C(F)(F)CNC(=O)O[*],Egc,6.5358
3943,[*]CCCCOC(=O)NCC(F)(F)C(F)(F)C(F)(F)C(F)(F)CNC(=O)O[*],eib,3.433671948
3944,[*]CCCCOC(=O)NCc1ccc(CNC(=O)O[*])cc1,Egc,5.4223
3945,[*]CCCCOC(=O)NCCCCCCNC(=O)O[*],Egc,6.1879
3946,[*]CCCCOC(=O)NCCCCCCNC(=O)O[*],eib,3.942618277
3947,[*]CCCCOC(=O)NCCCCNC(=O)O[*],Egc,5.6662
3948,[*]CCCCOC(=O)NCCCNC(=O)O[*],Egc,6.2411
3949,[*]CCCCOC(=O)NCCNC(=O)O[*],Egc,6.0791
3950,[*]CCCCOC(=O)NCCSCCSCCNC(=O)O[*],Egc,5.5713
3951,[*]CCCCOC(=O)NNC(=O)CCCCCCCCC(=O)NNC(=O)O[*],Egc,6.1273
3952,[*]CCCCOC(=O)O[*],Egc,7.1273
3953,[*]CCCCOC(=O)OCC1CCC(COC(=O)O[*])CC1,Egc,7.0059
3954,[*]CCCCOC(=O)SC(=O)O[*],Egc,5.7231
3955,[*]CCCCOC(=O)SNCCCCCCNSC(=O)O[*],Egc,5.3038
3956,[*]CCCCOC(=O)SSC(=O)O[*],Egc,3.8783
3957,[*]CCCCOC(=O)SSSC(=O)O[*],Egc,3.6864
3958,[*]CCCCOC(=O)SSSC(=O)O[*],eib,2.295070973
3959,[*]CCCCOC(=O)SSSSC(=O)O[*],Egc,3.5946
3960,[*]CCCCOc1ccc(C(=O)OC(=O)c2ccc(O[*])cc2)cc1,Egc,4.4911
3961,[*]CCCCOc1ccc(C(=O)OC(=O)c2ccc(O[*])cc2)cc1,eib,3.159635341
3962,[*]CCCCOc1ccc(C=C2CCC(=Cc3ccc(O[*])cc3)C2=O)cc1,Egc,2.9946
3963,[*]CCCCOc1ccc(OC(=O)c2ccc(C(=O)Oc3ccc(O[*])cc3)c(C(=O)OCC=C)c2)cc1,Egc,3.2573
3964,[*]CCCCOc1cccc(C(=O)OC(=O)c2cccc(O[*])c2)c1,Egc,4.05
3965,[*]CCCCOCO[*],Egc,6.3363
3966,[*]CCCCOCO[*],eib,4.067653987
3967,[*]CCCCP(C)(=O)CCCNC(=O)CCCCC(=O)N[*],Egc,5.7371
3968,[*]CCCCS[*],Egc,5.2255
3969,[*]CCCCSC(=O)CCCCCCC(=O)S[*],Egc,5.4406
3970,[*]CCCCSCCCS[*],Egc,5.1858
3971,[*]CCCCSCCS[*],Egc,4.898
3972,[*]CCCCSCS[*],Egc,5.1418
3973,[*]CCCCSSCCCSS[*],Egc,4.9696
3974,[*]CCCCSSCCSS[*],Egc,4.9019
3975,[*]CCCN([*])C,Egc,4.769
3976,[*]CCCN([*])C,eib,3.820430163
3977,[*]CCCN([*])C(=O)c1ccccc1,Egc,4.9047
3978,[*]CCCN([*])C(=O)c1ccccc1,eib,3.597892358
3979,[*]CCCN([*])C(=O)CCCCC,Egc,5.4015
3980,[*]CCCN([*])C(C)=O,Egc,5.7585
3981,[*]CCCN([*])C(C)=O,eib,3.776396799
3982,[*]CCCN([*])C=O,Egc,5.9384
3983,[*]CCCN(Cc1ccccc1)C(=O)S[*],Egc,5.347
3984,[*]CCCN[*],Egc,5.2341
3985,[*]CCCN[*],eib,3.52886074
3986,[*]CCCN1C(=O)C2C3C=CC(C4C(=O)N([*])C(=O)C34)C2C1=O,Egc,5.4635
3987,[*]CCCN1C(=O)C2C3C=CC(C4C(=O)N([*])C(=O)C34)C2C1=O,eib,2.713290497
3988,[*]CCCN1C(=O)c2ccc(C(c3ccc4c(c3)C(=O)N([*])C4=O)(C(F)(F)F)C(F)(F)F)cc2C1=O,Egc,3.6153
3989,[*]CCCN1C(=O)c2ccc(C(c3ccc4c(c3)C(=O)N([*])C4=O)(C(F)(F)F)C(F)(F)F)cc2C1=O,eib,3.104393173
3990,[*]CCCNC(=O)C(OC)C(OC)C(=O)N[*],Egc,5.8632
3991,[*]CCCNC(=O)C(OC)C(OC)C(=O)N[*],eib,3.57863359
3992,[*]CCCNC(=O)c1ccc(C(=O)N[*])cc1,Egc,4.6883
3993,[*]CCCNC(=O)c1cccc(C(=O)N[*])c1,Egc,4.9391
3994,[*]CCCNC(=O)c1cccc(C(=O)N[*])c1,eib,2.294328824
3995,[*]CCCNC(=O)CCC=CCCC(=O)N[*],Egc,5.1773
3996,[*]CCCNC(=O)CCCCC(=O)NCCCN([*])C,Egc,4.7916
3997,[*]CCCNC(=O)CCCCC(=O)NCCCO[*],Egc,5.2859
3998,[*]CCCNC(=O)CCCCCCCC(=O)NCCCNC(=O)C(=O)N[*],Egc,4.6754
3999,[*]CCCNC(=O)CCCCCCCC(=O)NCCCNC(=O)C(=O)N[*],Egcr,4.6809
4000,[*]CCCNC(=O)CCCCCCCCC(=O)NCCCNC(=O)C(=O)N[*],Egc,5.6387
4001,[*]CCCNC(=O)CCCCCCCCC(=O)NCCCOCCO[*],Egc,5.9081
4002,[*]CCCNC(=O)CCCCCCCCC(=O)NCCCOCCOCCO[*],Egc,5.9137
4003,[*]CCCNC(=O)CCCCCCCCCCCCCCCCCCC(=O)N[*],Egc,5.8328
4004,[*]CCCNC(=O)NCCCCCCNC(=O)O[*],Egc,5.2947
4005,[*]CCCNC(=O)O[*],Egc,6.2786
4006,[*]CCCO[*],Egc,6.2461
4007,[*]CCCOC(=O)C(=O)O[*],Egc,5.5497
4008,[*]CCCOC(=O)C(=O)O[*],eib,2.578903213
4009,[*]CCCOC(=O)C(C)O[*],Egc,6.3052
4010,[*]CCCOC(=O)c1ccc(C(=O)O[*])cc1,Egc,4.775
4011,[*]CCCOC(=O)C1CCC(C(=O)O[*])CC1,Egc,6.5753
4012,[*]CCCOC(=O)c1ccc(-c2ccc(C(=O)O[*])cc2)cc1,Egc,4.2973
4013,[*]CCCOC(=O)c1ccc2cc(C(=O)O[*])ccc2c1,Egc,3.6779
4014,[*]CCCOC(=O)c1cccc(C(=O)O[*])c1,Egc,4.8915
4015,[*]CCCOC(=O)c1cccc(-c2cccc(C(=O)O[*])c2)c1,Egc,4.6774
4016,[*]CCCOC(=O)c1ccccc1-c1ccccc1C(=O)O[*],Egc,5.0095
4017,[*]CCCOC(=O)CC(=O)O[*],Egc,6.5016
4018,[*]CCCOC(=O)Cc1ccc(CC(=O)O[*])cc1,Egc,5.1547
4019,[*]CCCOC(=O)Cc1ccc(CC(=O)O[*])cc1,eib,3.101076139
4020,[*]CCCOC(=O)CCC(=O)O[*],Egc,6.7889
4021,[*]CCCOC(=O)CCC(C)CC(=O)O[*],Egc,6.2599
4022,[*]CCCOC(=O)CCCC(=O)O[*],Egc,6.7543
4023,[*]CCCOC(=O)CCCCC(=O)O[*],Egc,6.6203
4024,[*]CCCOC(=O)CCCCCC(=O)O[*],Egc,6.855
4025,[*]CCCOC(=O)CCCCCCC(=O)O[*],Egc,6.8719
4026,[*]CCCOC(=O)CCCCCCC(=O)O[*],Egcr,6.4907
4027,[*]CCCOC(=O)CCCCCCCC(=O)O[*],Egc,6.3801
4028,[*]CCCOC(=O)CCCCCCCCC(=O)O[*],Egc,6.8189
4029,[*]CCCOC(=O)CCCCCCCCCC(=O)O[*],Egc,6.7038
4030,[*]CCCOC(=O)CCCCCCCCCCC(=O)O[*],Egc,6.4712
4031,[*]CCCOC(=O)CCCCCCCCCCC(=O)O[*],Egcr,6.3683
4032,[*]CCCOC(=O)CCCCCCCCCCCCCCCCC(=O)O[*],Egc,6.6892
4033,[*]CCCOC(=O)CCCCSCCCCC(=O)O[*],Egc,5.3428
4034,[*]CCCOC(=O)COCC(=O)O[*],Egc,6.046
4035,[*]CCCOC(=O)N1CCC([*])CC1,Egc,5.7887
4036,[*]CCCOC(=O)Nc1cc(NC(=O)O[*])ccc1C,Egc,5.3025
4037,[*]CCCOC(=O)NC1CC1NC(=O)O[*],Egc,5.9686
4038,[*]CCCOC(=O)NCCCCCCNC(=O)O[*],Egc,6.1154
4039,[*]CCCOC(=O)NCCSCCSCCNC(=O)O[*],Egc,5.2664
4040,[*]CCCOC(=O)O[*],Egc,7.197
4041,[*]CCCOc1ccc(C(=O)OC(=O)c2ccc(C(=O)OC(=O)c3ccc(O[*])cc3)cc2)cc1,Egc,3.765
4042,[*]CCCOc1ccc(C(=O)OC(=O)c2ccc(O[*])cc2)cc1,Egc,4.3065
4043,[*]CCCOc1ccc(C(=O)OC(=O)c2ccc(O[*])cc2)cc1,eib,2.313610668
4044,[*]CCCOc1ccc(C(=O)OC(=O)c2ccccc2C(=O)OC(=O)c2ccc(O[*])cc2)cc1,Egc,3.9114
4045,[*]CCCOc1cccc(C(=O)OC(=O)c2cccc(O[*])c2)c1,Egc,4.0132
4046,[*]CCCOCCCOC(=O)c1ccc(-c2ccc(C(=O)O[*])cc2)cc1,Egc,4.1008
4047,[*]CCCOCCCOC(=O)c1ccc(-c2ccc(C(=O)O[*])cc2)cc1,eib,2.539925904
4048,[*]CCCOCCCOC(=O)CCCCCCCCC(=O)O[*],Egc,6.267
4049,[*]CCCOCCOCCOC(=O)Nc1ccc(C)c(NC(=O)O[*])c1,Egc,5.1637
4050,[*]CCCP(=O)(CCCNC(=O)CCCCC(=O)N[*])c1ccccc1,Egc,4.9299
4051,[*]CCCP(C)(=O)CCCNC(=O)CCCCCCCCC(=O)N[*],Egc,5.8002
4052,[*]CCCP(CCCCCCCC)CCCNC(=O)C(=O)N[*],Egc,3.7455
4053,[*]CCCP(CCCCCCCC)CCCNC(=O)C(=O)N[*],eib,3.238235428
4054,[*]CCCP(CCCCCCCC)CCCNC(=O)CCCCC(=O)N[*],Egc,4.8381
4055,[*]CCCP(CCCNC(=O)C(=O)N[*])c1ccccc1,Egc,4.2412
4056,[*]CCCP(CCCNC(=O)C(=O)N[*])c1ccccc1,eib,3.068617584
4057,[*]CCCP(CCCNC(=O)CCCCC(=O)N[*])c1ccccc1,Egc,5.1514
4058,[*]CCCP(CCCNC(=O)CCCCC(=O)N[*])CC(C)C,Egc,5.0331
4059,[*]CCCP(CCCNC(=O)CCCCCCCCC(=O)N[*])c1ccccc1,Egc,4.7536
4060,[*]CCCP(CCCNC(=O)N[*])c1ccccc1,Egc,4.9075
4061,[*]CCCP(CCCNC(=O)N[*])c1ccccc1,eib,3.939774286
4062,[*]CCCS(=O)(=O)CCCCS(=O)(=O)CCCOC(=O)O[*],Egc,6.5416
4063,[*]CCCS(=O)(=O)CCCCS(=O)(=O)CCCOC(=O)O[*],eib,4.163464428
4064,[*]CCCS(=O)(=O)CCCS(=O)(=O)CCCOC(=O)c1ccccc1C(=O)O[*],Egc,4.969
4065,[*]CCCS[*],Egc,5.2018
4066,[*]CCCSC(=O)CCC(=O)S[*],Egc,4.8548
4067,[*]CCCSC(=O)CCCCCCC(=O)S[*],Egc,4.641
4068,[*]CCCSC(=O)CCCCCCCCC(=O)S[*],Egc,5.1438
4069,[*]CCCSS[*],Egc,5.0561
4070,[*]CCN([*])C(=O)C(C)(C)C,Egc,5.3244
4071,[*]CCN([*])C(=O)C(C)C,Egc,5.5723
4072,[*]CCN([*])C(=O)C(Cl)Cl,Egc,5.4221
4073,[*]CCN([*])C(=O)C(F)(F)C(F)(F)F,Egc,5.6095
4074,[*]CCN([*])C(=O)c1c(F)cc(F)c(F)c1F,Egc,4.201
4075,[*]CCN([*])C(=O)c1c(F)cc(F)c(F)c1F,eib,2.524440372
4076,[*]CCN([*])C(=O)c1c(F)cc(F)cc1F,Egc,4.6565
4077,[*]CCN([*])C(=O)c1c(F)cc(F)cc1F,eib,3.407686763
4078,[*]CCN([*])C(=O)c1c(F)cccc1F,Egc,4.517
4079,[*]CCN([*])C(=O)c1c(F)cccc1F,eib,3.540387732
4080,[*]CCN([*])C(=O)c1cc(F)ccc1F,Egc,4.5391
4081,[*]CCN([*])C(=O)c1cc(F)ccc1F,eib,3.14429288
4082,[*]CCN([*])C(=O)c1ccc(F)c(F)c1,Egc,4.8837
4083,[*]CCN([*])C(=O)c1ccc(F)c(F)c1,eib,2.996505317
4084,[*]CCN([*])C(=O)c1ccc(F)cc1,Egc,5.0808
4085,[*]CCN([*])C(=O)c1ccc(OC)cc1,Egc,4.8635
4086,[*]CCN([*])C(=O)C1CCCCC1,Egc,5.4743
4087,[*]CCN([*])C(=O)c1cccs1,Egc,4.4831
4088,[*]CCN([*])C(=O)CC(C)C,Egc,5.5788
4089,[*]CCN([*])C(=O)Cc1ccc(C(F)(F)F)cc1,Egc,4.8637
4090,[*]CCN([*])C(=O)Cc1ccc(C(F)(F)F)cc1,eib,3.04990829
4091,[*]CCN([*])C(=O)CCC,Egc,5.6408
4092,[*]CCN([*])C(=O)CCC(=O)OC,Egc,5.7939
4093,[*]CCN([*])C(=O)CCCCC,Egc,5.5936
4094,[*]CCN([*])C(=O)CO,Egc,5.8894
4095,[*]CCN([*])C(=O)CO,eib,3.531196727
4096,[*]CCN([*])C(C)=O,Egc,5.6737
4097,[*]CCN([*])Cc1ccccc1,Egc,3.6413
4098,[*]CCN(Cc1ccccc1)C(=O)S[*],Egc,4.7252
4099,[*]CCN(CCCC(=O)Nc1ccc(N=Nc2ccccc2)cc1)CCOC(=O)NCC1CCCC(CNC(=O)O[*])C1,Egc,2.8476
4100,[*]CCN(CCOC(=O)c1ccc(C(=O)O[*])c(OC)c1)c1ccc(N=Nc2ccc(C=Cc3nc4ccc([N+](=O)[O-])cc4n3CC)cc2)cc1,Egc,2.5707
4101,[*]CCN(CCOC(=O)c1cccc(C(=O)O[*])c1)c1ccc(N=Nc2ccc(-c3nc4ccc([N+](=O)[O-])cc4n3CC)cc2)cc1,Egc,2.5182
4102,[*]CCN(CCOC(=O)c1cccc(C(=O)O[*])c1)c1ccccc1,Egc,3.2108
4103,[*]CCN(CCOC(=O)c1cccc(C(=O)O[*])c1)c1ccccc1,eib,2.142239831
4104,[*]CCN(CCOC(=O)Nc1ccc(C)c(NC(=O)O[*])c1)c1ccc(C=C2NC(=O)NC2=O)cc1,Egc,3.1402
4105,[*]CCN(CCOC(=O)Nc1ccc(C)c(NC(=O)O[*])c1)c1ccc(-c2c(NCCCO)c(=O)c2=O)cc1,Egc,3.1713
4106,[*]CCN(CCOC(=O)Nc1ccc(C)c(NC(=O)O[*])c1)c1ccccc1,Egc,4.4152
4107,[*]CCN(CCOC(=O)Nc1ccc(C)c(NC(=O)O[*])c1)c1ccccc1,eib,4.010061373
4108,[*]CCN(CCOC(=O)Nc1ccc(Cc2ccc(NC(=O)O[*])cc2)cc1)c1ccccc1,Egc,4.271
4109,[*]CCN(CCOC(=O)Nc1ccc(Cc2ccc(NC(=O)O[*])cc2)cc1)c1ccccc1,eib,3.49832964
4110,[*]CCN[*],Egc,5.0272
4111,[*]CCN[*],eib,3.733477393
4112,[*]CCN1C(=O)C(=CC=C2SC(=S)N([*])C2=O)SC1=S,Egc,2.3105
4113,[*]CCN1C(=O)C(=CC=C2SC(=S)N([*])C2=O)SC1=S,eib,0.473522934
4114,[*]CCN1C(=O)C(=CCCCC=C2SC(=S)N([*])C2=O)SC1=S,Egc,3.4353
4115,[*]CCNC(=O)C(OC)C(OC)C(=O)N[*],Egc,5.3552
4116,[*]CCNC(=O)C(OC)C(OC)C(=O)N[*],eib,3.119305609
4117,[*]CCNC(=O)c1ccc(O[*])cc1,Egc,4.8032
4118,[*]CCNC(=O)c1cccc(C(=O)N[*])c1,Egc,4.6675
4119,[*]CCNC(=O)c1cccc(C(=O)NCCOC(=O)c2ccc(C(=O)O[*])cc2)c1,Egc,3.6005
4120,[*]CCNC(=O)c1cccc(O[*])c1,Egc,5.033
4121,[*]CCNC(=O)CCCCC(=O)N[*],Egc,5.582
4122,[*]CCNC(=O)CCCCCCC(=O)N[*],Egc,5.7102
4123,[*]CCNC(=O)CCCCCCCCC(=O)N[*],Egc,5.9599
4124,[*]CCNC(=O)CCCCCCCCCCC(=O)N[*],Egc,5.7085
4125,[*]CCNC(=O)CCCCCCCCCCCCCCC(=O)N[*],Egc,5.9268
4126,[*]CCNC(=O)CCCCCCCCCCCCCCCCC(=O)N[*],Egc,5.8928
4127,[*]CCNC(=O)CCP(C)(=O)CCC(=O)N[*],Egc,5.9313
4128,[*]CCNC(=O)NCCCCCCNC(=O)O[*],Egc,5.472
4129,[*]CCNC(=S)[*],Egc,3.6462
4130,[*]CCNC(=S)[*],eib,2.955664733
4131,[*]CCNC(C=C1)=CC=C1[*],Egc,4.1739
4132,[*]CCNC(C=C1)=CC=C1[*],eib,3.78895378
4133,[*]CCNC(S1)=CC=C1[*],Egc,3.9612
4134,[*]CCNC(S1)=CC=C1[*],eib,3.766861412
4135,[*]CCO[*],Egc,5.2314
4136,[*]CCO[*],eib,4.217726222
4137,[*]CCOC(=O)C(=O)O[*],Egc,6.0408
4138,[*]CCOC(=O)C(=O)O[*],eib,3.214641725
4139,[*]CCOC(=O)C=CC(=O)O[*],Egc,4.7397
4140,[*]CCOC(=O)C=CC(=O)O[*],eib,0.663739076
4141,[*]CCOC(=O)C1C2C=CC(C2)C1C(=O)O[*],Egc,5.7712
4142,[*]CCOC(=O)C1C2C=CC(C2)C1C(=O)O[*],Egcr,5.3661
4143,[*]CCOC(=O)C1C2C=CC(C2)C1C(=O)O[*],eib,3.904108949
4144,[*]CCOC(=O)c1ccc(C(=O)NCCCCCCCCCCCCNC(=O)c2ccc(C(=O)O[*])cc2)cc1,Egc,4.4473
4145,[*]CCOC(=O)c1ccc(C(=O)O[*])c2c1CC2,Egc,4.274
4146,[*]CCOC(=O)c1ccc(C(=O)O[*])cc1,Egc,4.6498
4147,[*]CCOC(=O)C1CCC(C(=O)O[*])CC1,Egc,6.5261
4148,[*]CCOC(=O)C1CCC(C(=O)O[*])CC1,Egcr,6.4481
4149,[*]CCOC(=O)c1ccc(C(C)(CC)c2ccc(C(=O)O[*])cc2)cc1,Egc,4.3825
4150,[*]CCOC(=O)c1ccc(C2(C)CC(C)(C)c3ccc(C(=O)O[*])cc32)cc1,Egc,4.0949
4151,[*]CCOC(=O)c1ccc(-c2ccc(C(=O)O[*])cc2C)c(C)c1,Egc,4.3776
4152,[*]CCOC(=O)c1ccc(Cc2ccc(C(=O)O[*])cc2)cc1,Egc,4.0415
4153,[*]CCOC(=O)c1ccc(CCCCCCc2ccc(C(=O)O[*])cc2)cc1,Egc,4.9875
4154,[*]CCOC(=O)c1ccc(CCCCCCc2ccc(C(=O)O[*])cc2)cc1,eib,2.97183893
4155,[*]CCOC(=O)c1ccc(NC(=O)CCCCCCCC(=O)Nc2ccc(C(=O)O[*])cc2)cc1,Egc,4.2501
4156,[*]CCOC(=O)c1ccc(O[*])c(C)c1,Egc,4.4733
4157,[*]CCOC(=O)c1ccc(O[*])c(C)c1,eib,2.318391225
4158,[*]CCOC(=O)c1ccc(O[*])c(Cl)c1,Egc,4.8461
4159,[*]CCOC(=O)c1ccc(O[*])c(Cl)c1,eib,2.601010426
4160,[*]CCOC(=O)c1ccc(O[*])cc1C,Egc,4.462
4161,[*]CCOC(=O)c1ccc(O[*])cc1C,eib,2.437262024
4162,[*]CCOC(=O)c1ccc(O[*])cc1Cl,Egc,4.6001
4163,[*]CCOC(=O)c1ccc(O[*])cc1Cl,eib,2.381147921
4164,[*]CCOC(=O)c1cccc(C(=O)O[*])c1,Egc,4.5156
4165,[*]CCOC(=O)c1ccccc1C(=O)O[*],Egc,5.1201
4166,[*]CCOC(=O)CC(=O)O[*],Egc,6.3978
4167,[*]CCOC(=O)CC(=O)O[*],eib,3.769990563
4168,[*]CCOC(=O)CC(C)O[*],Egc,6.2081
4169,[*]CCOC(=O)Cc1ccc(C(=O)O[*])cc1,Egc,4.7045
4170,[*]CCOC(=O)Cc1ccc(CC(=O)O[*])cc1,Egc,4.9816
4171,[*]CCOC(=O)CCC(=O)O[*],Egc,6.3458
4172,[*]CCOC(=O)CCC(=O)OCCOC(=O)c1ccc(C(=O)O[*])cc1,Egc,4.7136
4173,[*]CCOC(=O)CCC(=O)OCCOC(=O)c1ccc(C(=O)O[*])cc1,eib,1.959750765
4174,[*]CCOC(=O)CCC(C)CC(=O)O[*],Egc,6.5596
4175,[*]CCOC(=O)CCCCC(=O)O[*],Egc,6.4808
4176,[*]CCOC(=O)CCCCC(=O)OCCOC(=O)c1ccc(C(=O)O[*])cc1,Egc,4.1798
4177,[*]CCOC(=O)CCCCCC(=O)O[*],Egc,6.8318
4178,[*]CCOC(=O)CCCCCCC(=O)O[*],Egc,6.9199
4179,[*]CCOC(=O)CCCCCCCCC(=O)O[*],Egc,6.9145
4180,[*]CCOC(=O)CCCCCNC(=O)CCCCC(=O)NCCCCCC(=O)O[*],Egc,5.8514
4181,[*]CCOC(=O)CCCCS(=O)(=O)CCCCC(=O)O[*],Egc,6.1194
4182,[*]CCOC(=O)CCCCS(=O)(=O)CCCCC(=O)O[*],eib,4.0990465
4183,[*]CCOC(=O)CCCCSCCCCC(=O)O[*],Egc,5.1771
4184,[*]CCOC(=O)CCSCCC(=O)O[*],Egc,5.3663
4185,[*]CCOC(=O)CCSCCC(=O)O[*],eib,3.379108779
4186,[*]CCOC(=O)COCC(=O)O[*],Egc,6.0093
4187,[*]CCOC(=O)COCC(=O)O[*],eib,3.484838519
4188,[*]CCOC(=O)CSC(=O)Nc1ccc(Cc2ccc(NC(=O)SCC(=O)O[*])cc2)cc1,Egc,4.2361
4189,[*]CCOC(=O)CSC(=O)Nc1ccc(Cc2ccc(NC(=O)SCC(=O)O[*])cc2)cc1,eib,3.044482694
4190,[*]CCOC(=O)N(C)c1ccc(C)c(N(C)C(=O)O[*])c1,Egc,5.086
4191,[*]CCOC(=O)N(C)c1ccc(C)c(N(C)C(=O)O[*])c1,eib,3.897751555
4192,[*]CCOC(=O)Nc1c(C)c(C)c(NC(=O)O[*])c(C)c1C,Egc,5.0778
4193,[*]CCOC(=O)Nc1c(C)c(C)c(NC(=O)O[*])c(C)c1C,eib,3.542495802
4194,[*]CCOC(=O)Nc1cc(NC(=O)O[*])ccc1C,Egc,5.1042
4195,[*]CCOC(=O)Nc1cc(NC(=O)O[*])ccc1C,eib,3.855760057
4196,[*]CCOC(=O)Nc1ccc(C(C)(C)c2ccc(NC(=O)O[*])cc2)cc1,Egc,4.5782
4197,[*]CCOC(=O)Nc1ccc(C(C)(C)c2ccc(NC(=O)O[*])cc2)cc1,Egcr,4.3346
4198,[*]CCOC(=O)Nc1ccc(C(C)(C)c2ccc(NC(=O)O[*])cc2)cc1,eib,3.256443787
4199,[*]CCOC(=O)Nc1ccc(-c2ccc(NC(=O)O[*])c(C)c2)cc1C,Egc,4.2922
4200,[*]CCOC(=O)Nc1ccc(-c2ccc(NC(=O)O[*])c(C)c2)cc1C,eib,2.951269583
4201,[*]CCOC(=O)Nc1ccc(Cc2ccc(NC(=O)O[*])cc2)cc1,Egc,4.1453
4202,[*]CCOC(=O)Nc1ccc(CCCc2ccc(NC(=O)O[*])cc2)cc1,Egc,4.9081
4203,[*]CCOC(=O)Nc1ccc(NC(=O)O[*])cc1,Egc,5.0116
4204,[*]CCOC(=O)NC1CCC(NC(=O)O[*])CC1,Egc,5.7184
4205,[*]CCOC(=O)NC1CCC(NC(=O)O[*])CC1,eib,4.308071055
4206,[*]CCOC(=O)Nc1cccc(NC(=O)O[*])c1,Egc,5.1312
4207,[*]CCOC(=O)NC1CCCC(NC(=O)O[*])C1,Egc,6.2072
4208,[*]CCOC(=O)NC1CCCC(NC(=O)O[*])C1,eib,3.931971226
4209,[*]CCOC(=O)Nc1cccc2c(NC(=O)O[*])cccc12,Egc,4.0296
4210,[*]CCOC(=O)Nc1cccc2c(NC(=O)O[*])cccc12,eib,2.495487141
4211,[*]CCOC(=O)NCC1(C)CC(NC(=O)O[*])CC(C)(C)C1,Egc,5.7856
4212,[*]CCOC(=O)NCCC(C)NC(=O)O[*],Egc,5.9201
4213,[*]CCOC(=O)NCCCC(CCNC(=O)O[*])OC,Egc,5.5607
4214,[*]CCOC(=O)NCCCCCCCCCCNC(=O)O[*],Egc,6.1704
4215,[*]CCOC(=O)NCCCCCCCCCCNC(=O)O[*],Egcr,6.6421
4216,[*]CCOC(=O)NCCCCCCCCCNC(=O)O[*],Egc,6.2637
4217,[*]CCOC(=O)NCCCCCCNC(=O)O[*],Egc,6.0605
4218,[*]CCOC(=O)NCCCOCCCNC(=O)O[*],Egc,6.1366
4219,[*]CCOC(=O)NCCNC(=O)O[*],Egc,6.0764
4220,[*]CCOC(=O)NCCOCCOCCNC(=O)O[*],Egc,6.1965
4221,[*]CCOC(=O)NCCSCCCCCCSCCNC(=O)O[*],Egc,4.8217
4222,[*]CCOC(=O)NCCSCCCCSCCNC(=O)O[*],Egc,5.1021
4223,[*]CCOC(=O)NCCSCCCCSCCNC(=O)O[*],Egcr,5.1094
4224,[*]CCOC(=O)NCCSCCSCCNC(=O)O[*],Egc,5.0147
4225,[*]CCOC(=O)NNC(=O)CCCCCCCCC(=O)NNC(=O)O[*],Egc,6.0415
4226,[*]CCOC(=O)O[*],Egc,7.4995
4227,[*]CCOC(=O)O[*],eib,4.080692712
4228,[*]CCOc1ccc(C(=O)OC(=O)c2ccc(C(=O)OC(=O)c3ccc(O[*])c(OC)c3)cc2)cc1OC,Egc,3.117
4229,[*]CCOc1ccc(C(=O)OC(=O)c2ccc(C(=O)OC(=O)c3ccc(O[*])cc3)cc2)cc1,Egc,3.8246
4230,[*]CCOc1ccc(C(=O)OC(=O)c2ccc(O[*])cc2)cc1,Egc,4.4379
4231,[*]CCOc1ccc(C(=O)OC(=O)c2ccc(O[*])cc2)cc1,eib,2.238747802
4232,[*]CCOc1ccc(C(=O)OC(=O)c2ccccc2C(=O)OC(=O)c2ccc(O[*])cc2)cc1,Egc,4.2778
4233,[*]CCOc1ccc(C(=O)OCCCCCCOC(=O)c2ccc(O[*])cc2)cc1,Egc,4.6518
4234,[*]CCOc1ccc(C=C2CCC(=Cc3ccc(O[*])c(OC)c3)C2=O)cc1OC,Egc,2.6534
4235,[*]CCOc1ccc(C=C2CCC(=Cc3ccc(O[*])cc3)C2=O)cc1,Egc,2.9454
4236,[*]CCOc1ccc(OC(=O)c2ccc(C(=O)Oc3ccc(O[*])cc3)c(OCCCCC)c2)cc1,Egc,3.3136
4237,[*]CCOCC(=O)NCCCCCCNC(=O)CO[*],Egc,5.1019
4238,[*]CCOCC(=O)NCCNC(=O)CO[*],Egc,5.8923
4239,[*]CCOCC(=O)O[*],Egc,6.0176
4240,[*]CCOCC(CCl)O[*],Egc,6.0832
4241,[*]CCOCCC(=O)O[*],Egc,6.3366
4242,[*]CCOCCOC(=O)C(=O)O[*],Egc,5.7606
4243,[*]CCOCCOC(=O)C(C)C(=O)O[*],Egc,6.3545
4244,[*]CCOCCOC(=O)C(CCC)C(=O)O[*],Egc,6.2462
4245,[*]CCOCCOC(=O)C(CCCCC)C(=O)O[*],Egc,5.5316
4246,[*]CCOCCOC(=O)C(CCCCCCC)C(=O)O[*],Egc,6.1842
4247,[*]CCOCCOC(=O)C(CCCCCCCCC)C(=O)O[*],Egc,6.441
4248,[*]CCOCCOC(=O)C=CC(=O)NCCCCCCNC(=O)C=CC(=O)O[*],Egc,3.806
4249,[*]CCOCCOC(=O)C=CC(=O)O[*],Egc,3.8645
4250,[*]CCOCCOC(=O)C1CCC(C(=O)O[*])CC1,Egc,6.676
4251,[*]CCOCCOC(=O)c1ccc(-c2ccc(C(=O)O[*])cc2)cc1,Egc,4.0097
4252,[*]CCOCCOC(=O)c1ccc(-c2ccc(-c3ccc(C(=O)O[*])cc3)cc2)cc1,Egc,3.4046
4253,[*]CCOCCOC(=O)c1ccc(Cc2ccc(C(=O)O[*])cc2)cc1,Egc,4.2931
4254,[*]CCOCCOC(=O)c1ccc(Cc2ccc(C(=O)O[*])cc2)cc1,eib,2.212502685
4255,[*]CCOCCOC(=O)c1ccc(NC=Nc2ccc(C(=O)O[*])cc2)cc1,Egc,4.1537
4256,[*]CCOCCOC(=O)c1cccc(C(=O)O[*])c1,Egc,4.6602
4257,[*]CCOCCOC(=O)CC(=CC(=O)O[*])c1cc(C)ccc1OC,Egc,3.1
4258,[*]CCOCCOC(=O)CC(=O)O[*],Egc,5.5945
4259,[*]CCOCCOC(=O)CCC(=O)O[*],Egc,6.2926
4260,[*]CCOCCOC(=O)CCC(C)CC(=O)O[*],Egc,6.3317
4261,[*]CCOCCOC(=O)CCCC(=O)O[*],Egc,6.2403
4262,[*]CCOCCOC(=O)CCCCC(=O)O[*],Egc,6.1095
4263,[*]CCOCCOC(=O)CCCCCC(=O)O[*],Egc,6.5754
4264,[*]CCOCCOC(=O)CCCCCCC(=O)O[*],Egc,6.6005
4265,[*]CCOCCOC(=O)CCCCCCCC(=O)O[*],Egc,6.4552
4266,[*]CCOCCOC(=O)CCCCCCCCC(=O)O[*],Egc,6.5248
4267,[*]CCOCCOC(=O)CCCCCCCCCCC(=O)O[*],Egc,6.3322
4268,[*]CCOCCOC(=O)CCCCCCCCCCCCCCCCC(=O)O[*],Egc,6.3825
4269,[*]CCOCCOC(=O)CCCCS(=O)(=O)CCCCC(=O)O[*],Egc,6.5382
4270,[*]CCOCCOC(=O)CCCCS(=O)(=O)CCCCC(=O)O[*],Egcr,5.7504
4271,[*]CCOCCOC(=O)CCCCSCCCCC(=O)O[*],Egc,5.0861
4272,[*]CCOCCOC(=O)CCSCCC(=O)O[*],Egc,5.2072
4273,[*]CCOCCOC(=O)COCC(=O)O[*],Egc,5.8945
4274,[*]CCOCCOC(=O)NCCCCCCNC(=O)O[*],Egc,5.8048
4275,[*]CCOCCOC(=O)NCCNC(=O)O[*],Egc,6.2477
4276,[*]CCOCCOC(=O)O[*],Egc,6.062
4277,[*]CCOCCOc1ccc(C=C(C)c2ccc(O[*])cc2)cc1,Egc,4.2636
4278,[*]CCOCCOc1ccc(NC=Nc2ccc(O[*])cc2)cc1,Egc,4.0043
4279,[*]CCOCCOCC#CC#CCOCCOCCOC(=O)NCCCCCCNC(=O)O[*],Egc,4.8627
4280,[*]CCOCCOCCOC(=O)C(=O)O[*],Egc,4.2233
4281,[*]CCOCCOCCOC(=O)C(=O)O[*],eib,3.282997605
4282,[*]CCOCCOCCOC(=O)C=CC(=O)NCCCCCCNC(=O)C=CC(=O)O[*],Egc,4.0488
4283,[*]CCOCCOCCOC(=O)c1ccc(C(=O)O[*])cc1,Egc,4.285
4284,[*]CCOCCOCCOC(=O)C1CCC(C(=O)O[*])CC1,Egc,6.1348
4285,[*]CCOCCOCCOC(=O)c1ccc(N=Nc2ccc(C(=O)O[*])cc2)cc1,Egc,3.1178
4286,[*]CCOCCOCCOC(=O)c1ccc(N=Nc2ccc(C(=O)O[*])cc2)cc1,eib,2.965453338
4287,[*]CCOCCOCCOC(=O)c1cccc(C(=O)O[*])c1,Egc,4.6702
4288,[*]CCOCCOCCOC(=O)c1ccccc1C(=O)O[*],Egc,4.6067
4289,[*]CCOCCOCCOC(=O)CC(=O)O[*],Egc,5.2154
4290,[*]CCOCCOCCOC(=O)CCC(=O)O[*],Egc,5.756
4291,[*]CCOCCOCCOC(=O)CCC(C)CC(=O)O[*],Egc,6.0773
4292,[*]CCOCCOCCOC(=O)CCCC(=O)O[*],Egc,5.8349
4293,[*]CCOCCOCCOC(=O)CCCCC(=O)O[*],Egc,6.3231
4294,[*]CCOCCOCCOC(=O)CCCCCC(=O)O[*],Egc,6.197
4295,[*]CCOCCOCCOC(=O)CCCCCC(=O)O[*],Egcr,5.5157
4296,[*]CCOCCOCCOC(=O)CCCCCCC(=O)O[*],Egc,5.8894
4297,[*]CCOCCOCCOC(=O)CCCCCCC(=O)O[*],Egcr,6.184
4298,[*]CCOCCOCCOC(=O)CCCCCCCC(=O)O[*],Egc,6.1534
4299,[*]CCOCCOCCOC(=O)CCCCCCCCC(=O)O[*],Egc,5.7898
4300,[*]CCOCCOCCOC(=O)CCCCS(=O)(=O)CCCCC(=O)O[*],Egc,5.7476
4301,[*]CCOCCOCCOC(=O)CCSCCC(=O)O[*],Egc,4.8908
4302,[*]CCOCCOCCOC(=O)COCC(=O)O[*],Egc,5.809
4303,[*]CCOCCOCCOC(=O)CSC(=O)Nc1ccc(C)c(NC(=O)SCC(=O)O[*])c1,Egc,4.3129
4304,[*]CCOCCOCCOC(=O)NCCCCCCNC(=O)O[*],Egc,6.0302
4305,[*]CCOCCOCCOc1ccc(C=C(C)c2ccc(O[*])cc2)cc1,Egc,4.0233
4306,[*]CCOCCOCCOc1ccc(C=C(C)c2ccc(O[*])cc2)cc1,eib,3.247375287
4307,[*]CCOCCOCCOc1ccc(NC(=O)c2ccc(C(=O)Nc3ccc(O[*])cc3)cc2)cc1,Egc,3.1624
4308,[*]CCOCCOCCOc1ccc(NC(=O)c2cccc(C(=O)Nc3ccc(O[*])cc3)c2)cc1,Egc,3.2482
4309,[*]CCOCCOCCOc1cccc(NC(=O)c2ccc(C(=O)Nc3cccc(O[*])c3)cc2)c1,Egc,3.4122
4310,[*]CCOCCOCCOc1cccc(NC(=O)c2cccc(C(=O)Nc3cccc(O[*])c3)c2)c1,Egc,3.5819
4311,[*]CCOCCOCCOCCOC(=O)CCSCCC(=O)O[*],Egc,5.2314
4312,[*]CCOCCOCCOCCOC(=O)NCCCCCCNC(=O)O[*],Egc,6.1368
4313,[*]CCOCCOCCOCCOCCOC(=O)CCSCCC(=O)O[*],Egc,5.1001
4314,[*]CCOCCOCCOCCOCCOc1ccc(C(=O)Nc2cc(NC(=O)c3ccc(O[*])cc3)cc(-c3nc4ccccc4[nH]3)c2)cc1,Egc,3.7337
4315,[*]CCOCCOCCOCCOCCOc1ccc(C=C(C)c2ccc(O[*])cc2)cc1,Egc,3.9748
4316,[*]CCOCCOCCOCCOCCOCCOC(=O)c1cccc(C(=O)O[*])c1,Egc,4.3767
4317,[*]CCOCCOCCOCCOCCOCCOC(=O)NCCCCCCNC(=O)O[*],Egc,5.7691
4318,[*]CCOCO[*],Egc,6.4615
4319,[*]CCOCO[*],eib,4.009441672
4320,[*]CCON[*],Egc,5.7613
4321,[*]CCON[*],eib,3.862408422
4322,[*]CCS(=O)(=O)CCN1CCN([*])CC1,Egc,5.0838
4323,[*]CCS[*],Egc,5.1955
4324,[*]CCS[*],eib,4.613083619
4325,[*]CCSC(=O)CCCCCCC(=O)S[*],Egc,4.6706
4326,[*]CCSC(=O)CCCCCCCCC(=O)S[*],Egc,4.7383
4327,[*]CCSCCO[*],Egc,5.591
4328,[*]CCSCCO[*],eib,4.079536
4329,[*]CCSS[*],Egc,5.0819
4330,[*]CCSSCCO[*],Egc,5.3343
4331,[*]CCSSCCO[*],eib,3.628896459
4332,[*]CCSSCCOCO[*],Egc,5.0437
4333,[*]CCSSCCOCO[*],eib,3.453652468
4334,[*]CCSSCCSSCCOCO[*],Egc,4.6502
4335,[*]CCSSSSCCO[*],Egc,4.2061
4336,[*]CCSSSSCCO[*],eib,2.624490262
4337,[*]CNC(=O)C(=S)[*],Egc,2.9294
4338,[*]CNC(=O)C(=S)[*],eib,0.615973891
4339,[*]CNC(=O)C(S1)=CC=C1[*],Egc,4.3473
4340,[*]CNC(=O)C(S1)=CC=C1[*],eib,2.608023329
4341,[*]CNC(=O)CC(=O)N[*],Egc,6.0152
4342,[*]CNC(=O)CCCC(=O)N[*],Egc,5.8672
4343,[*]CNC(=O)CCCC(=O)N[*],eib,3.600990334
4344,[*]CNC(=O)CCCCC(=O)N[*],Egc,5.998
4345,[*]CNC(=O)CCCCC(=O)NCC1COC([*])CO1,Egc,5.7675
4346,[*]CNC(=O)CCCCCC(=O)N[*],Egc,5.6502
4347,[*]CNC(=O)CCCCCCC(=O)N[*],Egc,5.6641
4348,[*]CNC(=O)CCCCCCCCC(=O)N[*],Egc,6.137
4349,[*]CNC(=O)CCCCCCCCCCC(=O)N[*],Egc,6.223
4350,[*]CNC(=O)N[*],Egc,5.5276
4351,[*]CNC(=O)N[*],eib,3.657805311
4352,[*]CNC(=O)NCOC(=O)Nc1ccc(C)c(NC(=O)O[*])c1,Egc,5.4863
4353,[*]CNC(=O)NCOC(=O)NCCCCCCNC(=O)O[*],Egc,6.2287
4354,[*]CNC(=O)OC(c1ccco1)C(OC(=O)NCc1ccc(C(C)(C)c2ccc([*])o2)o1)c1ccco1,Egc,4.7297
4355,[*]CNC(=O)OCc1ccc(COCc2ccc(COC(=O)NCc3ccc(C(C)(C)c4ccc([*])o4)o3)o2)o1,Egc,4.656
4356,[*]CNC(=O)OCCOC(=O)NCc1ccc(C(C)(C)c2ccc([*])o2)o1,Egc,4.6893
4357,[*]CNC(=S)C(=O)[*],Egc,2.589
4358,[*]CNC(=S)C(=O)[*],eib,0.864197713
4359,[*]CNC(=S)C(C=C1)=CC=C1[*],Egc,3.4092
4360,[*]CNC(=S)C(C=C1)=CC=C1[*],eib,2.311793029
4361,[*]CNC(=S)C(S1)=CC=C1[*],Egc,3.5518
4362,[*]CNC(=S)C(S1)=CC=C1[*],eib,1.905732664
4363,[*]CNC(=S)N[*],Egc,4.2794
4364,[*]CNC(=S)N[*],eib,3.968940166
4365,[*]CNC(=S)O[*],Egc,4.4724
4366,[*]CNC(=S)O[*],eib,3.622993324
4367,[*]CNC(C=C1)=CC=C1C(S2)=CC=C2[*],Egc,3.6951
4368,[*]CNC(C=C1)=CC=C1C(S2)=CC=C2[*],eib,3.008850185
4369,[*]CNC(C=C1)=CC=C1O[*],Egc,4.3453
4370,[*]CNC(C=C1)=CC=C1O[*],eib,3.829126775
4371,[*]CNC(S1)=CC=C1C(=O)[*],Egc,3.1605
4372,[*]CNC(S1)=CC=C1C(=O)[*],eib,2.048493121
4373,[*]CNC(S1)=CC=C1C(=S)[*],Egc,2.4293
4374,[*]CNC(S1)=CC=C1C(=S)[*],eib,1.523088902
4375,[*]CNC(S1)=CC=C1C(C=C2)=CC=C2[*],Egc,3.7228
4376,[*]CNC(S1)=CC=C1C(C=C2)=CC=C2[*],eib,2.69508112
4377,[*]CNC(S1)=CC=C1N[*],Egc,4.3295
4378,[*]CNC(S1)=CC=C1N[*],eib,3.888210949
4379,[*]CNC(S1)=CC=C1O[*],Egc,4.4645
4380,[*]CNC(S1)=CC=C1O[*],eib,3.737211326
4381,[*]CNCC(=O)[*],Egc,4.7857
4382,[*]CNCC(=O)[*],eib,2.29600918
4383,[*]CNCC(=S)[*],Egc,3.3896
4384,[*]CNCC(=S)[*],eib,1.414479874
4385,[*]CNCC(C=C1)=CC=C1[*],Egc,4.9352
4386,[*]CNCC(C=C1)=CC=C1[*],eib,2.949802498
4387,[*]CNCC(S1)=CC=C1[*],Egc,4.6406
4388,[*]CNCC(S1)=CC=C1[*],eib,3.215360496
4389,[*]CNCN[*],Egc,5.1891
4390,[*]CNCN[*],Egcr,6.3053
4391,[*]CNCN[*],eib,3.04868307
4392,[*]CNCO[*],Egc,5.6356
4393,[*]CNCO[*],eib,3.042357504
4394,[*]CNOC(=S)[*],Egc,3.9664
4395,[*]CNOC(=S)[*],eib,1.477603362
4396,[*]CNOC(C=C1)=CC=C1[*],Egc,4.7514
4397,[*]CNOC(C=C1)=CC=C1[*],eib,3.345207155
4398,[*]CNOC(S1)=CC=C1[*],Egc,4.3792
4399,[*]CNOC(S1)=CC=C1[*],eib,3.158135467
4400,[*]CNON[*],Egc,5.423
4401,[*]CNON[*],Egcr,5.6289
4402,[*]CNON[*],eib,3.106098544
4403,[*]CO[*],Egc,6.6201
4404,[*]CO[*],Egcr,7.1211
4405,[*]CO[*],eib,2.936874936
4406,[*]COC(=O)c1ccc(C(=O)OCc2ccc([*])o2)cc1,Egc,3.476
4407,[*]COC(=O)Nc1ccc(Cc2ccc(NC(=O)OCc3cocc3[*])cc2)cc1,Egc,4.342
4408,[*]COC(=O)Nc1ccc(Cc2ccc(NC(=O)OCc3cocc3[*])cc2)cc1,eib,3.557200559
4409,[*]COC(=O)NCc1ccc(CNC(=O)OCc2ccc([*])o2)o1,Egc,4.9138
4410,[*]COC(=O)NCCCCCCNC(=O)OCc1ccc([*])o1,Egc,5.183
4411,[*]COC(=O)NCCCCCCNC(=O)OCc1cccc([*])n1,Egc,5.1041
4412,[*]COC(=O)O[*],Egc,8.088
4413,[*]COC(=O)O[*],eib,3.587251529
4414,[*]COC(=O)OC1C([*])OC2OC(C)(C)OC21,Egc,6.0081
4415,[*]COC(=O)OCC1OC(C)(C)OC1[*],Egc,6.6067
4416,[*]COC(=O)OCC1OC(OCC)(OCC)OC1[*],Egc,6.3214
4417,[*]COC(=O)OCC1OC(OCC)(OCC)OC1[*],eib,3.415662217
4418,[*]COC(=O)OCC1OC(OCC)OC1[*],Egc,6.9052
4419,[*]COC(=S)O[*],Egc,4.7874
4420,[*]COC(=S)O[*],eib,2.423289406
4421,[*]COC(C=C1)=CC=C1O[*],Egc,4.8786
4422,[*]COC(C=C1)=CC=C1O[*],eib,3.414121538
4423,[*]COC(S1)=CC=C1C(C=C2)=CC=C2[*],Egc,3.6162
4424,[*]COC(S1)=CC=C1C(C=C2)=CC=C2[*],eib,2.6230286
4425,[*]COC(S1)=CC=C1O[*],Egc,4.8181
4426,[*]COC(S1)=CC=C1O[*],eib,3.414425007
4427,[*]COC1CC2CC(O[*])C1C2,Egc,5.9417
4428,[*]COC1CCC([*])OC1,Egc,5.42
4429,[*]COc1ccc(C(=C(Cl)Cl)c2ccc(O[*])cc2)cc1,Egc,4.27
4430,[*]COc1ccc(C(=O)OC(=O)c2ccc(O[*])cc2)cc1,Egc,4.4348
4431,[*]COc1ccc(C(C)(C)c2ccc(O[*])cc2)cc1,Egc,4.2512
4432,[*]COc1ccc(C(C)(C)c2ccc(O[*])cc2)cc1,eib,4.483930795
4433,[*]COc1ccc(C=C(C)c2ccc(O[*])cc2)cc1,Egc,4.0556
4434,[*]COC1CCC(O[*])CC1,Egc,6.2909
4435,[*]COC1COC([*])c2ccccc21,Egc,5.7277
4436,[*]COC1OC([*])C(O)C(O)C1O,Egc,5.8459
4437,[*]COC1OC([*])C(O)C(O)C1O,eib,4.181781696
4438,[*]COCC(C)O[*],Egc,5.6408
4439,[*]COCC1([*])COC(C)(C)OC1,Egc,6.1267
4440,[*]COCOc1ccc(C(=O)OC(=O)c2ccc(O[*])cc2)cc1,Egc,4.6031
4441,[*]COCOc1ccc(C(=O)OC(=O)c2ccc(O[*])cc2)cc1,eib,2.161512947
4442,[*]CONC(=O)[*],Egc,5.9906
4443,[*]CONC(=O)[*],eib,2.420746197
4444,[*]CONO[*],Egc,6.52
4445,[*]CONO[*],eib,3.706869308
4446,[*]CS[*],Egc,5.2585
4447,[*]CS[*],Egcr,4.8805
4448,[*]CS[*],eib,3.796910578
4449,[*]N=C(N=C(NC(C)=O)NC(C)=O)N=C([*])OC(C)=O,Egc,3.5543
4450,[*]N=C(O)N=C([*])N=C(N)N,Egc,3.3353
4451,[*]N=C(O)N=C([*])N=C(N)N,eib,1.396054409
4452,[*]N=c1c(=Nc2ccc([*])cc2)c2cccc3cccc1c32,Egc,2.1865
4453,[*]N=c1c(=Nc2ccc([*])cc2)c2cccc3cccc1c32,eib,2.23245272
4454,[*]N=C1C=CC([*])C=C1C,Egc,3.586
4455,[*]N=C1C=CC([*])C=C1C,eib,2.200981823
4456,[*]N=C1C=CC([*])C=C1Cl,Egc,3.9985
4457,[*]N=C1C=CC([*])C=C1Cl,eib,2.364207934
4458,[*]N=C1C=CC(=NC2=CC(=O)C([*])=CC2=O)C=C1,Egc,2.5206
4459,[*]N=C1C=CC(=NC2=CC(=O)C([*])=CC2=O)c2ccccc21,Egc,2.537
4460,[*]N=C1C=CC(=NC2=CC(=O)C([*])=CC2=O)c2ccccc21,eib,0.991527638
4461,[*]N=C1c2ccccc2C(=Nc2ccc([*])cc2)c2ccc(C(C)(C)C)cc21,Egc,2.1672
4462,[*]N=C1c2ccccc2C(=Nc2ccc([*])cc2)c2ccc(C(C)(C)C)cc21,eib,1.548438449
4463,[*]N=C1c2ccccc2C(=Nc2ccc([*])cc2)c2ccccc21,Egc,1.8734
4464,[*]N=C1c2ccccc2C(=Nc2ccc([*])cc2)c2ccccc21,eib,1.39538552
4465,[*]N=CC(C)=CC=CC=C(C)C=Nc1nc(-c2csc([*])n2)cs1,Egc,1.6482
4466,[*]N=CC(C)=CC=CC=C(C)C=Nc1nc(-c2csc([*])n2)cs1,eib,0.775879321
4467,[*]N=Cc1ccc(C=Nc2sc([*])c(C#N)c2C#N)cc1,Egc,1.5069
4468,[*]N=Cc1ccc(C=Nc2sc([*])c(C#N)c2C#N)cc1,eib,0.105233169
4469,[*]N=Cc1ccc(-c2ccc(C=Nc3ccc4c(c3)c3cc([*])ccc3n4CC)s2)s1,Egc,1.9698
4470,[*]N=Cc1ccc(-c2ccc(C=Nc3ccc4c(c3)c3cc([*])ccc3n4CC)s2)s1,eib,1.629711666
4471,[*]N=Cc1ccc(-c2ccc(C=Nc3ccc4c(c3)c3cc([*])ccc3n4CCCC)s2)s1,Egc,2.6853
4472,[*]N=Nc1cc([*])ccc1C,Egc,2.9764
4473,[*]N=Nc1cc([*])ccc1C,eib,1.466384947
4474,[*]N=Nc1ccc([*])cc1,Egc,1.7681
4475,[*]N=Nc1ccc([*])cc1,eib,0.357311956
4476,[*]N=Nc1ccc(C(=O)NCCCCNC(=O)c2ccc([*])cc2)cc1,Egc,3.1785
4477,[*]N=Nc1ccc(C(=O)NCCCCNC(=O)c2ccc([*])cc2)cc1,eib,1.590749373
4478,[*]N=Nc1ccc(C=Cc2ccc([*])cc2)cc1,Egc,1.8934
4479,[*]N=Nc1ccc(C=Cc2ccc([*])cc2)cc1,eib,0.988014853
4480,[*]N=Nc1ccc(-c2ccc([*])c(C)c2)cc1C,Egc,2.1576
4481,[*]N=Nc1ccc(-c2ccc([*])c(C)c2)cc1C,eib,1.140542391
4482,[*]N=Nc1ccc(NC(=O)CCC(=O)Nc2ccc([*])cc2)cc1,Egc,2.9548
4483,[*]N=Nc1ccc(NC(=O)CCC(=O)Nc2ccc([*])cc2)cc1,eib,1.583132562
4484,[*]N=NNc1ccc(NN=Nc2ccc([*])cc2)cc1,Egc,2.0596
4485,[*]N=NNc1ccc(NN=Nc2ccc([*])cc2)cc1,eib,1.650780939
4486,[*]N=P([*])(Cl)Cl,Egc,3.5076
4487,[*]N=P([*])(Cl)Cl,Egcr,3.4406
4488,[*]N=P([*])(Cl)Cl,eib,2.508617631
4489,[*]N=P([*])(Oc1cccc(C)c1)Oc1cccc(C)c1,Egc,4.6442
4490,[*]N=P([*])(Oc1cccc(Cl)c1)Oc1cccc(Cl)c1,Egc,5.003
4491,[*]N=P([*])(Oc1cccc(Cl)c1)Oc1cccc(Cl)c1,eib,3.701757815
4492,[*]N=P([*])(OCC(C)C)OC(C)C,Egc,5.0938
4493,[*]N=P([*])(OCC(F)(F)F)OCC(F)(F)F,Egc,6.7975
4494,[*]N=P([*])(OCC(F)(F)F)OCC(F)(F)F,eib,5.461400556
4495,[*]N=P([*])(OCCC(=O)C=C)OCCC(=O)C=C,Egc,3.8624
4496,[*]N=P([*])(OCCC)OCCCCC,Egc,5.0469
4497,[*]N=P([*])(OCCCC)OCCCC,Egc,4.8944
4498,[*]N1C(=O)c2ccc(N3C(=O)C4CCC(C5CCC6C(=O)N([*])C(=O)C6C5)CC4C3=O)cc2C1=O,Egc,4.0529
4499,[*]N1CC(O)=C(C2C(=O)C3=C(C2=O)C(C)(F)N3[*])C1=O,Egc,3.4658
4500,[*]N1CC(O)=C(C2C(=O)C3=C(C2=O)C(C)(F)N3[*])C1=O,eib,2.325374012
4501,[*]N1CCC(CCc2ccc(N3C(=O)c4ccc(N5C(=O)C(=O)N([*])C5=O)cc4C3=O)cc2)CC1,Egc,3.0606
4502,[*]n1nc(-n2c(=O)c3cc4c(=O)n([*])c(=O)c4cc3c2=O)c2ccccc2c1=O,Egc,2.9979
4503,[*]n1nc(-n2c(=O)c3cc4c(=O)n([*])c(=O)c4cc3c2=O)c2ccccc2c1=O,eib,0.565739845
4504,[*]NC(=O)C(=S)C(=O)[*],Egc,2.2323
4505,[*]NC(=O)C(=S)C(=O)[*],eib,-0.150512259
4506,[*]NC(=O)C(=S)C(C=C1)=CC=C1[*],Egc,2.8168
4507,[*]NC(=O)C(=S)C(C=C1)=CC=C1[*],eib,0.593958397
4508,[*]NC(=O)C(=S)C(S1)=CC=C1[*],Egc,1.9091
4509,[*]NC(=O)C(=S)C(S1)=CC=C1[*],eib,0.39625121
4510,[*]NC(=O)C(=S)O[*],Egc,3.6519
4511,[*]NC(=O)C(=S)O[*],eib,0.523468798
4512,[*]NC(=O)C(C=C1)=CC=C1C(=S)[*],Egc,2.9444
4513,[*]NC(=O)C(C=C1)=CC=C1C(=S)[*],eib,1.238999357
4514,[*]NC(=O)C(C=C1)=CC=C1C(C=C2)=CC=C2[*],Egc,3.4167
4515,[*]NC(=O)C(C=C1)=CC=C1C(C=C2)=CC=C2[*],eib,2.054511686
4516,[*]NC(=O)C(C=C1)=CC=C1C(S2)=CC=C2[*],Egc,4.0152
4517,[*]NC(=O)C(C=C1)=CC=C1C(S2)=CC=C2[*],eib,2.039649502
4518,[*]NC(=O)C(C=C1)=CC=C1O[*],Egc,4.5161
4519,[*]NC(=O)C(C=C1)=CC=C1O[*],eib,2.06363389
4520,[*]NC(=O)C(S1)=CC=C1C(=O)[*],Egc,3.6846
4521,[*]NC(=O)C(S1)=CC=C1C(=O)[*],eib,1.043281351
4522,[*]NC(=O)C(S1)=CC=C1C(=S)[*],Egc,2.4802
4523,[*]NC(=O)C(S1)=CC=C1C(=S)[*],eib,0.566450929
4524,[*]NC(=O)C(S1)=CC=C1C(C=C2)=CC=C2[*],Egc,2.9038
4525,[*]NC(=O)C(S1)=CC=C1C(C=C2)=CC=C2[*],eib,1.796196586
4526,[*]NC(=O)C(S1)=CC=C1O[*],Egc,4.1962
4527,[*]NC(=O)C(S1)=CC=C1O[*],eib,1.891784275
4528,[*]NC(=O)C=CC(=O)Nc1nc([*])nc(N)n1,Egc,3.8123
4529,[*]NC(=O)c1ccc(C(=O)Nc2ccc3c(c2)[nH]c(=O)c2cc([*])ccc23)cc1,Egc,2.9794
4530,[*]NC(=O)c1ccc(C(=O)Nc2ccc3c(c2)[nH]c(=O)c2cc([*])ccc23)cc1,eib,1.859305341
4531,[*]NC(=O)c1ccc(C(=O)Nc2cnc([*])nc2)cc1,Egc,3.8641
4532,[*]NC(=O)c1ccc(C(=O)Nc2cnc([*])nc2)cc1,eib,2.330005784
4533,[*]NC(=O)NC(=O)[*],Egc,4.0437
4534,[*]NC(=O)NC(=O)[*],Egcr,3.657
4535,[*]NC(=O)NC(=O)[*],eib,2.586731448
4536,[*]NC(=O)NC(=S)[*],Egc,3.4055
4537,[*]NC(=O)NC(=S)[*],eib,0.917414698
4538,[*]NC(=O)NC(C=C1)=CC=C1[*],Egc,4.5662
4539,[*]NC(=O)NC(C=C1)=CC=C1[*],eib,3.232275135
4540,[*]NC(=O)NC(S1)=CC=C1[*],Egc,3.2728
4541,[*]NC(=O)NC(S1)=CC=C1[*],eib,2.81823733
4542,[*]NC(=O)Nc1ccc(Cc2ccc(NC(=O)Nc3cccc([*])n3)cc2)cc1,Egc,2.8819
4543,[*]NC(=O)NCCCCCCNC(=O)Nc1cccc([*])n1,Egc,4.7392
4544,[*]NC(=O)NO[*],Egc,5.554
4545,[*]NC(=O)NO[*],Egcr,4.7317
4546,[*]NC(=O)NO[*],eib,2.105676747
4547,[*]NC(=O)OC(=O)[*],Egc,6.3288
4548,[*]NC(=O)OC(=O)[*],eib,0.989132378
4549,[*]NC(=O)OC(=S)[*],Egc,3.8392
4550,[*]NC(=O)OC(=S)[*],eib,1.403922013
4551,[*]NC(=O)OC(C=C1)=CC=C1[*],Egc,4.7908
4552,[*]NC(=O)OC(C=C1)=CC=C1[*],eib,3.14268619
4553,[*]NC(=O)OC(S1)=CC=C1[*],Egc,3.8526
4554,[*]NC(=O)OC(S1)=CC=C1[*],eib,2.884096464
4555,[*]NC(=S)C(=O)O[*],Egc,2.6247
4556,[*]NC(=S)C(=O)O[*],eib,0.6323278
4557,[*]NC(=S)C(C=C1)=CC=C1C(=S)[*],Egc,1.0789
4558,[*]NC(=S)C(C=C1)=CC=C1C(=S)[*],eib,1.626139951
4559,[*]NC(=S)C(C=C1)=CC=C1O[*],Egc,3.1065
4560,[*]NC(=S)C(C=C1)=CC=C1O[*],eib,1.461770805
4561,[*]NC(=S)C(S1)=CC=C1O[*],Egc,3.0956
4562,[*]NC(=S)C(S1)=CC=C1O[*],eib,1.264909611
4563,[*]NC(=S)NC(=S)[*],Egc,2.8092
4564,[*]NC(=S)NC(=S)[*],Egcr,2.3647
4565,[*]NC(=S)NC(=S)[*],eib,0.589527657
4566,[*]NC(=S)NC(C=C1)=CC=C1[*],Egc,3.5643
4567,[*]NC(=S)NC(C=C1)=CC=C1[*],eib,2.310347404
4568,[*]NC(=S)NO[*],Egc,0.9802
4569,[*]NC(=S)NO[*],eib,-0.125173951
4570,[*]NC(=S)OC(=S)[*],Egc,2.6878
4571,[*]NC(=S)OC(=S)[*],eib,0.655632205
4572,[*]NC(=S)Sc1cc(N)nc([*])n1,Egc,3.0878
4573,[*]NC(=S)Sc1cc(N)nc([*])n1,eib,1.962659039
4574,[*]NC(C#N)=C(C#N)NC(=O)c1ccc(C([*])=O)cc1,Egc,3.5611
4575,[*]NC(C([*])=O)C(C)C,Egc,5.2958
4576,[*]NC(C([*])=O)C(C)CC,Egc,5.4952
4577,[*]NC(C([*])=O)C(Cc1ccccc1)c1c[nH]cn1,Egc,4.3219
4578,[*]NC(C)(C)C([*])=O,Egc,5.6207
4579,[*]NC(C)(C)C([*])=O,eib,3.431854414
4580,[*]NC(C)(C)C(C)(C)C([*])=O,Egc,5.4161
4581,[*]NC(C)(C)C(C)(C)C([*])=O,eib,3.746334665
4582,[*]NC(C)(C)CC([*])=O,Egc,5.5437
4583,[*]NC(C)(C)CC([*])=O,eib,2.740231504
4584,[*]NC(C)(CC)C([*])=O,Egc,5.633
4585,[*]NC(C)(CC)C([*])=O,eib,3.681499018
4586,[*]NC(C)(CCC)CC([*])=O,Egc,5.8762
4587,[*]NC(C)=CC([*])=O,Egc,4.0738
4588,[*]NC(C)=CC([*])=O,eib,2.056614729
4589,[*]NC(C)C([*])=O,Egc,6.0074
4590,[*]NC(C)C([*])=O,eib,3.679329653
4591,[*]NC(C)C(=O)NC(C([*])=O)C(C)C,Egc,5.8554
4592,[*]NC(C)C(=O)NC(C([*])=O)C(C)C,Egcr,5.8867
4593,[*]NC(C)C(=O)NC(C([*])=O)C(C)C,eib,3.573938995
4594,[*]NC(C)C(=O)NC(C)C(=O)NC(C)C(=O)NC(C([*])=O)C(C)C,Egc,5.4597
4595,[*]NC(C)C(=O)NC(C)C(=O)NCC([*])=O,Egc,5.5704
4596,[*]NC(C)C(=O)NC(CCC(=O)OCC)C(=O)NCC([*])=O,Egc,5.1422
4597,[*]NC(C)C(=O)NCC([*])=O,Egc,5.7343
4598,[*]NC(C)C(=O)NCC(=O)NCC([*])=O,Egc,5.4062
4599,[*]NC(C)C(=O)NCC(=O)NCC(=O)NCC([*])=O,Egc,5.7751
4600,[*]NC(C)C(=O)NCC(=O)NCC(=O)NCC([*])=O,Egcr,5.4756
4601,[*]NC(C)C(=O)NCCC([*])=O,Egc,5.7775
4602,[*]NC(C)C(=O)NCCCC([*])=O,Egc,5.1879
4603,[*]NC(C)C(=O)NCCCCCC([*])=O,Egc,5.8215
4604,[*]NC(C)C(=O)NCCCCCCCCCCC([*])=O,Egc,5.9043
4605,[*]NC(C)C(C)(C)C([*])=O,Egc,5.5688
4606,[*]NC(C)C(C)C([*])=O,Egc,5.6346
4607,[*]NC(C)CC([*])=O,Egc,5.9253
4608,[*]NC(C)CCCCC([*])=O,Egc,5.5619
4609,[*]NC(C)CNC(=O)C1CC1C([*])=O,Egc,5.6076
4610,[*]NC(C)CNC(=O)C1CC1C([*])=O,eib,4.067979338
4611,[*]NC(C)CNC(=O)NC(CCCCNC([*])=O)C(=O)OC,Egc,5.5212
4612,[*]NC(C)CNC(=O)NC(CCCCNC([*])=O)C(=O)OC,eib,3.836453015
4613,[*]NC(C)CNC(=O)NCCCCCCNC([*])=O,Egc,5.3547
4614,[*]NC(C=C)CC([*])=O,Egc,5.4216
4615,[*]NC(C=C)CC([*])=O,eib,2.755010437
4616,[*]NC(C=C1)=CC=C1C(=O)C(=S)[*],Egc,2.4969
4617,[*]NC(C=C1)=CC=C1C(=O)C(=S)[*],eib,0.576394757
4618,[*]NC(C=C1)=CC=C1C(=O)C(C=C2)=CC=C2[*],Egc,3.2765
4619,[*]NC(C=C1)=CC=C1C(=O)C(C=C2)=CC=C2[*],eib,2.458575197
4620,[*]NC(C=C1)=CC=C1C(=O)C(S2)=CC=C2[*],Egc,2.987
4621,[*]NC(C=C1)=CC=C1C(=O)C(S2)=CC=C2[*],eib,2.559289147
4622,[*]NC(C=C1)=CC=C1C(=O)O[*],Egc,4.3431
4623,[*]NC(C=C1)=CC=C1C(=O)O[*],eib,1.702760806
4624,[*]NC(C=C1)=CC=C1C(=S)C(C=C2)=CC=C2[*],Egc,2.3252
4625,[*]NC(C=C1)=CC=C1C(=S)C(C=C2)=CC=C2[*],eib,1.589197234
4626,[*]NC(C=C1)=CC=C1C(C=C2)=CC=C2C(=S)[*],Egc,2.8961
4627,[*]NC(C=C1)=CC=C1C(C=C2)=CC=C2C(=S)[*],eib,1.592281019
4628,[*]NC(C=C1)=CC=C1C(C=C2)=CC=C2C(C=C3)=CC=C3[*],Egc,3.553
4629,[*]NC(C=C1)=CC=C1C(C=C2)=CC=C2C(C=C3)=CC=C3[*],eib,2.880574164
4630,[*]NC(C=C1)=CC=C1C(C=C2)=CC=C2C(S3)=CC=C3[*],Egc,2.8579
4631,[*]NC(C=C1)=CC=C1C(C=C2)=CC=C2C(S3)=CC=C3[*],eib,2.601057451
4632,[*]NC(C=C1)=CC=C1C(C=C2)=CC=C2C[*],Egc,4.035
4633,[*]NC(C=C1)=CC=C1C(C=C2)=CC=C2C[*],eib,3.320677551
4634,[*]NC(C=C1)=CC=C1C(S2)=CC=C2C(=S)[*],Egc,2.4469
4635,[*]NC(C=C1)=CC=C1C(S2)=CC=C2C(=S)[*],eib,1.365338119
4636,[*]NC(C=C1)=CC=C1C(S2)=CC=C2C(C=C3)=CC=C3[*],Egc,2.7925
4637,[*]NC(C=C1)=CC=C1C(S2)=CC=C2C(C=C3)=CC=C3[*],eib,2.320925313
4638,[*]NC(C=C1)=CC=C1C(S2)=CC=C2C(S3)=CC=C3[*],Egc,3.4334
4639,[*]NC(C=C1)=CC=C1C(S2)=CC=C2C(S3)=CC=C3[*],eib,2.800659276
4640,[*]NC(C=C1)=CC=C1NC(S2)=CC=C2[*],Egc,3.9833
4641,[*]NC(C=C1)=CC=C1NC(S2)=CC=C2[*],eib,3.350950148
4642,[*]NC(C=C1)=CC=C1OC(=S)[*],Egc,3.9628
4643,[*]NC(C=C1)=CC=C1OC(=S)[*],eib,2.255363222
4644,[*]NC(C=C1)=CC=C1OC(C=C2)=CC=C2[*],Egc,3.7465
4645,[*]NC(C=C1)=CC=C1OC(C=C2)=CC=C2[*],eib,3.280384608
4646,[*]NC(C=C1)=CC=C1OC(S2)=CC=C2[*],Egc,4.2687
4647,[*]NC(C=C1)=CC=C1OC(S2)=CC=C2[*],eib,3.393143976
4648,[*]NC(c1ccccc1)C(C)(C)C([*])=O,Egc,5.507
4649,[*]NC(c1ccccc1)C(C)(C)C([*])=O,eib,3.222992884
4650,[*]NC(CC([*])=O)C(=O)OC,Egc,5.5399
4651,[*]NC(CC([*])=O)C(=O)OC,eib,3.722328102
4652,[*]NC(CC([*])=O)C(=O)OCC,Egc,5.1162
4653,[*]NC(CC([*])=O)C(=O)OCC,eib,3.578307476
4654,[*]NC(CC([*])=O)C(=O)OCC(C)C,Egc,5.8559
4655,[*]NC(CC([*])=O)C(=O)OCCCC,Egc,6.072
4656,[*]NC(CC([*])=O)C(=O)OCCCCCC,Egc,5.9232
4657,[*]NC(CC([*])=O)C(=O)OCCCCCCCC,Egc,5.6944
4658,[*]NC(CC([*])=O)C(=O)OCCCCCCCCCCCC,Egc,5.146
4659,[*]NC(CC([*])=O)C(=O)OCCOC,Egc,5.5583
4660,[*]NC(CC([*])=O)C(C)C,Egc,6.0457
4661,[*]NC(CC([*])=O)c1ccccc1,Egc,5.4701
4662,[*]NC(CC(=O)OCc1ccc(Cl)cc1)C([*])=O,Egc,4.6003
4663,[*]NC(CC(=O)OCc1ccccc1)C([*])=O,Egc,5.123
4664,[*]NC(CC(=O)OCCC)C([*])=O,Egc,4.9078
4665,[*]NC(CC(=O)OCCc1ccccc1)C([*])=O,Egc,5.2552
4666,[*]NC(CC(C)C)C([*])=O,Egc,5.9901
4667,[*]NC(CC(N)=O)C([*])=O,Egc,4.9343
4668,[*]NC(CC)CC([*])=O,Egc,5.1088
4669,[*]NC(Cc1c[nH]c2ccccc12)C([*])=O,Egc,3.8025
4670,[*]NC(Cc1c[nH]c2ccccc12)C([*])=O,eib,3.524123324
4671,[*]NC(Cc1c[nH]cn1)C([*])=O,Egc,5.1232
4672,[*]NC(Cc1ccc(O)cc1)C([*])=O,Egc,4.392
4673,[*]NC(Cc1ccc(O)cc1)C([*])=O,eib,3.418026175
4674,[*]NC(Cc1ccc(OC(=O)OCc2ccccc2)cc1)C([*])=O,Egc,4.1786
4675,[*]NC(Cc1ccccc1)C([*])=O,Egc,5.386
4676,[*]NC(Cc1ccccc1)C([*])=O,eib,3.665422086
4677,[*]NC(Cc1ccccc1)C(=O)NC(C)C(=O)NCC([*])=O,Egc,5.3565
4678,[*]NC(CCC([*])=O)C(=O)O,Egc,5.9876
4679,[*]NC(CCC([*])=O)C(=O)OC,Egc,5.7277
4680,[*]NC(CCC([*])=O)C(=O)OCc1ccccc1,Egc,4.8973
4681,[*]NC(CCC([*])=O)C(=O)OCc1ccccc1,eib,3.307395109
4682,[*]NC(CCC(=O)NCCCO)C([*])=O,Egc,4.6647
4683,[*]NC(CCC(=O)O)C([*])=O,Egc,5.0961
4684,[*]NC(CCC(=O)OC)C([*])=O,Egc,5.2436
4685,[*]NC(CCC(=O)OC)C([*])=O,eib,3.236903846
4686,[*]NC(CCC(=O)OCc1ccc(C(F)(F)F)cc1)C([*])=O,Egc,4.2331
4687,[*]NC(CCC(=O)OCc1ccc(Cl)cc1)C([*])=O,Egc,4.977
4688,[*]NC(CCC(=O)OCc1ccc(F)cc1)C([*])=O,Egc,3.7352
4689,[*]NC(CCC(=O)OCc1ccccc1)C([*])=O,Egc,5.0666
4690,[*]NC(CCC(=O)OCCC)C([*])=O,Egc,5.7178
4691,[*]NC(CCC(=O)OCCCC)C([*])=O,Egc,5.1073
4692,[*]NC(CCC(=O)OCCCCC)C([*])=O,Egc,5.6585
4693,[*]NC(CCC(=O)OCCCCCCCC)C([*])=O,Egc,5.8419
4694,[*]NC(CCC(=O)OCCCl)C([*])=O,Egc,5.6217
4695,[*]NC(CCCCN)C([*])=O,Egc,5.0339
4696,[*]NC(CCCCN)C([*])=O,eib,3.119693401
4697,[*]NC(CCCCNC([*])=O)C(=O)OC,Egc,5.3439
4698,[*]NC(CCCCNC([*])=O)C(=O)OC,eib,4.10578395
4699,[*]NC(CCCCNC(=O)CCCCC([*])=O)C(=O)O,Egc,5.2248
4700,[*]NC(CCCCNC(=O)NCCCCCNC([*])=O)C(=O)OC,Egc,5.5474
4701,[*]NC(CCCCNC(=O)NCCCCCNC([*])=O)C(=O)OC,eib,4.082658415
4702,[*]NC(CCCCNC(=O)NCCCNC([*])=O)C(=O)OC,Egc,5.2435
4703,[*]NC(CCCCNC(=O)NCCCNC([*])=O)C(=O)OC,eib,4.067530082
4704,[*]NC(CCCCNC(=O)NCCNC([*])=O)C(=O)OC,Egc,5.2079
4705,[*]NC(CCCCNC(=O)NCCNC([*])=O)C(=O)OC,eib,3.784995569
4706,[*]NC(CCCNC(=O)c1ccc(Br)cc1)C([*])=O,Egc,4.4704
4707,[*]NC(CCCNC(=O)c1ccc(Cl)cc1)C([*])=O,Egc,3.3466
4708,[*]NC(CCCNC(=O)c1ccc(F)cc1)C([*])=O,Egc,4.6548
4709,[*]NC(CO)C([*])=O,Egc,5.3841
4710,[*]NC(CO)C([*])=O,eib,3.104003645
4711,[*]NC(COC(C)=O)C([*])=O,Egc,5.5104
4712,[*]NC(CSC(=O)OCc1ccccc1)C([*])=O,Egc,4.4872
4713,[*]NC(CSSCc1ccccc1)C([*])=O,Egc,4.7992
4714,[*]NC(CSSCc1ccccc1)C([*])=O,eib,3.648123783
4715,[*]NC(S1)=CC=C1C(=O)C(=S)[*],Egc,2.196
4716,[*]NC(S1)=CC=C1C(=O)C(=S)[*],eib,0.750114257
4717,[*]NC(S1)=CC=C1C(=O)C(S2)=CC=C2[*],Egc,2.2404
4718,[*]NC(S1)=CC=C1C(=O)C(S2)=CC=C2[*],eib,1.684617919
4719,[*]NC(S1)=CC=C1C(=O)O[*],Egc,3.5126
4720,[*]NC(S1)=CC=C1C(=O)O[*],eib,1.780303772
4721,[*]NC(S1)=CC=C1C(=S)C(C=C2)=CC=C2[*],Egc,2.3315
4722,[*]NC(S1)=CC=C1C(=S)C(C=C2)=CC=C2[*],eib,2.041162496
4723,[*]NC(S1)=CC=C1C(=S)C(S2)=CC=C2[*],Egc,1.771
4724,[*]NC(S1)=CC=C1C(=S)C(S2)=CC=C2[*],eib,1.312048811
4725,[*]NC(S1)=CC=C1C(C=C2)=CC=C2C(=S)[*],Egc,3.3276
4726,[*]NC(S1)=CC=C1C(C=C2)=CC=C2C(=S)[*],eib,1.86029841
4727,[*]NC(S1)=CC=C1C(C=C2)=CC=C2C(S3)=CC=C3[*],Egc,2.5591
4728,[*]NC(S1)=CC=C1C(C=C2)=CC=C2C(S3)=CC=C3[*],eib,2.438214703
4729,[*]NC(S1)=CC=C1C(S2)=CC=C2C(=O)[*],Egc,2.2351
4730,[*]NC(S1)=CC=C1C(S2)=CC=C2C(=O)[*],eib,1.566488488
4731,[*]NC(S1)=CC=C1C(S2)=CC=C2C(=S)[*],Egc,2.1763
4732,[*]NC(S1)=CC=C1C(S2)=CC=C2C(=S)[*],eib,1.144119394
4733,[*]NC(S1)=CC=C1C(S2)=CC=C2C(S3)=CC=C3[*],Egc,2.2308
4734,[*]NC(S1)=CC=C1C(S2)=CC=C2C(S3)=CC=C3[*],eib,2.366517566
4735,[*]NC(S1)=CC=C1C(S2)=CC=C2C[*],Egc,3.3199
4736,[*]NC(S1)=CC=C1C(S2)=CC=C2C[*],eib,2.727613033
4737,[*]NC(S1)=CC=C1NC(=S)[*],Egc,3.0052
4738,[*]NC(S1)=CC=C1NC(=S)[*],eib,1.951707798
4739,[*]NC(S1)=CC=C1NC(S2)=CC=C2[*],Egc,2.5938
4740,[*]NC(S1)=CC=C1NC(S2)=CC=C2[*],eib,3.016829932
4741,[*]NC(S1)=CC=C1OC(=S)[*],Egc,3.4485
4742,[*]NC(S1)=CC=C1OC(=S)[*],eib,2.005151917
4743,[*]NC(S1)=CC=C1OC(S2)=CC=C2[*],Egc,4.415
4744,[*]NC(S1)=CC=C1OC(S2)=CC=C2[*],eib,3.168050546
4745,[*]NC1(F)CC(C(F)F)C([*])C(F)(F)C1F,Egc,6.2329
4746,[*]NC1(F)CC(C(F)F)C([*])C(F)(F)C1F,eib,3.828137168
4747,[*]NC1=CC(=O)C([*])=CC1=O,Egc,1.9806
4748,[*]NC1=CC(=O)C([*])=CC1=O,eib,-0.222053831
4749,[*]Nc1c(Br)cc([*])cc1Br,Egc,4.4355
4750,[*]Nc1c(Br)cc([*])cc1Br,eib,2.895278873
4751,[*]Nc1c(Br)cc(C([*])=O)cc1Br,Egc,3.9265
4752,[*]Nc1c(Br)cc(C([*])=O)cc1Br,eib,2.281523443
4753,[*]Nc1c(C)c(C)c(C(=O)c2ccc(NC(=O)c3ccc(C([*])=O)cc3)cc2)c(C)c1C,Egc,3.4961
4754,[*]Nc1c(C)c(C)c(NC(=O)c2ccc(C([*])=O)cc2)c(C)c1C,Egc,4.0581
4755,[*]Nc1c(Cl)cc([*])cc1Cl,Egc,4.6194
4756,[*]Nc1c(Cl)cc([*])cc1Cl,eib,3.140366596
4757,[*]Nc1c(Cl)cc(C([*])=O)cc1Cl,Egc,4.0432
4758,[*]Nc1c(Cl)cc(C([*])=O)cc1Cl,eib,1.841482394
4759,[*]Nc1c(F)c(F)c(-c2ccc3cc(-c4ccc5c(c4)C(=O)N(c4cccc([*])c4)C5=O)ccc3c2)c(F)c1F,Egc,2.9912
4760,[*]Nc1c(I)cc(C([*])=O)cc1I,Egc,4.0398
4761,[*]Nc1c(I)cc(C([*])=O)cc1I,eib,2.129211741
4762,[*]Nc1c(OC)cc([*])cc1OC,Egc,3.698
4763,[*]Nc1cc([*])ccc1C,Egc,4.1316
4764,[*]Nc1cc([*])ccc1CCCCCC,Egc,4.087
4765,[*]Nc1cc([*])ccc1CCCCCC,eib,3.653933052
4766,[*]Nc1cc([*])ccc1CCCCCCCCCCCC,Egc,3.9821
4767,[*]Nc1cc([*])ccc1N,Egc,4.0673
4768,[*]Nc1cc([*])ccc1N,eib,3.806428334
4769,[*]Nc1cc([N+](=O)[O-])c(NC(=O)c2c(F)cc(C([*])=O)cc2F)cc1C=Cc1ccc(N(C)C)cc1,Egc,2.0452
4770,[*]Nc1cc([N+](=O)[O-])c(NC(=O)c2ccc(C([*])=O)cc2)cc1C=Cc1ccc(N(C)C)cc1,Egc,1.9467
4771,[*]Nc1cc(Br)c([*])cc1Br,Egc,3.0526
4772,[*]Nc1cc(Br)c([*])cc1Br,eib,2.703813636
4773,[*]Nc1cc(C(c2ccc(O)c(NC(=O)c3ccc(C([*])=O)cc3)c2)(C(F)(F)F)C(F)(F)F)ccc1O,Egc,3.6159
4774,[*]Nc1cc(C(c2ccc(O)c(NC(=O)c3ccc4cc(C([*])=O)ccc4c3)c2)(C(F)(F)F)C(F)(F)F)ccc1O,Egc,3.4541
4775,[*]NC1CC(C)(C)CC(C)(CNC(=O)CCCCC([*])=O)C1,Egc,5.5133
4776,[*]NC1CC(C)(C)CC(C)(CNC(=O)CCCCC([*])=O)C1,eib,4.389846905
4777,[*]Nc1cc(C)c([*])cc1C,Egc,3.9301
4778,[*]Nc1cc(C)c([*])cc1C,eib,3.800808599
4779,[*]Nc1cc(C)c([*])cc1OC,Egc,3.1262
4780,[*]Nc1cc(C)c([*])cc1OC,eib,3.381139056
4781,[*]NC1CC(C2(C)OC(O)OC(C)NC2=O)C(F)(N(C([*])O)C(F)F)O1,Egc,5.6987
4782,[*]Nc1cc(-c2ccc(-c3ccc4nc5c6cccc7c([*])ccc(c(=O)n5c4c3)c76)cc2)ccc1O,Egc,2.4994
4783,[*]NC1CC(CCC([*])=O)C1(C)C,Egc,5.7477
4784,[*]Nc1cc(Cl)c([*])cc1Cl,Egc,3.035
4785,[*]Nc1cc(Cl)c([*])cc1Cl,eib,2.652186646
4786,[*]Nc1cc(F)c([*])cc1F,Egc,3.9538
4787,[*]Nc1cc(F)c([*])cc1F,eib,2.600932881
4788,[*]Nc1cc(NC(=O)c2ccc(C([*])=O)cc2)c(N)cc1N,Egc,2.9415
4789,[*]Nc1cc(NC(=O)c2ccc(C([*])=O)cc2)c(N)cc1N,eib,2.14190223
4790,[*]Nc1cc(NC(=O)c2ccc(C([*])=O)cc2)cc(C(=O)OCCOc2ccc(C=CC(=O)c3ccccc3)cc2)c1,Egc,3.212
4791,[*]Nc1cc(NC(=O)c2ccc(C([*])=O)cc2)ccc1Cl,Egc,3.8101
4792,[*]Nc1cc(NC(=O)c2ccc(C([*])=O)cc2)ccc1Cl,eib,1.833106322
4793,[*]Nc1cc(NC(=O)c2ccc(-c3ccc(C([*])=O)cc3)cc2)cc(C(=O)OCCOc2ccc(C=CC(=O)c3ccccc3)cc2)c1,Egc,3.4679
4794,[*]Nc1cc(NC(=O)c2ccc3cc(C([*])=O)ccc3c2)cc(C(=O)OCCOc2ccc(C=CC(=O)c3ccccc3)cc2)c1,Egc,2.7088
4795,[*]Nc1cc(NC(=O)c2cccc(C([*])=O)c2)c(N)cc1N,Egc,3.4285
4796,[*]Nc1cc(NC(=O)c2cccc(C([*])=O)c2)c(N)cc1N,eib,2.68056768
4797,[*]Nc1cc(NC(=O)c2ccccc2C([*])=O)cc(-c2nnc(-c3ccccn3)o2)c1,Egc,3.359
4798,[*]Nc1cc(NC(=O)c2ccccc2C([*])=O)cc(-c2nnc(-c3ccccn3)o2)c1,eib,2.530963079
4799,[*]Nc1cc(NC(=O)CCCCCCCCC([*])=O)cc(-c2nnc(-c3ccccn3)o2)c1,Egc,3.7041
4800,[*]Nc1cc(NC(=O)Nc2ccc(NC([*])=O)cc2)cc(C(=O)Nc2cccc3c2C(=O)c2ccccc2C3=O)c1,Egc,2.673
4801,[*]Nc1cc(NC(=O)NCCCCCCNC([*])=O)ccc1C,Egc,4.82
4802,[*]Nc1cc(OC)c([*])cc1OC,Egc,3.406
4803,[*]Nc1cc(OCC)c([*])cc1OCC,Egc,3.3328
4804,[*]Nc1cc(OCC)c([*])cc1OCC,eib,3.917038598
4805,[*]NC1CC1NC(=O)C1CC1C([*])=O,Egc,5.7404
4806,[*]Nc1cc2cccc3c([*])cc4cccc1c4c23,Egc,2.4765
4807,[*]Nc1cc2cccc3c([*])cc4cccc1c4c23,eib,2.030645786
4808,[*]Nc1ccc([*])c(Cl)c1Cl,Egc,4.5901
4809,[*]Nc1ccc([*])c(Cl)c1Cl,eib,3.219002184
4810,[*]Nc1ccc([*])c2cc3ccccc3cc12,Egc,2.2861
4811,[*]Nc1ccc([*])c2cc3ccccc3cc12,eib,2.129792013
4812,[*]Nc1ccc([*])c2ccccc12,Egc,3.0325
4813,[*]Nc1ccc([*])c2ccccc12,eib,2.865583419
4814,[*]Nc1ccc([*])cc1,Egc,4.2754
4815,[*]Nc1ccc([*])cc1,eib,3.388345578
4816,[*]Nc1ccc([*])cc1[N+](=O)[O-],Egc,3.5129
4817,[*]Nc1ccc([*])cc1[N+](=O)[O-],eib,1.257184724
4818,[*]Nc1ccc([*])cc1Br,Egc,3.3926
4819,[*]Nc1ccc([*])cc1Br,eib,3.08883798
4820,[*]Nc1ccc([*])cc1C,Egc,3.6225
4821,[*]Nc1ccc([*])cc1C,eib,3.687232157
4822,[*]Nc1ccc([*])cc1C(C)C,Egc,3.2671
4823,[*]Nc1ccc([*])cc1C(C)C,eib,3.617139762
4824,[*]Nc1ccc([*])cc1C(C)CC,Egc,3.6224
4825,[*]Nc1ccc([*])cc1CC,Egc,3.1433
4826,[*]Nc1ccc([*])cc1CC,eib,3.643426319
4827,[*]Nc1ccc([*])cc1CCC,Egc,3.137
4828,[*]Nc1ccc([*])cc1CCC,eib,3.608996637
4829,[*]Nc1ccc([*])cc1CCCCCCCCCCCCCCC,Egc,3.5851
4830,[*]Nc1ccc([*])cc1Cl,Egc,4.5808
4831,[*]Nc1ccc([*])cc1CO,Egc,3.8208
4832,[*]Nc1ccc([*])cc1CO,eib,3.334803961
4833,[*]Nc1ccc([*])cc1F,Egc,3.8203
4834,[*]Nc1ccc([*])cc1I,Egc,4.4895
4835,[*]Nc1ccc([*])cc1I,eib,3.093306285
4836,[*]Nc1ccc([*])cc1N,Egc,4.1618
4837,[*]Nc1ccc([*])cc1N,eib,3.479096972
4838,[*]Nc1ccc([*])cc1O,Egc,3.4981
4839,[*]Nc1ccc([*])cc1OC,Egc,3.6964
4840,[*]Nc1ccc([*])cc1OC,eib,3.865525228
4841,[*]Nc1ccc([*])cc1OCCCCCCCCCCCC,Egc,3.9219
4842,[*]Nc1ccc([*])cc1OCCCCCCCCCCCC,eib,3.847084068
4843,[*]Nc1ccc([*])cc1OCCCCS(=O)(=O)O,Egc,3.4308
4844,[*]Nc1ccc([*])cc1OCCCCS(=O)(=O)O,eib,3.880054181
4845,[*]Nc1ccc([*])cc1S(=O)(=O)O,Egc,3.1216
4846,[*]Nc1ccc([*])cc1S(=O)(=O)O,eib,1.75943968
4847,[*]Nc1ccc([*])nc1,Egc,3.3373
4848,[*]Nc1ccc([*])nc1,eib,2.75755318
4849,[*]Nc1ccc(Br)cc1-c1ccc(NC(=O)c2ccc(C([*])=O)cc2)cc1,Egc,3.5352
4850,[*]Nc1ccc(Br)cc1-c1ccc(NC(=O)c2ccc(C([*])=O)cc2)cc1,Egcr,2.9894
4851,[*]Nc1ccc(Br)cc1-c1ccc(NC(=O)c2ccc(C([*])=O)cc2)cc1,eib,1.949999181
4852,[*]Nc1ccc(C#Cc2ccc(C([*])=O)cc2)cc1,Egc,2.9535
4853,[*]Nc1ccc(C#Cc2ccc(NC(=O)c3ccc(C([*])=O)cc3)cc2)cc1,Egc,2.7886
4854,[*]Nc1ccc(C([*])=O)cc1,Egc,3.7058
4855,[*]Nc1ccc(C([*])=O)cc1,Egcr,2.6498
4856,[*]Nc1ccc(C(=O)c2c(C)c(C)c(C(=O)c3ccc(NC(=O)c4ccc(C([*])=O)cc4)cc3)c(C)c2C)cc1,Egc,3.4981
4857,[*]Nc1ccc(C(=O)c2ccc(NC(=O)c3ccc(C([*])=O)cc3)cc2)cc1,Egc,3.6638
4858,[*]Nc1ccc(C(=O)c2ccc(NC(=O)c3ccc(C([*])=O)cc3)cc2)cc1,eib,1.757115618
4859,[*]Nc1ccc(C(C)(C)c2ccc(NC(=O)c3cc(C([*])=O)cc(N4C(=O)C5C6CCC(C6)C5C4=O)c3)cc2)cc1,Egc,3.4083
4860,[*]Nc1ccc(C(C)(C)c2ccc(NC(=O)c3cc(C([*])=O)cc(N4C(=O)C5C6CCC(C6)C5C4=O)c3)cc2)cc1,eib,3.149646685
4861,[*]Nc1ccc(C(C)(C)c2ccc(NC(=O)c3cc(C([*])=O)cc(N4C(=O)C5CC=CCC5C4=O)c3)cc2)cc1,Egc,3.3743
4862,[*]Nc1ccc(C(C)(C)c2ccc(NC(=O)c3cc(C([*])=O)cc(S(=O)(=O)c4ccccc4)c3)cc2)cc1,Egc,3.2508
4863,[*]Nc1ccc(C=Cc2ccc(NC(=C(C#N)C#N)c3ccc(C([*])=C(C#N)C#N)cc3)cc2)cc1,Egc,2.0183
4864,[*]Nc1ccc(-c2ccc([*])cc2)c(C)c1,Egc,3.4981
4865,[*]Nc1ccc(-c2ccc([*])cc2)c(OC)c1,Egc,3.4023
4866,[*]Nc1ccc(-c2ccc(NC(=C(C#N)C#N)c3ccc(-c4ccc(C([*])=C(C#N)C#N)cc4)cc3)cc2)cc1,Egc,2.8048
4867,[*]Nc1ccc(-c2ccc(NC(=O)c3cc(C([*])=O)cc(S(=O)(=O)c4ccccc4)c3)cc2)cc1,Egc,3.1725
4868,[*]Nc1ccc(-c2ccc(NC(=O)c3cc(C([*])=O)cc(S(=O)(=O)c4ccccc4)c3)cc2)cc1,Egcr,2.4795
4869,[*]Nc1ccc(-c2ccc(NC(=O)c3cc(C(=O)O)c(C([*])=O)cc3C(=O)O)cc2)cc1,Egc,3.1431
4870,[*]Nc1ccc(-c2ccc(NC(=O)c3cc(NC(=O)c4ccncc4)cc(C([*])=O)c3)cc2)cc1,Egc,3.2276
4871,[*]Nc1ccc(-c2ccc(NC(=O)c3ccc(C([*])=O)cc3)cc2)cc1,Egc,3.1615
4872,[*]Nc1ccc(-c2ccc(NC(=O)c3cccc(C([*])=O)c3)c(S)c2)cc1S,Egc,3.6442
4873,[*]Nc1ccc(-c2ccc(NC(=O)Cc3cc(CC([*])=O)c(C)cc3C)cc2)cc1,Egc,4.1432
4874,[*]Nc1ccc(-c2ccc(NC(=O)Cc3cc(CC([*])=O)c(C)cc3C)cc2)cc1,eib,3.729787332
4875,[*]Nc1ccc(-c2ccc(NC(=O)CCCCCCCCC([*])=O)c(O)c2)cc1O,Egc,4.0536
4876,[*]Nc1ccc(-c2ccc(NC3=CC(=O)C([*])=CC3=O)cc2)cc1,Egc,2.1743
4877,[*]Nc1ccc(-c2ccc(NC3=CC(=O)C([*])=CC3=O)cc2)cc1,eib,0.969196921
4878,[*]Nc1ccc(-c2ccc(Nc3ccc4c(c3)c3cc([*])ccc3n4CC(CC)CCCC)cc2)cc1,Egc,3.4761
4879,[*]Nc1ccc(CC(C)(C)NC(=O)c2ccc(C([*])=O)cc2)cc1,Egc,3.7404
4880,[*]Nc1ccc(CC(C)(C)NC(=O)CCCCC([*])=O)cc1,Egc,4.9015
4881,[*]NC1CCC(CC(C)(C)NC(=O)CCCCC([*])=O)CC1,Egc,5.8543
4882,[*]Nc1ccc(CC(C)(C)NC(=O)CCCCCCCCC([*])=O)cc1,Egc,4.525
4883,[*]Nc1ccc(Cc2ccc(NC(=O)c3cc(C([*])=O)cc(N4C(=O)C=CC4=O)c3)cc2)cc1,Egc,2.0132
4884,[*]Nc1ccc(Cc2ccc(NC(=O)c3cc(C([*])=O)cc(N4C(=O)C=CC4=O)c3)cc2)cc1,Egcr,2.0738
4885,[*]Nc1ccc(Cc2ccc(NC(=O)c3cc(C([*])=O)cc(N4C(=O)C5C6CCC(C6)C5C4=O)c3)cc2)cc1,Egc,3.2426
4886,[*]Nc1ccc(Cc2ccc(NC(=O)c3cc(NC(=O)c4ccncc4)cc(C([*])=O)c3)cc2)cc1,Egc,3.4339
4887,[*]Nc1ccc(Cc2ccc(NC(=O)c3ccc(C([*])=O)cc3)cc2)cc1,Egc,3.1602
4888,[*]Nc1ccc(Cc2ccc(NC(=O)c3ccc(C([*])=O)cc3)cc2)cc1,eib,1.553282076
4889,[*]Nc1ccc(Cc2ccc(NC(=O)c3ccc(P(=O)(c4ccccc4)c4ccc(C([*])=O)cc4)cc3)cc2)cc1,Egc,3.3674
4890,[*]Nc1ccc(Cc2ccc(NC(=O)c3ccc(P(=O)(c4ccccc4)c4ccc(C([*])=O)cc4)cc3)cc2)cc1,eib,2.740776433
4891,[*]NC1CCC(CC2CCC(NC(=O)CCCCC([*])=O)CC2)CC1,Egc,5.7632
4892,[*]NC1CCC(CC2CCC(NC(=O)CCCCCCCCC([*])=O)CC2)CC1,Egc,5.7313
4893,[*]NC1CCC(CC2CCC(NC(=O)CCCCCCCCCCC([*])=O)CC2)CC1,Egc,5.6638
4894,[*]NC1CCC(CCC2CCC(NC(=O)CCCCCCCCCCC([*])=O)CC2)CC1,Egc,5.6277
4895,[*]Nc1ccc(CCNC(=O)CCCCC([*])=O)cc1,Egc,4.9196
4896,[*]Nc1ccc(NC(=O)C=C(CC([*])=O)c2cc(C)ccc2OC)cc1,Egc,4.0823
4897,[*]Nc1ccc(NC(=O)C=CC([*])=O)cc1,Egc,2.7389
4898,[*]Nc1ccc(NC(=O)C=CC([*])=O)cc1,eib,1.373176518
4899,[*]Nc1ccc(NC(=O)C=Cc2ccc(C=CC([*])=O)cc2)cc1,Egc,3.1732
4900,[*]Nc1ccc(NC(=O)C=Cc2ccc(C=CC([*])=O)cc2)cc1,eib,1.598390001
4901,[*]Nc1ccc(NC(=O)c2c(F)c(F)c(C([*])=O)c(F)c2F)cc1,Egc,3.4551
4902,[*]Nc1ccc(NC(=O)c2c(F)c(F)c(C([*])=O)c(F)c2F)cc1,eib,1.630153462
4903,[*]Nc1ccc(NC(=O)c2cc(C([*])=O)c(C(=O)O)cc2C(=O)O)cc1,Egc,3.0363
4904,[*]Nc1ccc(NC(=O)c2cc(C([*])=O)c(C(=O)O)cc2C(=O)O)cc1,eib,1.374895129
4905,[*]Nc1ccc(NC(=O)c2cc(NC(=O)c3ccc(NC(=O)C(C)N4C(=O)c5ccccc5C4=O)cc3)cc(C([*])=O)c2)cc1C,Egc,2.3973
4906,[*]Nc1ccc(NC(=O)c2cc(NC(=O)c3ccccc3)cc(C([*])=O)c2)cc1,Egc,3.3641
4907,[*]Nc1ccc(NC(=O)c2cc(NC(=O)c3ccncc3)cc(C([*])=O)c2)cc1,Egc,3.6492
4908,[*]Nc1ccc(NC(=O)c2cc(NC(=O)c3ccncc3)cc(C([*])=O)c2)cc1,Egcr,2.9949
4909,[*]Nc1ccc(NC(=O)c2cc(SCCCCCCCC)c(C([*])=O)cc2SCCCCCCCC)cc1,Egc,3.1071
4910,[*]Nc1ccc(NC(=O)c2ccc(C([*])=O)cc2)cc1,Egc,3.3019
4911,[*]Nc1ccc(NC(=O)c2ccc(C([*])=O)cc2)cc1,eib,1.786357065
4912,[*]Nc1ccc(NC(=O)c2ccc(C([*])=O)cc2F)cc1F,Egc,3.0271
4913,[*]Nc1ccc(NC(=O)c2ccc(C([*])=O)cc2F)cc1F,eib,2.36560638
4914,[*]Nc1ccc(NC(=O)c2ccc(C(=O)c3ccc(C([*])=O)c(C(=O)O)c3)cc2C(=O)O)cc1,Egc,3.078
4915,[*]Nc1ccc(NC(=O)c2ccc(NC(=O)c3cc(NC(=O)C45CC6CC(CC(C6)C4)C5)cc(C([*])=O)c3)cc2)cc1,Egc,3.1016
4916,[*]Nc1ccc(NC(=O)c2ccc(NC(=O)c3ccc([Si](C)(C)c4ccc(C(=O)Nc5ccc(C([*])=O)cc5)cc4)cc3)cc2)cc1,Egc,3.1713
4917,[*]Nc1ccc(NC(=O)c2cccc(C([*])=O)c2)cc1,Egc,3.5313
4918,[*]Nc1ccc(NC(=O)c2cccc(C([*])=O)c2)cc1,eib,2.181810405
4919,[*]Nc1ccc(NC(=O)Cc2cc(CC([*])=O)c(C)cc2C)cc1,Egc,4.4183
4920,[*]Nc1ccc(NC(=O)Cc2cc(CC([*])=O)c(C)cc2C)cc1,eib,3.855635301
4921,[*]Nc1ccc(NC(=O)CCC([*])=O)cc1,Egc,4.1096
4922,[*]Nc1ccc(NC(=O)CCC([*])=O)cc1,eib,3.851761978
4923,[*]Nc1ccc(NC(=O)CCCC([*])=O)cc1,Egc,4.1251
4924,[*]Nc1ccc(NC(=O)CCCCC([*])=O)cc1,Egc,4.5626
4925,[*]Nc1ccc(NC(=O)CCCCC([*])=O)cc1,eib,3.114406767
4926,[*]Nc1ccc(NC(=O)CCCCCC([*])=O)cc1,Egc,4.5879
4927,[*]Nc1ccc(NC(=O)CCCCCCC([*])=O)cc1,Egc,4.5337
4928,[*]Nc1ccc(NC(=O)CCCCCCCC([*])=O)cc1,Egc,4.5154
4929,[*]Nc1ccc(NC(=O)CCCCCCCCC([*])=O)cc1,Egc,4.6336
4930,[*]Nc1ccc(NC(=S)NC(=O)c2ccc(C(=O)NC([*])=S)cc2)cc1,Egc,2.7285
4931,[*]Nc1ccc(NC(=S)NC(=O)c2ccc(C(=O)NC([*])=S)cc2)cc1,eib,1.184200917
4932,[*]Nc1ccc(NC(=S)NC(=O)c2cccc(C(=O)NC([*])=S)c2)cc1,Egc,3.381
4933,[*]Nc1ccc(NC(=S)NC(=O)c2cccc(C(=O)NC([*])=S)c2)cc1,eib,2.18864492
4934,[*]Nc1ccc(Nc2ccc([*])cc2)cc1C(=O)O,Egc,2.664
4935,[*]Nc1ccc(Nc2ccc([*])cc2)cc1C(=O)O,eib,2.297640611
4936,[*]Nc1ccc2c(c1)Cc1cc(NC(=O)c3cc(C(=O)O)c(C([*])=O)cc3C(=O)O)ccc1-2,Egc,2.6568
4937,[*]Nc1cccc(C#Cc2cccc(C([*])=O)c2)c1,Egc,3.8
4938,[*]Nc1cccc(C#Cc2cccc(C([*])=O)c2)c1,eib,2.088688357
4939,[*]Nc1cccc(C([*])=O)c1,Egc,4.147
4940,[*]Nc1cccc(NC(=O)C=CC([*])=O)c1,Egc,3.505
4941,[*]Nc1cccc(NC(=O)C=CC([*])=O)c1,eib,1.70581091
4942,[*]Nc1cccc(NC(=O)c2cc(C([*])=O)cc(S(=O)(=O)c3ccccc3)c2)c1,Egc,3.8595
4943,[*]Nc1cccc(NC(=O)c2cc(NC(=O)c3ccncc3)cc(C([*])=O)c2)c1,Egc,3.3608
4944,[*]Nc1cccc(NC(=O)c2ccc(NC(=O)c3ccc([Si](C)(C)c4ccc(C(=O)Nc5ccc(C([*])=O)cc5)cc4)cc3)cc2)c1,Egc,3.5154
4945,[*]Nc1cccc(NC(=O)c2cccc(C([*])=O)c2)c1,Egc,4.0305
4946,[*]Nc1cccc(NC(=O)c2cccc(C([*])=O)c2)c1,eib,2.539964399
4947,[*]Nc1cccc(NC(=O)Cc2cc(CC([*])=O)c(C)cc2C)c1,Egc,4.5068
4948,[*]Nc1cccc(NC(=O)CCCCCCC([*])=O)c1,Egc,4.8722
4949,[*]Nc1cccc(NC(=O)CCCCCCCC([*])=O)c1,Egc,4.9065
4950,[*]Nc1cccc(NC(=O)CCCCCCCCC([*])=O)c1,Egc,4.7951
4951,[*]NC1CCCC1C([*])=O,Egc,5.8081
4952,[*]NC1CCCC1C([*])=O,Egcr,6.4002
4953,[*]NC1CCCC1C([*])=O,eib,4.01101874
4954,[*]Nc1cccc2c(NC(=O)c3cccc(C([*])=O)c3)cccc12,Egc,3.1281
4955,[*]Nc1cccc2c(NC(=O)c3cccc(C([*])=O)c3)cccc12,eib,2.107737779
4956,[*]Nc1ccccc1NC(=O)c1cccc(C([*])=O)c1,Egc,3.7239
4957,[*]Nc1ccccc1NC(=O)c1cccc(C([*])=O)c1,eib,2.629209689
4958,[*]Nc1ccccc1NC(=O)CCCCCCCCC([*])=O,Egc,4.8005
4959,[*]Nc1cnc([*])c(O)c1,Egc,3.0117
4960,[*]Nc1nc([*])nc(-c2ccccc2)n1,Egc,4.1706
4961,[*]Nc1nc([*])nc(-c2ccccc2)n1,eib,2.139433172
4962,[*]Nc1nc([*])nc(Cl)n1,Egc,4.4835
4963,[*]Nc1nc([*])nc(Cl)n1,Egcr,4.2584
4964,[*]Nc1nc([*])nc(Cl)n1,eib,2.111127234
4965,[*]Nc1nc(Nn2c(=O)c3cc4c(=O)n([*])c(=O)c4cc3c2=O)nc(N(CC)CC)n1,Egc,2.679
4966,[*]Nc1nc(Nn2c(=O)c3cc4c(=O)n([*])c(=O)c4cc3c2=O)nc(N(CC)CC)n1,eib,1.962562974
4967,[*]Nc1nc(Nn2c(=O)c3cc4c(=O)n([*])c(=O)c4cc3c2=O)nc(N(CCC)CCC)n1,Egc,2.6429
4968,[*]Nc1nc(Nn2c(=O)c3cc4c(=O)n([*])c(=O)c4cc3c2=O)nc(N(CCCC)CCCC)n1,Egc,2.5894
4969,[*]NC1NN(C(C([*])O)(C(F)(F)F)C(O)(Cl)C2(F)OC(O)C(O)C2O)O1,Egc,5.1151
4970,[*]NCc1cc(C(=O)O)cc(CNc2nc(-c3csc([*])n3)cs2)c1N,Egc,3.6822
4971,[*]NCc1cc(C(=O)O)cc(CNc2nc(-c3csc([*])n3)cs2)c1N,eib,3.772880881
4972,[*]NCc1cccc(CNC(=O)C(C)CC(C)(C)C([*])=O)c1,Egc,5.5161
4973,[*]NCCCCCC(=O)CCCCCC([*])=O,Egc,5.7613
4974,[*]NCCCCCC(=O)CCCCCC([*])=O,eib,3.991502658
4975,[*]NCCCCCCNc1nc([*])nc(-c2ccccc2)n1,Egc,4.2826
4976,[*]NCCOCCOCCNC(=O)Nc1cc(NC(=O)N[*])ccc1C,Egc,4.2379
4977,[*]NNC(=O)C([*])=O,Egc,5.0351
4978,[*]NNC(=O)C([*])=O,eib,2.277035865
4979,[*]NNC(=O)C(=O)NNC(=O)CCCCC([*])=O,Egc,4.6019
4980,[*]NNC(=O)C(=O)NNC(=O)CCCCCCCC([*])=O,Egc,4.5339
4981,[*]NNC(=O)C(=O)NNC(=O)CCCCCCCC([*])=O,Egcr,3.7266
4982,[*]NNC(=O)C=CC(=O)Nc1ccc(NC(=O)C=CC([*])=O)cc1,Egc,3.396
4983,[*]NNC(=O)c1ccc([Si](c2ccccc2)(c2ccccc2)c2ccc(C([*])=O)cc2)cc1,Egc,4.4942
4984,[*]NNC(=O)c1ccc([Si](c2ccccc2)(c2ccccc2)c2ccc(C([*])=O)cc2)cc1,eib,2.120893608
4985,[*]NNC(=O)c1ccc(C([*])=O)cc1,Egc,4.797
4986,[*]NNC(=O)c1ccc(C([*])=O)cc1,eib,2.072311717
4987,[*]NNC(=O)c1ccc(C([*])=O)cc1OCCCCC,Egc,4.2275
4988,[*]NNC(=O)c1ccc(C([*])=O)cc1OCCCCCCCC,Egc,4.0296
4989,[*]NNC(=O)c1ccc(C([*])=O)cc1OCCCCCCCCCC,Egc,3.4755
4990,[*]NNC(=O)c1ccc(C(=O)NNC(=O)CCCCC([*])=O)cc1,Egc,4.9254
4991,[*]NNC(=O)C1CCC(C(=O)NNC(=O)CCCCC([*])=O)CC1,Egc,6.0678
4992,[*]NNC(=O)c1ccc(C(=O)NNC(=O)CCCCC([*])=O)cc1,eib,3.01771052
4993,[*]NNC(=O)c1ccc(C(=O)NNC(=S)c2cccc(C([*])=S)c2)cc1,Egc,3.4684
4994,[*]NNC(=O)c1ccc(C(=O)NNC(=S)c2cccc(C([*])=S)c2)cc1,eib,1.937434475
4995,[*]NNC(=O)c1ccc(NC(=O)c2ccc(C([*])=O)cc2)c(O)c1,Egc,3.7581
4996,[*]NNC(=O)c1ccc(NC(=O)c2ccc(C([*])=O)cc2)c(O)c1,eib,1.457196264
4997,[*]NNC(=O)c1cccc(C([*])=O)c1,Egc,5.1212
4998,[*]NNC(=O)c1cccc(C(=O)NNC(=O)C([*])=O)c1,Egc,4.4213
4999,[*]NNC(=O)c1cccc(C(=O)NNC(=O)C([*])=O)c1,eib,1.838235423
5000,[*]NNC(=O)c1cccc(C(=O)NNC(=O)C2CCC(C([*])=O)CC2)c1,Egc,4.7395
5001,[*]NNC(=O)c1cccc(C(=O)NNC(=O)CCCCCCCCC([*])=O)c1,Egc,4.7432
5002,[*]NNC(=O)c1cccc(C(=O)NNC(=O)CCCCCCCCC([*])=O)c1,eib,1.892465939
5003,[*]NNC(=O)c1cccc(C(=O)NNC(=S)c2cccc(C([*])=S)c2)c1,Egc,3.0452
5004,[*]NNC(=O)c1cccc(C(=O)NNC(=S)c2cccc(C([*])=S)c2)c1,eib,1.338799033
5005,[*]NNC(=O)CCC(=O)NNC(=O)CCCCC([*])=O,Egc,5.1381
5006,[*]NNC(=O)CCC(=O)NNC(=O)CCCCC([*])=O,eib,3.540454479
5007,[*]NNC(=O)CCC(=O)NNC(=O)CCCCCCCCC([*])=O,Egc,5.8764
5008,[*]NNC(=O)CCCCC([*])=O,Egc,5.6178
5009,[*]NNC(=O)CCCCC(=O)NNC(=O)CCCCCCCCC([*])=O,Egc,5.3783
5010,[*]NNC(=O)CCCCCCCC(=O)NNC(=O)CCCCCCCCC([*])=O,Egc,6.0362
5011,[*]NNC(=O)CCCCCCCCC([*])=O,Egc,5.857
5012,[*]NNC(=O)CCCCCCCCCCCC([*])=O,Egc,5.8501
5013,[*]NNC(=O)CCCCCCCCCCCCCCCCC([*])=O,Egc,6.0181
5014,[*]NNC(=S)c1ccc(C([*])=S)cc1,Egc,3.3241
5015,[*]NNC(=S)c1ccc(C([*])=S)cc1,eib,1.798015153
5016,[*]NOC(=O)O[*],Egc,6.1166
5017,[*]NOC(=O)O[*],eib,2.424305536
5018,[*]NOC(=S)O[*],Egc,4.6294
5019,[*]NOC(=S)O[*],Egcr,3.9632
5020,[*]NOC(=S)O[*],eib,1.538409552
5021,[*]NOC(C=C1)=CC=C1O[*],Egc,4.5451
5022,[*]NS(=O)Nc1cccc([*])n1,Egc,4.2847
5023,[*]NS(=O)Nc1cccc([*])n1,eib,3.111198813
5024,[*]O[Si](C)(C)O[Si](C)(C)O[Si](C)(C)OC(C)CCC([*])C,Egc,6.2628
5025,[*]O[Si](C)(C)O[Si](C)(C)OC(C)CCCCC([*])C,Egc,6.6365
5026,[*]O[Si](C)(C)Oc1ccc([*])cc1,Egc,4.9658
5027,[*]O[Si](C)(C)Oc1ccc(C(C)(C)c2ccc([*])cc2)cc1,Egc,4.9271
5028,[*]O[Si](C)(Oc1ccc([*])cc1)c1ccccc1,Egc,4.2258
5029,[*]OC([*])(C)C,Egc,6.2262
5030,[*]OC([*])(C)C,eib,3.969524554
5031,[*]OC([*])C,Egc,6.845
5032,[*]OC([*])C,eib,3.920268255
5033,[*]OC([*])C(C)C,Egc,5.7277
5034,[*]OC([*])C(Cl)Cl,Egc,6.4632
5035,[*]OC([*])C(Cl)Cl,eib,3.573909631
5036,[*]OC([*])C=C,Egc,6.1583
5037,[*]OC([*])C=C,eib,4.081470652
5038,[*]OC([*])CC,Egc,5.9932
5039,[*]OC([*])CCC,Egc,6.6375
5040,[*]OC([*])CCC#N,Egc,7.2521
5041,[*]OC([*])CCC#N,Egcr,6.9611
5042,[*]OC([*])CCC#N,eib,3.45139683
5043,[*]OC([*])CCC(=O)OC,Egc,6.2304
5044,[*]OC([*])CCCC,Egc,6.602
5045,[*]OC([*])CCCCC,Egc,5.9463
5046,[*]OC([*])CCCCCCCC,Egc,5.9039
5047,[*]OC([*])CCl,Egc,7.2652
5048,[*]OC([*])CCl,Egcr,7.1982
5049,[*]OC([*])CCl,eib,4.044539688
5050,[*]OC([2H])([2H])C([*])([2H])[2H],Egc,5.8333
5051,[*]OC([2H])([2H])C([*])([2H])[2H],eib,3.960694453
5052,[*]OC([2H])([2H])C([*])([2H])C([2H])=C([2H])[2H],Egc,5.0119
5053,[*]OC([2H])([2H])C([*])([2H])C([2H])=C([2H])[2H],eib,3.890748322
5054,[*]OC(=C(C)C)C(C)(C)C([*])=O,Egc,5.1149
5055,[*]OC(=C(C)C)C(C)(C)C([*])=O,eib,3.963779634
5056,[*]OC(=C)CC([*])=O,Egc,5.9735
5057,[*]OC(=C)CC([*])=O,eib,3.689810016
5058,[*]OC(=O)C(CC(C)C)NC(=O)CCCCC(=O)NC(CC(C)C)C(=O)OC1COC2C([*])COC12,Egc,5.0053
5059,[*]OC(=O)C(Cc1ccccc1)NC(=O)CCCCC(=O)NC(Cc1ccccc1)C(=O)OC1COC2C([*])COC12,Egc,5.1809
5060,[*]OC(=O)C(Cc1ccccc1)NC(=O)CCCCCCCCCCC(=O)NC(Cc1ccccc1)C(=O)OC1COC2C([*])COC12,Egc,5.5417
5061,[*]OC(=O)C=CC(=O)OC1COC2C([*])COC12,Egc,4.2459
5062,[*]OC(=O)c1ccc(C([*])=O)cc1,Egc,4.5781
5063,[*]OC(=O)c1ccc(C([*])=O)cc1,eib,1.428653204
5064,[*]OC(=O)c1ccc(C(=O)NCNC(=O)c2ccc(C([*])=O)cc2)cc1,Egc,4.0724
5065,[*]OC(=O)c1ccc(C(=O)Oc2ccc3c(c2)Oc2cc([*])ccc2C32c3ccccc3-c3ccccc32)cc1,Egc,3.1064
5066,[*]OC(=O)C1CCC(C(=O)OC2COC3C([*])COC23)CC1,Egc,6.5816
5067,[*]OC(=O)c1ccc(C(=O)OC2COC3C([*])COC23)o1,Egc,4.1706
5068,[*]OC(=O)c1ccc(C(C)(C)c2ccc(C([*])=O)cc2)cc1,Egc,4.402
5069,[*]OC(=O)c1ccc(C(C)(C)c2ccc(C([*])=O)cc2)cc1,eib,2.060764833
5070,[*]OC(=O)c1ccc(C2(C)CC(C)(C)c3ccc(C(=O)Oc4ccc5c(c4)Oc4cc([*])ccc4C5(C)C)cc32)cc1,Egc,3.5631
5071,[*]OC(=O)c1ccc(Cc2ccc(C([*])=O)cc2)cc1,Egc,4.038
5072,[*]OC(=O)c1ccc(Cc2ccc(C([*])=O)cc2)cc1,eib,2.392090555
5073,[*]OC(=O)c1ccc(CCc2ccc(C([*])=O)cc2)cc1,Egc,3.9494
5074,[*]OC(=O)c1ccc(CCCc2ccc(C([*])=O)cc2)cc1,Egc,4.4456
5075,[*]OC(=O)c1ccc(CCCc2ccc(C([*])=O)cc2)cc1,eib,2.166334885
5076,[*]OC(=O)c1ccc(CCCCc2ccc(C([*])=O)cc2)cc1,Egc,4.7395
5077,[*]OC(=O)c1ccc(CCCCCc2ccc(C([*])=O)cc2)cc1,Egc,4.5439
5078,[*]OC(=O)c1ccc(CCCCCc2ccc(C([*])=O)cc2)cc1,eib,1.76876196
5079,[*]OC(=O)c1ccc(CCCCCCc2ccc(C([*])=O)cc2)cc1,Egc,4.3642
5080,[*]OC(=O)c1ccc(CCCCCCc2ccc(C([*])=O)cc2)cc1,eib,2.092615877
5081,[*]OC(=O)c1ccc(SCCCCSc2ccc(C([*])=O)cc2)cc1,Egc,3.643
5082,[*]OC(=O)c1ccc(SCCCCSc2ccc(C([*])=O)cc2)cc1,eib,2.554619495
5083,[*]OC(=O)c1cccc(C([*])=O)c1,Egc,4.6257
5084,[*]OC(=O)c1cccc(C([*])=O)c1,eib,1.747648085
5085,[*]OC(=O)c1cccc(C(=O)OC2CC3CC([*])CC(C2)O3)c1,Egc,4.5898
5086,[*]OC(=O)Cc1ccc(CC([*])=O)cc1,Egc,5.0188
5087,[*]OC(=O)Cc1ccc(CC([*])=O)cc1,eib,2.874663497
5088,[*]OC(=O)CCC(=O)OC1COC2C([*])COC12,Egc,5.7195
5089,[*]OC(=O)CCC(=O)OC1COC2C([*])COC12,eib,3.741253275
5090,[*]OC(=O)CCc1ccc(CCC([*])=O)cc1,Egc,5.1011
5091,[*]OC(=O)CCCCC([*])=O,Egc,6.2079
5092,[*]OC(=O)CCCCC([*])=O,eib,2.514443401
5093,[*]OC(=O)CCCCCC([*])=O,Egc,5.9807
5094,[*]OC(=O)CCCCCC([*])=O,eib,3.032186427
5095,[*]OC(=O)CCCCCCC([*])=O,Egc,6.1978
5096,[*]OC(=O)CCCCCCC([*])=O,eib,3.559525528
5097,[*]OC(=O)CCCCCCCC([*])=O,Egc,6.199
5098,[*]OC(=O)CCCCCCCC([*])=O,eib,3.909590324
5099,[*]OC(=O)CCCCCCCCC([*])=O,Egc,6.3268
5100,[*]OC(=O)CCCCCCCCC([*])=O,eib,3.756396398
5101,[*]OC(=O)CCCCCCCCC(=O)OC1COC2C([*])COC12,Egc,6.4179
5102,[*]OC(=O)CCCCCCCCCC([*])=O,Egc,6.2631
5103,[*]OC(=O)CCCCCCCCCCC([*])=O,Egc,6.2095
5104,[*]OC(=O)CCCCCCCCCCC([*])=O,eib,3.231438097
5105,[*]OC(=O)CCCCCCCCCCCC([*])=O,Egc,6.2436
5106,[*]OC(=O)CCCCCCCCCCCCC([*])=O,Egc,6.1871
5107,[*]OC(=O)CCCCCCCCCCCCC([*])=O,Egcr,5.2681
5108,[*]OC(=O)CCCCCCCCCCCCCCCCC([*])=O,Egc,6.1452
5109,[*]OC(=O)CCS(=O)(=O)CCC([*])=O,Egc,6.2729
5110,[*]OC(=O)CCS(=O)(=O)CCC([*])=O,eib,2.808816778
5111,[*]OC(=O)CCS(=O)(=O)CCS(=O)(=O)CCC([*])=O,Egc,5.9043
5112,[*]OC(=O)CCSc1ccc(SCCC([*])=O)cc1,Egc,4.4389
5113,[*]OC(=O)CCSc1ccc(SCCC([*])=O)cc1,eib,3.255633398
5114,[*]OC(=O)CCSCc1ccc(CSCCC([*])=O)cc1,Egc,4.4934
5115,[*]OC(=O)CCSCCC([*])=O,Egc,4.4582
5116,[*]OC(=O)CCSCCSCCC([*])=O,Egc,4.7109
5117,[*]OC(=O)CS(=O)(=O)Cc1ccc(CS(=O)(=O)CC([*])=O)cc1,Egc,4.6358
5118,[*]OC(=O)CS(=O)(=O)Cc1ccc(CS(=O)(=O)CC([*])=O)cc1,eib,2.218494461
5119,[*]OC(=O)CS(=O)(=O)CCS(=O)(=O)CC([*])=O,Egc,5.7503
5120,[*]OC(=O)CSCCSCC([*])=O,Egc,4.3646
5121,[*]OC(=O)CSCCSCC([*])=O,eib,2.447790071
5122,[*]OC(=O)NC1CCC(CC2CCC(NC(=O)OC3CC4CC([*])CC(C3)O4)CC2)CC1,Egc,5.8696
5123,[*]OC(=O)Oc1c(cccc1)Cc1c(cccc1)([*]),Egc,5.6427
5124,[*]OC(=O)OC1CC2CC([*])CC(C1)O2,Egc,6.1524
5125,[*]OC(=O)Oc1ccc(C(=O)Oc2ccc(OC(=O)OC3COC4C([*])COC34)cc2)cc1,Egc,4.4586
5126,[*]OC(=O)Oc1ccc(OC(=O)OC2CC3CC([*])CC(C2)O3)cc1,Egc,5.7313
5127,[*]OC(=O)Oc1ccc(OC(=O)OC2CC3CC([*])CC(C2)O3)cc1,eib,3.513896485
5128,[*]OC(=O)Oc1cccc(OC(=O)OC2CC3CC([*])CC(C2)O3)c1,Egc,5.6565
5129,[*]OC(=O)OC1COC2C([*])COC12,Egc,6.8154
5130,[*]OC(=O)OC1COC2C([*])COC12,Egcr,6.6786
5131,[*]OC(=O)OC1COC2C([*])COC12,eib,3.576593551
5132,[*]OC(=O)OCC(O)C(O)COC(=O)OC1COC2C([*])COC12,Egc,6.4149
5133,[*]OC(=O)OCC(OC)C(COC(=O)OC1COC2C([*])COC12)OC,Egc,6.3754
5134,[*]OC(=O)OCC1OC(C)(C)OC1COC(=O)OC1COC2C([*])COC12,Egc,6.4211
5135,[*]OC(=O)OCCCCCCCCCCOC(=O)OC1COC2C([*])COC12,Egc,6.4724
5136,[*]OC(=O)OCCCCCCCCCCOC(=O)OC1COC2C([*])COC12,Egcr,6.1689
5137,[*]OC(=O)OCCCCCCCCOC(=O)OC1COC2C([*])COC12,Egc,6.6545
5138,[*]OC(=O)OCCCCCCOC(=O)OC1COC2C([*])COC12,Egc,6.2569
5139,[*]OC(=O)OCCCCOC(=O)OC1COC2C([*])COC12,Egc,6.0817
5140,[*]OC(=O)OCCOCCOC(=O)OC1COC2C([*])COC12,Egc,6.7043
5141,[*]OC(=O)OCCOCCOC(=O)OC1COC2C([*])COC12,Egcr,6.5378
5142,[*]OC(=O)OCCOCCOCCOC(=O)OC1COC2C([*])COC12,Egc,6.1949
5143,[*]OC(=O)OCCOCCOCCOCCOC(=O)OC1COC2C([*])COC12,Egc,5.9406
5144,[*]OC(C([*])=O)C(C)C,Egc,5.7085
5145,[*]OC(C)(C)C([*])=O,Egc,5.6612
5146,[*]OC(C)(C)C([*])=O,eib,3.112174036
5147,[*]OC(C)(C)C(F)(F)C(F)(F)OCCOCCC1CC1[*],Egc,5.8237
5148,[*]OC(C)(CC([*])=O)C(F)(F)F,Egc,6.2678
5149,[*]OC(C)(CC([*])=O)C(F)(F)F,eib,2.849216868
5150,[*]OC(C)C#CC#CC(C)OC(=O)c1ccc(C([*])=O)cc1,Egc,4.2677
5151,[*]OC(C)C#CC#CC(C)OC(=O)c1ccc(C([*])=O)cc1,eib,2.955620479
5152,[*]OC(C)C([*])=O,Egc,5.8576
5153,[*]OC(C)C([*])=O,eib,2.948255212
5154,[*]OC(C)C([*])C,Egc,5.5235
5155,[*]OC(C)C(=O)NC(C)C([*])=O,Egc,5.3712
5156,[*]OC(C)C(=O)NC(C)C([*])=O,eib,2.75251661
5157,[*]OC(C)C(=O)OCC([*])=O,Egc,6.0565
5158,[*]OC(C)C(=O)OCC([*])=O,eib,2.750158455
5159,[*]OC(C)C(C)Oc1cc([*])nc2ccc(C)cc12,Egc,3.9147
5160,[*]OC(C)CC([*])=O,Egc,6.5552
5161,[*]OC(C)CCC(C)OC(=O)CCCCC([*])=O,Egc,6.4235
5162,[*]OC(C)CCC(C)OC(=O)CCCCCCCCC([*])=O,Egc,5.8308
5163,[*]OC(C)CCCC(C)C([*])=O,Egc,6.5048
5164,[*]OC(C)CCCCC([*])=O,Egc,6.4216
5165,[*]OC(C)CCCCC([*])=O,eib,3.400336737
5166,[*]OC(C)CCOC(=O)C([*])=O,Egc,5.7373
5167,[*]OC(C)CCOC(=O)c1ccc(-c2ccc(C([*])=O)cc2)cc1,Egc,4.2106
5168,[*]OC(C)CCOC(=O)c1cccc(C([*])=O)c1,Egc,4.3109
5169,[*]OC(C)CCOC(=O)c1cccc(C([*])=O)c1,eib,2.138446754
5170,[*]OC(C)CCOC(=O)CC([*])=O,Egc,6.7779
5171,[*]OC(C)CCOC(=O)CCC([*])=O,Egc,6.3305
5172,[*]OC(C)CCOC(=O)CCCC([*])=O,Egc,6.6901
5173,[*]OC(C)CCOC(=O)CCCCC([*])=O,Egc,6.64
5174,[*]OC(C)CCOC(=O)CCCCCC([*])=O,Egc,6.5532
5175,[*]OC(C)CCOC(=O)CCCCCCCC([*])=O,Egc,6.6135
5176,[*]OC(C)CCOC(=O)CCCCCCCCC([*])=O,Egc,6.7075
5177,[*]OC(C)CCOC(=O)CCCCCCCCCCC([*])=O,Egc,6.7191
5178,[*]OC(C)CCOC(=O)CCCCS(=O)(=O)CCCCC([*])=O,Egc,6.4951
5179,[*]OC(C)CCOC(=O)CCCCS(=O)(=O)CCCCC([*])=O,Egcr,6.2709
5180,[*]OC(C)CCOC(=O)CCCCSCCCCC([*])=O,Egc,5.3799
5181,[*]OC(C)CCOC(=O)COCC([*])=O,Egc,5.7665
5182,[*]OC(C)CNC(=O)CC([*])C,Egc,5.8625
5183,[*]OC(C)COC([*])=O,Egc,6.8711
5184,[*]OC(C)COC([*])=O,eib,3.99057543
5185,[*]OC(C)COC(=O)C([*])=O,Egc,5.229
5186,[*]OC(C)COC(=O)C([*])=O,eib,2.277898133
5187,[*]OC(C)COC(=O)C=C(CC([*])=O)c1cc(C)ccc1OC,Egc,3.9576
5188,[*]OC(C)COC(=O)C=C(CC([*])=O)c1cc(C)ccc1OC,eib,2.904681297
5189,[*]OC(C)COC(=O)c1ccc(C([*])=O)cc1,Egc,4.3271
5190,[*]OC(C)COC(=O)C1CCC(C([*])=O)CC1,Egc,6.3591
5191,[*]OC(C)COC(=O)c1ccc(-c2ccc(C([*])=O)cc2)cc1,Egc,4.0523
5192,[*]OC(C)COC(=O)c1cccc(C([*])=O)c1,Egc,4.6597
5193,[*]OC(C)COC(=O)Cc1ccc(CC([*])=O)cc1,Egc,5.1711
5194,[*]OC(C)COC(=O)CCC([*])=O,Egc,6.7151
5195,[*]OC(C)COC(=O)CCCC([*])=O,Egc,6.5458
5196,[*]OC(C)COC(=O)CCCCC([*])=O,Egc,6.5294
5197,[*]OC(C)COC(=O)CCCCC([*])=O,Egcr,6.5974
5198,[*]OC(C)COC(=O)CCCCCC([*])=O,Egc,6.3486
5199,[*]OC(C)COC(=O)CCCCCCC([*])=O,Egc,6.5116
5200,[*]OC(C)COC(=O)CCCCCCCC([*])=O,Egc,6.6887
5201,[*]OC(C)COC(=O)CCCCCCCCC([*])=O,Egc,6.9368
5202,[*]OC(C)COC(=O)CCCCS(=O)(=O)CCCCC([*])=O,Egc,6.5041
5203,[*]OC(C)COC(=O)CCCCS(=O)(=O)CCCCC([*])=O,Egcr,6.4017
5204,[*]OC(C)COC(=O)CCCCS(=O)(=O)CCCCC([*])=O,eib,3.547238098
5205,[*]OC(C)COC(=O)COCC([*])=O,Egc,6.1342
5206,[*]OC(C)COC(C)COC(=O)c1ccc(C([*])=O)cc1,Egc,4.3685
5207,[*]OC(C=C)CC([*])=O,Egc,6.23
5208,[*]OC(C=C)CC([*])=O,eib,3.559432026
5209,[*]OC(c1ccc(Cl)cc1)C(C)(C)C([*])=O,Egc,4.9686
5210,[*]OC(c1ccc(Cl)cc1)C(C)(C)C([*])=O,eib,3.572768981
5211,[*]OC(c1ccc(OC)cc1)C(C)(C)C([*])=O,Egc,4.5448
5212,[*]OC(c1ccc(OC)cc1)C(C)(C)C([*])=O,Egcr,4.5832
5213,[*]OC(c1ccc(OC)cc1)C(C)(C)C([*])=O,eib,3.943345419
5214,[*]OC(c1cccc([N+](=O)[O-])c1)C(C)(C)C([*])=O,Egc,4.5099
5215,[*]OC(c1cccc([N+](=O)[O-])c1)C(C)(C)C([*])=O,Egcr,3.7458
5216,[*]OC(c1cccc([N+](=O)[O-])c1)C(C)(C)C([*])=O,eib,1.423136119
5217,[*]OC(c1ccccc1)C(C)(C)C([*])=O,Egc,5.3988
5218,[*]OC(c1ccccc1)C(C)(C)C([*])=O,eib,4.249461732
5219,[*]OC(c1ccco1)C(C)(C)C([*])=O,Egc,5.3981
5220,[*]OC(CC([*])=O)C(C)(Cl)Cl,Egc,6.4071
5221,[*]OC(CC([*])=O)C(C)C,Egc,6.8886
5222,[*]OC(CC([*])=O)C(Cl)(Cl)Cl,Egc,5.4848
5223,[*]OC(CC([*])=O)C(Cl)(Cl)Cl,eib,3.148360984
5224,[*]OC(CC([*])=O)C(Cl)Cl,Egc,5.8216
5225,[*]OC(CC([*])=O)C1CCC=CO1,Egc,4.8038
5226,[*]OC(CC([*])=O)C1CO1,Egc,6.7174
5227,[*]OC(CC([*])=O)C1CO1,Egcr,6.1493
5228,[*]OC(CC(C)C)C([*])=O,Egc,6.0332
5229,[*]OC(CC(C)C)C([*])=O,Egcr,5.8529
5230,[*]OC(CC)(CC)C([*])=O,Egc,5.8573
5231,[*]OC(CC)(CC)C([*])=O,eib,3.31281201
5232,[*]OC(CC)C([*])=O,Egc,5.9716
5233,[*]OC(CC)C([*])=O,eib,3.007292725
5234,[*]OC(CC)CC([*])=O,Egc,6.3681
5235,[*]OC(CCc1ccccc1)CC([*])=O,Egc,5.449
5236,[*]OC(CCCCC)CC([*])=O,Egc,6.4777
5237,[*]OC(CCCCCC)CC([*])=O,Egc,6.6912
5238,[*]OC(CCCCCCC=C)CC([*])=O,Egc,6.0438
5239,[*]OC(CCCCCCC=C)CC([*])=O,Egcr,5.5852
5240,[*]OC(CCl)CC([*])=O,Egc,6.7664
5241,[*]OC(CCl)CC([*])=O,eib,3.902104741
5242,[*]OC(CCl)COC(=O)C1=C(C(=O)OCC(CCl)OC(=O)c2ccc(C([*])=O)cc2)C2C=CC1C2,Egc,4.117
5243,[*]OC(CCl)COC(=O)C1=C(C(=O)OCC(CCl)OC(=O)c2ccc(C([*])=O)cc2)C2C=CC1C2,eib,1.779989647
5244,[*]OC(CCOc1ccccc1)CC([*])=O,Egc,3.7197
5245,[*]OC(COC([*])=O)COC(C)(C)C,Egc,6.0478
5246,[*]OC(COC([*])=O)COc1ccccc1,Egc,5.3091
5247,[*]OC(COC(=O)Nc1ccc(Cc2ccc(NC([*])=O)cc2)cc1)c1ccco1,Egc,4.2202
5248,[*]OC(COC(=O)Nc1ccc(Cc2ccc(NC([*])=O)cc2)cc1)c1ccco1,eib,3.259983139
5249,[*]OC(COC(F)(C(F)(F)F)C(F)(F)F)C([*])COC(F)(C(F)(F)F)C(F)(F)F,Egc,6.2936
5250,[*]OC(COc1ccccc1)CC([*])=O,Egc,4.3685
5251,[*]OC(COCCCC)COC([*])=O,Egc,6.2574
5252,[*]OC(COCCOC)COC([*])=O,Egc,5.976
5253,[*]OC(F)(C([*])(F)F)C(F)(F)F,Egc,8.3828
5254,[*]OC(F)(C([*])(F)F)C(F)(F)F,eib,3.713446779
5255,[*]OC(F)(F)C([*])(F)F,Egc,9.8351
5256,[*]OC(F)(F)C([*])(F)F,Egcr,10.1137
5257,[*]OC(F)(F)C([*])(F)F,eib,4.426752075
5258,[*]OC(F)(F)C(F)(F)C([*])(F)F,Egc,9.3031
5259,[*]OC(F)(F)C(F)(F)C([*])(F)F,Egcr,9.1214
5260,[*]OC(F)(F)C(F)(F)C([*])(F)F,eib,3.929099729
5261,[*]OC(F)(F)C(F)(F)C(F)(F)C([*])(F)F,Egc,8.8881
5262,[*]OC(F)(F)C(F)(F)C(F)(F)C([*])(F)F,Egcr,8.7307
5263,[*]OC(F)(F)C(F)(F)C(F)(F)C([*])(F)F,eib,3.517156839
5264,[*]OC(F)(F)COC(=O)c1cccc(C(=O)OCC([*])(F)F)c1,Egc,4.4051
5265,[*]OC(F)(F)COC(=O)c1cccc(C(=O)OCC([*])(F)F)c1,eib,2.098093181
5266,[*]OC(F)(F)OC(F)(F)C([*])(F)F,Egc,9.68
5267,[*]OC(F)(F)OC(F)(F)C([*])(F)F,eib,4.442767246
5268,[*]OC1(C)CC(C)(C)C(C)(N2CCCC([*])C2)C1C,Egc,4.5909
5269,[*]OC1(C)CCC([*])CC1CCCCCCCC,Egc,5.4197
5270,[*]OC1(F)C(C)C(C)(C2(Cl)CNCNC2[*])CC1(C)C,Egc,5.143
5271,[*]OC1(F)C(C)C(C)(C2(Cl)CNCNC2[*])CC1(C)C,eib,3.33864292
5272,[*]OC1(F)CC(C([*])C)C1C(F)(F)C1(F)CC1,Egc,7.1864
5273,[*]OC1(O)CCCC([*])C1,Egc,6.2763
5274,[*]OC1(O)CCCC([*])C1,eib,3.975077577
5275,[*]OC1=CC(=O)C([*])=CC1=O,Egc,3.0549
5276,[*]OC1=CC(=O)C([*])=CC1=O,eib,-0.148808191
5277,[*]Oc1c([2H])c([2H])c(C(c2c([2H])c([2H])c(OC([*])=O)c([2H])c2[2H])(C([2H])([2H])[2H])C([2H])([2H])[2H])c([2H])c1[2H],Egc,4.8802
5278,[*]Oc1c(Br)cc([*])cc1Br,Egc,4.4036
5279,[*]Oc1c(Br)cc([*])cc1Br,eib,2.676643375
5280,[*]Oc1c(Br)cc(C(C)(C)c2cc(Br)c(OC([*])=O)c(Br)c2)cc1Br,Egc,4.7586
5281,[*]Oc1c(Br)cc(C(c2cc(Br)c(OC([*])=O)c(Br)c2)(C(F)(F)F)C(F)(F)F)cc1Br,Egc,4.1483
5282,[*]Oc1c(Br)cc(C2(c3cc(Br)c(OC([*])=O)c(Br)c3)CC3CCC2C3)cc1Br,Egc,4.6357
5283,[*]Oc1c(C(C)C)cc([*])cc1C(C)C,Egc,5.2366
5284,[*]Oc1c(C(C)C)cc(C([*])=O)cc1C(C)C,Egc,4.6528
5285,[*]OC1C(C)(C)C([*])C1(C)C,Egc,5.3086
5286,[*]OC1C(C)(C)C([*])C1(C)C,eib,3.763703581
5287,[*]OC1C(C)(C)C(OC([*])=O)C1(C)C,Egc,6.1846
5288,[*]OC1C(C)(C)C(OC([*])=O)C1(C)C,Egcr,6.9495
5289,[*]OC1C(C)(C)C(OC([*])=O)C1(C)C,eib,4.06772562
5290,[*]OC1C(C)(C)C(OC(=O)c2ccc(C([*])=O)cc2)C1(C)C,Egc,4.6397
5291,[*]OC1C(C)(C)C(OC(=O)C2CCC(C([*])=O)CC2)C1(C)C,Egc,6.3802
5292,[*]OC1C(C)(C)C(OC(=O)c2ccc(C([*])=O)cc2)C1(C)C,eib,2.071798105
5293,[*]Oc1c(C)c(C)c(Oc2ccc(NC(=O)c3ccc(C(=O)Nc4ccc([*])cc4)cc3)cc2)c(C)c1C,Egc,3.2654
5294,[*]Oc1c(C)cc([*])cc1C,Egc,4.5131
5295,[*]Oc1c(C)cc([*])cc1C,eib,3.512820771
5296,[*]Oc1c(C)cc([*])cc1C(C)CCC,Egc,4.2294
5297,[*]Oc1c(C)cc([*])cc1C(C)CCCC,Egc,4.226
5298,[*]Oc1c(C)cc([*])cc1C(C)CCCCC,Egc,4.1484
5299,[*]Oc1c(C)cc([*])cc1C(C)CCCCC,eib,3.554433454
5300,[*]Oc1c(C)cc([*])cc1C(C)CCCCCC,Egc,4.1665
5301,[*]Oc1c(C)cc([*])cc1C(C)CCCCCC,eib,3.611625748
5302,[*]Oc1c(C)cc([*])cc1C(C)CCCCCCCC,Egc,4.7507
5303,[*]Oc1c(C)cc([*])cc1-c1ccccc1,Egc,3.9034
5304,[*]Oc1c(C)cc(C(=O)c2ccc([*])cc2)cc1C,Egc,4.3374
5305,[*]Oc1c(C)cc(C(=O)c2ccc([*])cc2)cc1C,eib,2.368976312
5306,[*]Oc1c(C)cc(C(C)(C)c2cc(C)c(OC([*])=O)c(C)c2)cc1C,Egc,4.707
5307,[*]Oc1c(C)cc(C(C)(C)c2cc(C)c(OC([*])=O)c(C)c2)cc1C,eib,3.787716479
5308,[*]Oc1c(C)cc(C(C)(C)c2cc(C)c(OC([*])=O)c(Cl)c2)cc1Cl,Egc,4.7294
5309,[*]Oc1c(C)cc(C(C)(C)c2cc(C)c(OC(=O)c3ccc(C([*])=O)cc3)c(C)c2)cc1C,Egc,2.8953
5310,[*]Oc1c(C)cc(C(C)(C)c2cc(C)c(OC(=O)c3ccc(C([*])=O)cc3)c(C)c2)cc1C,eib,1.858574286
5311,[*]Oc1c(C)cc(C(c2cc(C)c(OC([*])=O)c(C)c2)(C(F)(F)F)C(F)(F)F)cc1C,Egc,4.1871
5312,[*]Oc1c(C)cc(C2(c3cc(C)c(OC(=O)c4cc(C([*])=O)cc(C(C)(C)C)c4)c(C)c3)CC(C)CC(C)(C)C2)cc1C,Egc,2.9976
5313,[*]Oc1c(C)cc(C2(c3cc(C)c(OC(=O)c4cccc(C([*])=O)c4)c(C)c3)CCC3CCCCC3C2)cc1C,Egc,3.4436
5314,[*]Oc1c(C)cc(-c2cc(C)c(OC(=O)CCCCCC([*])=O)c(C)c2)cc1C,Egc,4.7046
5315,[*]Oc1c(C)cc(CC([*])C=C)cc1C,Egc,4.9348
5316,[*]Oc1c(C)cc(N=Nc2ccc(C([*])=O)cc2)cc1C,Egc,3.6143
5317,[*]Oc1c(C)cc(N=Nc2ccc(C([*])=O)cc2)cc1C,eib,1.749602832
5318,[*]Oc1c(-c2ccccc2)cc([*])cc1-c1ccc(C)cc1,Egc,4.1632
5319,[*]Oc1c(-c2ccccc2)cc([*])cc1-c1ccc(C)cc1,eib,3.292059335
5320,[*]Oc1c(-c2ccccc2)cc([*])cc1-c1cccc(C)c1,Egc,3.8434
5321,[*]Oc1c(-c2ccccc2)cc([*])cc1-c1cccc(C)c1,eib,2.98378058
5322,[*]Oc1c(-c2ccccc2)cc([*])cc1-c1ccccc1,Egc,3.8556
5323,[*]Oc1c(CC)cc([*])cc1-c1ccccc1,Egc,4.4322
5324,[*]Oc1c(CC)cc([*])cc1-c1ccccc1,eib,3.201147668
5325,[*]Oc1c(CCC)cc([*])cc1-c1ccccc1,Egc,3.9795
5326,[*]Oc1c(CCC)cc([*])cc1-c1ccccc1,eib,3.25940053
5327,[*]Oc1c(CCCCC)cc([*])cc1-c1ccccc1,Egc,4.6522
5328,[*]Oc1c(Cl)cc([*])cc1Br,Egc,4.2901
5329,[*]Oc1c(Cl)cc([*])cc1Cl,Egc,4.4578
5330,[*]Oc1c(Cl)cc([*])cc1Cl,eib,2.692763218
5331,[*]Oc1c(Cl)cc(C(C)(C)c2cc(Cl)c(OC([*])=O)c(Cl)c2)cc1Cl,Egc,4.6457
5332,[*]Oc1c(Cl)cc(C(C)(C)c2cc(Cl)c(OC(=O)CCCCC([*])=O)c(Cl)c2)cc1Cl,Egc,5.1374
5333,[*]Oc1c(Cl)cc(C(C)(C)c2cc(Cl)c(OC(=O)CCCCC([*])=O)c(Cl)c2)cc1Cl,eib,3.284279898
5334,[*]Oc1c(Cl)cc(C(c2cc(Cl)c(OC([*])=O)c(Cl)c2)C(Cl)(Cl)Cl)cc1Cl,Egc,4.4804
5335,[*]Oc1c(Cl)cc(C(c2cc(Cl)c(OC([*])=O)c(Cl)c2)C2CC3CCC2C3)cc1Cl,Egc,5.0002
5336,[*]Oc1c(Cl)cc(C2(c3cc(Cl)c(OC([*])=O)c(Cl)c3)CC3CC2C2CCCC32)cc1Cl,Egc,4.4278
5337,[*]Oc1c(Cl)cc(C2(c3cc(Cl)c(OC([*])=O)c(Cl)c3)CC3CCC2C3)cc1Cl,Egc,4.7964
5338,[*]Oc1c(Cl)cc(C2(c3cc(Cl)c(OC([*])=O)c(Cl)c3)CC3CCC2C3)cc1Cl,Egcr,4.6838
5339,[*]Oc1c(Cl)cc(C2(c3cc(Cl)c(OC([*])=O)c(Cl)c3)CCCCC2)cc1Cl,Egc,4.9569
5340,[*]Oc1c(Cl)cc(NC(=O)Nc2ccc(Cc3ccc(NC([*])=O)cc3)cc2)cc1Cl,Egc,4.2465
5341,[*]Oc1c(Cl)cc(NC(=O)NCCCCCCNC([*])=O)cc1Cl,Egc,4.9392
5342,[*]OC1C(CO)OC([*])C(N)C1O,Egc,5.9066
5343,[*]OC1C(CO)OC([*])C(N)C1O,eib,4.227541716
5344,[*]OC1C(CO)OC([*])C(NC(C)=O)C1O,Egc,5.9874
5345,[*]OC1C(CO)OC([*])C(O)C1O,Egc,5.7633
5346,[*]OC1C(COC(C)=O)OC([*])C(OC(C)=O)C1O,Egc,5.5862
5347,[*]OC1C(COC(C)=O)OC([*])C(OC(C)=O)C1O,eib,3.978980667
5348,[*]OC1C(COC(C)=O)OC([*])C(OC(C)=O)C1OC(C)=O,Egc,5.8073
5349,[*]OC1C(COC(C)=O)OC([*])C(OC(C)=O)C1OC(C)=O,eib,4.514595141
5350,[*]OC1C(COCC(=O)O)OC([*])C(O)C1O,Egc,6.4651
5351,[*]OC1C(COCO)OC([*])C(O)C1O,Egc,6.0101
5352,[*]OC1C(COCO)OC([*])C(O)C1O,eib,4.008295956
5353,[*]Oc1c(F)c(F)c(On2c(=O)c3cc4c(=O)n([*])c(=O)c4cc3c2=O)c(F)c1F,Egc,2.9852
5354,[*]Oc1c(F)c(F)c(S(=O)(=O)c2c(F)c(F)c(Oc3ccc(C(c4ccc([*])cc4)(C(F)(F)F)C(F)(F)F)cc3)c(F)c2F)c(F)c1F,Egc,3.4387
5355,[*]OC1C(O)C([*])OC(CO)C1O,Egc,6.9578
5356,[*]Oc1c(OC)cc([*])cc1OC,Egc,4.3423
5357,[*]Oc1c(OC)cc([*])cc1OC,eib,3.809057338
5358,[*]OC1C=CC([*])CC1,Egc,5.5705
5359,[*]OC1C=CC([*])CC1,eib,3.814915704
5360,[*]Oc1cc(Br)c(C(C)(C)c2c(Br)cc(OC([*])=O)cc2Br)c(Br)c1,Egc,4.3708
5361,[*]Oc1cc(Br)cc(Br)c1[*],Egc,3.8389
5362,[*]Oc1cc(Br)cc(Br)c1[*],eib,3.269355134
5363,[*]Oc1cc(C(=O)c2ccccc2)c(Oc2ccc([*])cc2)cc1C(=O)c1ccccc1,Egc,2.9644
5364,[*]Oc1cc(C(=O)c2ccccc2)c(Oc2ccc([*])cc2)cc1C(=O)c1ccccc1,eib,2.233235698
5365,[*]Oc1cc(C(C)(C)c2ccccc2)c(OC(=O)c2ccc(C([*])=O)cc2)cc1C(C)(C)c1ccccc1,Egc,3.4711
5366,[*]Oc1cc(C)c([*])c(C)c1Br,Egc,4.5478
5367,[*]Oc1cc(C)c([*])c(C)c1Br,eib,3.210908848
5368,[*]Oc1cc(C)c([*])cc1C,Egc,4.4406
5369,[*]Oc1cc(C)c([*])cc1C,eib,3.605312128
5370,[*]OC1CC(C)CC([*])O1,Egc,6.2981
5371,[*]Oc1cc(C)cc(OC(=O)c2cccc(C([*])=O)c2)c1,Egc,4.2802
5372,[*]OC1CC(c2ccccc2)CC([*])O1,Egc,5.7012
5373,[*]OC1CC(c2ccccc2)CC([*])O1,eib,4.151973871
5374,[*]Oc1cc(CC)cc(OC(=O)c2cccc(C([*])=O)c2)c1,Egc,4.5555
5375,[*]Oc1cc(CCC)cc(OC(=O)c2cccc(C([*])=O)c2)c1,Egc,3.3935
5376,[*]Oc1cc(CCCC)cc(OC(=O)c2cccc(C([*])=O)c2)c1,Egc,4.1472
5377,[*]Oc1cc(CCCC)cc(OC(=O)c2cccc(C([*])=O)c2)c1,eib,2.0178162
5378,[*]Oc1cc(CCCCCC)cc(OC(=O)c2cccc(C([*])=O)c2)c1,Egc,4.0349
5379,[*]Oc1cc(CCCCCC)cc(OC(=O)c2cccc(C([*])=O)c2)c1,eib,2.34612855
5380,[*]Oc1cc(CCCCCCCC)cc(OC(=O)c2cccc(C([*])=O)c2)c1,Egc,4.3424
5381,[*]Oc1cc(CCCCCCCCC)cc(OC(=O)c2cccc(C([*])=O)c2)c1,Egc,4.3277
5382,[*]Oc1cc(CCCCCCCCCCC)cc(OC(=O)c2cccc(C([*])=O)c2)c1,Egc,4.3966
5383,[*]Oc1cc(CCCCCCCCCCCCC)cc(OC(=O)c2cccc(C([*])=O)c2)c1,Egc,4.4853
5384,[*]Oc1cc(Cl)c(C(C)(C)c2c(Cl)cc(OC([*])=O)cc2Cl)c(Cl)c1,Egc,4.7509
5385,[*]Oc1cc(Cl)c(C(C)(C)c2c(Cl)cc(OC([*])=O)cc2Cl)c(Cl)c1,eib,3.175555814
5386,[*]Oc1cc(Cl)cc(Cl)c1[*],Egc,3.9114
5387,[*]Oc1cc(Cl)cc(Cl)c1[*],eib,3.665922453
5388,[*]Oc1cc(OC(=O)c2ccc(C=Nc3ccc(OCCCCCCOc4ccc(N=Cc5ccc(C([*])=O)cc5)cc4F)c(F)c3)cc2)c(Cl)cc1Cl,Egc,3.0348
5389,[*]Oc1cc(OC(=O)c2ccc(OCCCC)cc2)c(OC(=O)CCCC([*])=O)cc1OC(=O)c1ccc(OCCCC)cc1,Egc,3.9295
5390,[*]Oc1cc(OC)c([*])cc1OC,Egc,4.1411
5391,[*]Oc1cc(OC)c([*])cc1OC,eib,3.695404747
5392,[*]Oc1cc(Oc2ccc(C(C)(C)c3ccc([*])cc3)cc2)cc(C(=O)Oc2ccc(N=Nc3ccc(C#N)cc3)cc2)c1,Egc,3.0878
5393,[*]Oc1ccc([*])cc1,Egc,4.1373
5394,[*]Oc1ccc([*])cc1,eib,3.031670604
5395,[*]Oc1ccc(C([*])=O)cc1CCC,Egc,4.5421
5396,[*]Oc1ccc(C([*])=O)cc1CCCCCC,Egc,4.8293
5397,[*]Oc1ccc(C([*])=O)cc1CCCCCC,eib,2.554071591
5398,[*]Oc1ccc(C([*])=O)cc1CCCCCCCCCC,Egc,4.6014
5399,[*]Oc1ccc(C([*])=O)cc1CCCCCCCCCCCC,Egc,4.7301
5400,[*]Oc1ccc(C([*])=O)cc1Cl,Egc,4.5967
5401,[*]Oc1ccc(C([*])=O)cc1Cl,eib,1.942055204
5402,[*]Oc1ccc(C(=C(Cl)Cl)c2ccc(OC([*])=O)cc2)cc1,Egc,4.3471
5403,[*]Oc1ccc(C(=Nc2ccc(N=C(c3ccccc3)c3ccc(On4c(=O)c5c(F)c6c(=O)n([*])c(=O)c6c(F)c5c4=O)cc3)cc2)c2ccccc2)cc1,Egc,1.0253
5404,[*]Oc1ccc(C(=O)c2ccc([*])cc2)cc1,Egc,3.9333
5405,[*]Oc1ccc(C(=O)c2ccc([*])cc2)cc1,eib,2.060314712
5406,[*]Oc1ccc(C(=O)c2ccc(OC(=O)OC3C(C)(C)C(OC([*])=O)C3(C)C)cc2)cc1,Egc,4.5062
5407,[*]Oc1ccc(C(=O)c2cccc(C(=O)c3ccc([*])cc3)c2)cc1,Egc,3.9549
5408,[*]Oc1ccc(C(=O)c2cccc(C(=O)c3ccc([*])cc3)c2)cc1,eib,1.871336879
5409,[*]Oc1ccc(C(=O)CCCCC(=O)c2ccc(OC([*])=O)cc2)cc1,Egc,4.4774
5410,[*]Oc1ccc(C(=O)CCCCC(=O)c2ccc(OC([*])=O)cc2)cc1,eib,2.864881948
5411,[*]Oc1ccc(C(=O)CNc2cccc(NCC(=O)c3ccc([*])cc3)c2)cc1,Egc,3.1409
5412,[*]Oc1ccc(C(=O)CNCCCCCCCCNCC(=O)c2ccc([*])cc2)cc1,Egc,3.8264
5413,[*]Oc1ccc(C(=O)CNCCCNCC(=O)c2ccc([*])cc2)cc1,Egc,3.504
5414,[*]Oc1ccc(C(=O)CNCCNCC(=O)c2ccc([*])cc2)cc1,Egc,3.5485
5415,[*]Oc1ccc(C(=O)CNCCNCC(=O)c2ccc([*])cc2)cc1,eib,2.701998836
5416,[*]Oc1ccc(C(=O)CNNCC(=O)c2ccc([*])cc2)cc1,Egc,4.0817
5417,[*]Oc1ccc(C(=O)CNNCC(=O)c2ccc([*])cc2)cc1,eib,2.47860025
5418,[*]Oc1ccc(C(=O)Nc2cc(NC(=O)c3ccc([*])cc3)cc(-c3nc4ccccc4[nH]3)c2)cc1,Egc,3.4538
5419,[*]Oc1ccc(C(=O)Nc2ccc(Cc3ccc(NC(=O)c4ccc(Oc5nc([*])nc(Sc6ccccc6)n5)cc4)cc3)cc2)cc1,Egc,3.2006
5420,[*]Oc1ccc(C(=O)Nc2ccc(S(=O)(=O)c3ccc(NC(=O)c4ccc(Oc5nc([*])nc(Sc6ccccc6)n5)cc4)cc3)cc2)cc1,Egc,3.733
5421,[*]Oc1ccc(C(=O)Nc2ccc(SCCC([*])=O)cc2)cc1,Egc,3.9231
5422,[*]Oc1ccc(C(=O)NCC(C)(C)CCCNC(=O)c2ccc([*])cc2)cc1,Egc,4.6833
5423,[*]Oc1ccc(C(=O)NCCCCCCCCCCCCNC(=O)c2ccc([*])cc2)cc1,Egc,4.4458
5424,[*]Oc1ccc(C(=O)NNC(=O)c2ccc([*])cc2)cc1,Egc,4.3207
5425,[*]Oc1ccc(C(=O)NNC(=O)c2ccc([*])cc2)cc1,eib,2.898927245
5426,[*]Oc1ccc(C(=O)NNC(=O)c2cccc(C(=O)NNC(=O)c3ccc(OC(=O)c4cccc(C([*])=O)c4)cc3)c2)cc1,Egc,4.0535
5427,[*]Oc1ccc(C(=O)OC(=O)c2ccc([*])cc2)cc1,Egc,4.441
5428,[*]Oc1ccc(C(=O)OC(C)COC(=O)c2ccc(OC(=O)c3ccc(C([*])=O)cc3)cc2)cc1,Egc,3.8432
5429,[*]Oc1ccc(C(=O)Oc2ccc(Cc3ccc(OC(=O)c4ccc(OC(=O)c5ccc(C([*])=O)cc5)cc4)cc3)cc2)cc1,Egc,2.8593
5430,[*]Oc1ccc(C(=O)OCCCCCCCOC(=O)c2ccc(OC(=O)c3ccc(C([*])=O)cc3)cc2)cc1,Egc,4.0946
5431,[*]Oc1ccc(C(=O)OCCCCCCOC(=O)c2ccc([*])cc2)cc1,Egc,4.5512
5432,[*]Oc1ccc(C(=O)OCCCCCCOC(=O)c2ccc(OC(=O)c3ccc(C([*])=O)cc3)cc2)cc1,Egc,3.8344
5433,[*]Oc1ccc(C(=O)OCCCCCOC(=O)c2ccc(OC(=O)c3ccc(C([*])=O)cc3)cc2)cc1,Egc,3.6948
5434,[*]Oc1ccc(C(=O)OCCCCOC(=O)c2ccc([*])cc2)cc1,Egc,4.4175
5435,[*]Oc1ccc(C(=O)OCCCCOC(=O)c2ccc([*])cc2)cc1,eib,2.448031498
5436,[*]Oc1ccc(C(=O)OCCCCOC(=O)c2ccc(OC(=O)c3ccc(C([*])=O)cc3)cc2)cc1,Egc,3.8861
5437,[*]Oc1ccc(C(=O)OCCCOC(=O)c2ccc([*])cc2)cc1,Egc,4.4089
5438,[*]Oc1ccc(C(=O)OCCCOC(=O)c2ccc(OC(=O)c3ccc(C([*])=O)cc3)cc2)cc1,Egc,3.9791
5439,[*]Oc1ccc(C(=O)OCCOC(=O)c2ccc([*])cc2)cc1,Egc,3.7261
5440,[*]Oc1ccc(C(=O)OCCOC(=O)c2ccc([*])cc2)cc1,eib,3.146400946
5441,[*]Oc1ccc(C(=O)OCCOCCOC(=O)c2ccc(OC([*])=O)cc2)cc1,Egc,4.4942
5442,[*]Oc1ccc(C(C#N)(c2ccccc2)c2ccc(OC([*])=O)cc2)cc1,Egc,4.9282
5443,[*]Oc1ccc(C(C#N)(c2ccccc2)c2ccc(OC([*])=O)cc2)cc1,eib,2.884416758
5444,[*]Oc1ccc(C(C)(C)c2cc(Cl)c(OC([*])=O)c(Cl)c2)cc1,Egc,4.494
5445,[*]Oc1ccc(C(C)(C)c2ccc(C(C)(C)c3ccc(OC([*])=O)cc3)cc2)cc1,Egc,4.952
5446,[*]Oc1ccc(C(C)(C)c2ccc(OC([*])=O)c(C(C)C)c2)cc1C(C)C,Egc,4.8744
5447,[*]Oc1ccc(C(C)(C)c2ccc(OC([*])=O)c(C)c2)cc1C,Egc,4.6875
5448,[*]Oc1ccc(C(C)(C)c2ccc(OC([*])=O)c(C)c2)cc1C,eib,4.065412007
5449,[*]Oc1ccc(C(C)(C)c2ccc(OC([*])=O)c(CC)c2)cc1CC,Egc,4.7687
5450,[*]Oc1ccc(C(C)(C)c2ccc(OC([*])=O)c(Cl)c2)cc1,Egc,4.6926
5451,[*]Oc1ccc(C(C)(C)c2ccc(OC([*])=O)c(Cl)c2)cc1C,Egc,4.7674
5452,[*]Oc1ccc(C(C)(C)c2ccc(OC([*])=O)c(Cl)c2)cc1C,eib,3.294669466
5453,[*]Oc1ccc(C(C)(C)c2ccc(OC([*])=O)c(Cl)c2)cc1Cl,Egc,4.8941
5454,[*]Oc1ccc(C(C)(C)c2ccc(OC([*])=O)cc2)cc1,Egc,4.903
5455,[*]Oc1ccc(C(C)(C)c2ccc(OC([*])=S)cc2)cc1,Egc,3.7418
5456,[*]Oc1ccc(C(C)(C)c2ccc(OC(=O)C([*])=O)cc2)cc1,Egc,4.435
5457,[*]Oc1ccc(C(C)(C)c2ccc(OC(=O)C=CC([*])=O)cc2)cc1,Egc,3.2554
5458,[*]Oc1ccc(C(C)(C)c2ccc(OC(=O)c3c(Cl)c(Cl)c(C([*])=O)c(Cl)c3Cl)cc2)cc1,Egc,4.2598
5459,[*]Oc1ccc(C(C)(C)c2ccc(OC(=O)c3c(Cl)c(Cl)c(C([*])=O)c(Cl)c3Cl)cc2)cc1,eib,2.974792523
5460,[*]Oc1ccc(C(C)(C)c2ccc(OC(=O)c3c(F)c(F)c(C([*])=O)c(F)c3F)cc2)cc1,Egc,3.7039
5461,[*]Oc1ccc(C(C)(C)c2ccc(OC(=O)c3c(F)c(F)c(C([*])=O)c(F)c3F)cc2)cc1,eib,2.315841598
5462,[*]Oc1ccc(C(C)(C)c2ccc(OC(=O)c3ccc(C([*])=O)cc3)c(C(C)C)c2)cc1C(C)C,Egc,3.1936
5463,[*]Oc1ccc(C(C)(C)c2ccc(OC(=O)c3ccc(C([*])=O)cc3)cc2)cc1,Egc,3.5837
5464,[*]Oc1ccc(C(C)(C)c2ccc(OC(=O)C3CCC(C([*])=O)CC3)cc2)cc1,Egc,4.7657
5465,[*]Oc1ccc(C(C)(C)c2ccc(OC(=O)c3ccc(CC([*])=O)cc3)cc2)cc1,Egc,4.0652
5466,[*]Oc1ccc(C(C)(C)c2ccc(OC(=O)c3ccc(CC([*])=O)cc3)cc2)cc1,eib,2.443923888
5467,[*]Oc1ccc(C(C)(C)c2ccc(OC(=O)c3ccc(Cc4ccc(C([*])=O)cc4)cc3)cc2)cc1,Egc,3.8707
5468,[*]Oc1ccc(C(C)(C)c2ccc(OC(=O)c3cccc(C([*])=O)c3)cc2)cc1,Egc,3.7705
5469,[*]Oc1ccc(C(C)(C)c2ccc(OC(=O)CCC([*])=O)cc2)cc1,Egc,4.5269
5470,[*]Oc1ccc(C(C)(C)c2ccc(OC(=O)CCCCC([*])=O)cc2)cc1,Egc,5.0915
5471,[*]Oc1ccc(C(C)(C)c2ccc(OC(=O)CCCCC([*])=O)cc2)cc1,eib,3.78181613
5472,[*]Oc1ccc(C(C)(C)c2ccc(OC(=O)OCC3CCC(COC([*])=O)CC3)cc2)cc1,Egc,4.8708
5473,[*]Oc1ccc(C(C)(C)c2ccc(OC(=O)OCCCCOC([*])=O)cc2)cc1,Egc,4.8972
5474,[*]Oc1ccc(C(C)(C)c2ccc(OC(=O)OCCCCOC([*])=O)cc2)cc1,eib,3.463308089
5475,[*]Oc1ccc(C(C)(C)c2ccc(OC(=O)OCCCOC([*])=O)cc2)cc1,Egc,4.6438
5476,[*]Oc1ccc(C(C)(C)c2ccc(OC(=O)OCCN(CCOC([*])=O)c3ccc(OC)cc3)cc2)cc1,Egc,4.1438
5477,[*]Oc1ccc(C(C)(C)c2ccc(OC(=O)SCCCSC([*])=O)cc2)cc1,Egc,4.9443
5478,[*]Oc1ccc(C(C)(C)c2ccc(OC(=O)SCCCSC([*])=O)cc2)cc1,eib,3.10126109
5479,[*]Oc1ccc(C(C)(C)c2ccc(Oc3ccc([*])nn3)cc2)cc1,Egc,3.9499
5480,[*]Oc1ccc(C(C)(C)c2ccc(Oc3ccc([*])nn3)cc2)cc1,eib,2.444897044
5481,[*]Oc1ccc(C(C)(C)c2ccc(Oc3ccc(C(=O)c4ccc([*])cc4)cc3)cc2)cc1,Egc,3.8793
5482,[*]Oc1ccc(C(C)(C)c2ccc(Oc3cncc([*])n3)cc2)cc1,Egc,4.1925
5483,[*]Oc1ccc(C(C)(C)c2ccc(Oc3cncc([*])n3)cc2)cc1,eib,2.474112971
5484,[*]Oc1ccc(C(C)(C)c2ccc(Oc3nc([*])nc(Cl)n3)cc2)cc1,Egc,4.279
5485,[*]Oc1ccc(C(C)(C)c2ccc(Oc3nc([*])nc(OC)n3)cc2)cc1,Egc,5.1119
5486,[*]Oc1ccc(C(C)(C)c2ccc(Oc3nc([*])nc(OC)n3)cc2)cc1,eib,3.710065083
5487,[*]Oc1ccc(C(C)(c2ccc(Oc3ccc(C(=O)c4ccc([*])cc4)cc3)cc2)C(F)(F)F)cc1,Egc,4.011
5488,[*]Oc1ccc(C(C)(c2ccc(Oc3ccc(C(=O)c4ccc([*])cc4)cc3)cc2)C(F)(F)F)cc1,eib,2.456909165
5489,[*]Oc1ccc(C(C)(c2ccccc2)c2ccc(OC([*])=O)cc2)cc1,Egc,5.1057
5490,[*]Oc1ccc(C(C)(c2ccccc2)c2ccc(OC([*])=O)cc2)cc1,eib,3.455932109
5491,[*]Oc1ccc(C(C)(c2ccccc2)c2ccc(OC(=O)OC3C(C)(C)C(OC([*])=O)C3(C)C)cc2)cc1,Egc,5.0101
5492,[*]Oc1ccc(C(C)(CC(C)C)c2ccc(OC([*])=O)cc2)cc1,Egc,4.647
5493,[*]Oc1ccc(C(C)(CC)c2ccc(OC([*])=O)c(C)c2)cc1C,Egc,4.9006
5494,[*]Oc1ccc(C(C)(CC)c2ccc(OC([*])=O)c(Cl)c2)cc1Cl,Egc,4.6543
5495,[*]Oc1ccc(C(C)(CC)c2ccc(OC([*])=O)cc2)cc1,Egc,4.9403
5496,[*]Oc1ccc(C(C)(CCC#N)c2ccc(OC([*])=O)c(C)c2)cc1C,Egc,4.6886
5497,[*]Oc1ccc(C(C)(CCC#N)c2ccc(OC([*])=O)c(C)c2)cc1C,eib,3.228484536
5498,[*]Oc1ccc(C(C)(CCC#N)c2ccc(OC([*])=O)cc2)cc1,Egc,4.9054
5499,[*]Oc1ccc(C(C)(CCC(=O)O)c2ccc(OC(=O)c3cccc(C([*])=O)c3)c([N+](=O)[O-])c2)cc1[N+](=O)[O-],Egc,3.7042
5500,[*]Oc1ccc(C(C)(CCC)c2ccc(OC([*])=O)cc2)cc1,Egc,4.6663
5501,[*]Oc1ccc(C(C)(CCCC)c2ccc(OC([*])=O)cc2)cc1,Egc,4.8496
5502,[*]Oc1ccc(C(C)(CCCC)c2ccc(OC([*])=O)cc2)cc1,eib,3.272165558
5503,[*]Oc1ccc(C(C)=Cc2ccc(OC(=O)OCCCCCCOC([*])=O)cc2)cc1,Egc,4.2998
5504,[*]Oc1ccc(C(C)=Cc2ccc(OC(=O)OCCCCCOC([*])=O)cc2)cc1,Egc,4.0699
5505,[*]Oc1ccc(C(C)=Cc2ccc(OC(=O)OCCCCOC([*])=O)cc2)cc1,Egc,4.177
5506,[*]Oc1ccc(C(C)=Nc2ccc(N=C(C)c3ccc([*])cc3)cc2)cc1,Egc,2.9779
5507,[*]Oc1ccc(C(C)=Nc2ccc(N=C(C)c3ccc([*])cc3)cc2)cc1,eib,2.208455074
5508,[*]Oc1ccc(C(C)=Nc2ccccc2N=C(C)c2ccc([*])cc2)cc1,Egc,4.2147
5509,[*]Oc1ccc(C(C)=Nc2ccccc2N=C(C)c2ccc([*])cc2)cc1,eib,3.092099663
5510,[*]Oc1ccc(C(C)=NCCN=C(C)c2ccc([*])cc2)cc1,Egc,4.4147
5511,[*]Oc1ccc(C(C)=NN=C(C)c2ccc(OC(=O)CCCCCCCCC([*])=O)cc2)cc1,Egc,4.2541
5512,[*]Oc1ccc(C(C)c2ccc(OC([*])=O)c(C)c2)cc1C,Egc,5.0393
5513,[*]Oc1ccc(C(C)c2ccc(OC([*])=O)c(C)c2)cc1C,eib,3.416942292
5514,[*]Oc1ccc(C(C)c2ccc(OC([*])=O)cc2)cc1,Egc,4.5318
5515,[*]Oc1ccc(C(C)c2ccc(OC([*])=O)cc2)cc1,eib,3.764661508
5516,[*]Oc1ccc(C(C)c2ccc(OC(=O)c3ccc(Oc4ccc(C([*])=O)cc4)cc3)cc2)cc1,Egc,3.79
5517,[*]Oc1ccc(C(c2ccc(OC([*])=O)cc2)(C(F)(F)Cl)C(F)(F)Cl)cc1,Egc,4.421
5518,[*]Oc1ccc(C(c2ccc(OC([*])=O)cc2)(C(F)(F)F)C(F)(F)F)cc1,Egc,3.8346
5519,[*]Oc1ccc(C(c2ccc(OC([*])=O)cc2)C(C)C)cc1,Egc,4.6385
5520,[*]Oc1ccc(C(c2ccc(OC([*])=O)cc2)C(Cl)(Cl)Cl)cc1,Egc,4.4725
5521,[*]Oc1ccc(C(c2ccc(OC([*])=O)cc2)C(Cl)Cl)cc1,Egc,4.7047
5522,[*]Oc1ccc(C(c2ccc(OC([*])=O)cc2)C(Cl)Cl)cc1,eib,3.057282789
5523,[*]Oc1ccc(C(c2ccc(OC([*])=O)cc2)C2CC3CCC2C3)cc1,Egc,4.7159
5524,[*]Oc1ccc(C(c2ccc(OC([*])=O)cc2)C2CCCCC2)cc1,Egc,4.241
5525,[*]Oc1ccc(C(c2ccc(OC([*])=S)cc2)C(C)C)cc1,Egc,4.5279
5526,[*]Oc1ccc(C(c2ccc(OC(=O)c3ccc(C([*])=O)cc3)cc2)(C(F)(F)F)C(F)(F)F)cc1,Egc,4.1871
5527,[*]Oc1ccc(C(c2ccc(OC(=O)c3ccc(OCCCCCCCCCCOc4ccc(C([*])=O)cc4)cc3)cc2)(C(F)(F)F)C(F)(F)F)cc1,Egc,4.1771
5528,[*]Oc1ccc(C(c2ccc(OC(=O)c3cccc(C([*])=O)c3)cc2)C(Cl)(Cl)Cl)cc1,Egc,3.7183
5529,[*]Oc1ccc(C(c2ccc(OC(=O)c3cccc(C([*])=O)c3)cc2)C(Cl)(Cl)Cl)cc1,eib,1.90819194
5530,[*]Oc1ccc(C(c2ccccc2)(c2ccccc2)c2ccc(OC([*])=O)cc2)cc1,Egc,4.7943
5531,[*]Oc1ccc(C(c2ccccc2)(c2ccccc2)c2ccc(OC([*])=O)cc2)cc1,eib,3.136892049
5532,[*]Oc1ccc(C(c2ccccc2)(c2ccccc2)c2ccc(OC(=O)CCCCCCCCC([*])=O)cc2)cc1,Egc,4.7831
5533,[*]Oc1ccc(C(c2ccccc2)c2ccc(OC([*])=O)cc2)cc1,Egc,5.1036
5534,[*]Oc1ccc(C(c2ccccc2)c2ccc(OC([*])=O)cc2)cc1,eib,3.396645247
5535,[*]Oc1ccc(C(c2ccccc2)c2ccc(OC([*])=O)cc2C)c(C)c1,Egc,4.738
5536,[*]Oc1ccc(C(c2ccccc2)c2ccc(OC([*])=O)cc2C)c(C)c1,eib,3.425996084
5537,[*]Oc1ccc(C(c2ccccc2)c2ccc(OC(=O)c3ccc(C([*])=O)cc3)cc2)cc1,Egc,3.6355
5538,[*]Oc1ccc(C(c2ccccc2)c2ccc(OC(=O)c3cccc(C([*])=O)c3)cc2)cc1,Egc,3.5599
5539,[*]Oc1ccc(C(CC)(c2ccccc2)c2ccc(OC([*])=O)cc2)cc1,Egc,4.8841
5540,[*]Oc1ccc(C(CC)(c2ccccc2)c2ccc(OC([*])=O)cc2)cc1,eib,3.188831837
5541,[*]Oc1ccc(C(CC)(c2ccccc2)c2ccc(OC([*])=S)cc2)cc1,Egc,4.0661
5542,[*]Oc1ccc(C(CC)(c2ccccc2)c2ccc(OC(=O)CCCCCCCCC([*])=O)cc2)cc1,Egc,4.9385
5543,[*]Oc1ccc(C(CC)(c2ccccc2)c2ccc(OC(=O)CCCCCCCCC([*])=O)cc2)cc1,eib,3.568320814
5544,[*]Oc1ccc(C(CC)(CC)c2ccc(OC(=O)c3ccc(C([*])=O)cc3)cc2)cc1,Egc,3.2648
5545,[*]Oc1ccc(C(CC)(CC)c2ccc(OC(=O)c3cccc(C([*])=O)c3)cc2)cc1,Egc,3.4698
5546,[*]Oc1ccc(C(CC)c2ccc(OC([*])=O)cc2)cc1,Egc,4.9315
5547,[*]Oc1ccc(C(CC)c2ccc(OC([*])=O)cc2)cc1,Egcr,4.7325
5548,[*]Oc1ccc(C(CCC)(CCC)c2ccc(OC([*])=O)cc2)cc1,Egc,4.8089
5549,[*]Oc1ccc(C(CCC)(CCC)c2ccc(OC([*])=O)cc2)cc1,eib,3.622483847
5550,[*]Oc1ccc(C(CCC)c2ccc(OC([*])=O)cc2)cc1,Egc,4.6197
5551,[*]Oc1ccc(C(CCC)c2ccc(OC([*])=S)cc2)cc1,Egc,4.2521
5552,[*]Oc1ccc(C(CCCC)(CCCC)c2ccc(OC([*])=O)cc2)cc1,Egc,4.9185
5553,[*]OC1CCC(C=C)CC1[*],Egc,5.6074
5554,[*]OC1CCC(C=C)CC1[*],eib,4.273791233
5555,[*]Oc1ccc(C=C2CCC(=Cc3ccc([*])c([N+](=O)[O-])c3)C2=O)cc1[N+](=O)[O-],Egc,3.3368
5556,[*]Oc1ccc(C=C2CCCC(=Cc3ccc(OC(=O)CCCCC([*])=O)cc3)C2=O)cc1,Egc,3.4421
5557,[*]Oc1ccc(C=CC([*])=O)cc1,Egc,3.6215
5558,[*]Oc1ccc(C=Nc2ccc(N=Cc3ccc([*])cc3)cc2)cc1,Egc,2.9641
5559,[*]Oc1ccc(C=Nc2ccc(N=Cc3ccc([*])cc3)cc2)cc1,eib,1.868225589
5560,[*]Oc1ccc(C=Nc2ccc(N=Cc3ccc(Oc4ccc(C(c5ccccc5)(c5ccccc5)c5ccc([*])cc5)cc4)cc3)cc2)cc1,Egc,3.0005
5561,[*]Oc1ccc(C2(c3ccc(OC([*])=O)c(C)c3)CC3CCC2C3)cc1C,Egc,4.3462
5562,[*]Oc1ccc(C2(c3ccc(OC([*])=O)c(C)c3)CCCCC2)cc1C,Egc,4.5315
5563,[*]Oc1ccc(C2(c3ccc(OC([*])=O)c(Cl)c3)CC3CCC2C3)cc1Cl,Egc,4.342
5564,[*]Oc1ccc(C2(c3ccc(OC([*])=O)c(Cl)c3)CCCCC2)cc1Cl,Egc,4.8597
5565,[*]Oc1ccc(C2(c3ccc(OC([*])=O)cc3)c3cc(N(C)C)ccc3-c3ccc([N+](=O)[O-])cc32)cc1,Egc,2.6085
5566,[*]Oc1ccc(C2(c3ccc(OC([*])=O)cc3)c3cc(N(C)C)ccc3-c3ccc([N+](=O)[O-])cc32)cc1,eib,3.114897983
5567,[*]Oc1ccc(C2(c3ccc(OC([*])=O)cc3)c3cc(OC)ccc3-c3ccc([N+](=O)[O-])cc32)cc1,Egc,3.029
5568,[*]Oc1ccc(C2(c3ccc(OC([*])=O)cc3)c3ccccc3-c3ccccc32)cc1,Egc,4.4088
5569,[*]Oc1ccc(C2(c3ccc(OC([*])=O)cc3)CC(C)CC(C)(C)C2)cc1,Egc,4.6079
5570,[*]Oc1ccc(C2(c3ccc(OC([*])=O)cc3)CC(C)CC(C)(C)C2)cc1,eib,3.93154518
5571,[*]Oc1ccc(C2(c3ccc(OC([*])=O)cc3)CC3CCC2C3)cc1,Egc,4.5567
5572,[*]Oc1ccc(C2(c3ccc(OC([*])=O)cc3)CC3CCC2C3)cc1,eib,3.411834693
5573,[*]Oc1ccc(C2(c3ccc(OC([*])=O)cc3)CCc3ccccc32)cc1,Egc,4.7779
5574,[*]Oc1ccc(C2(c3ccc(OC([*])=O)cc3)CCc3ccccc32)cc1,eib,3.291280257
5575,[*]Oc1ccc(C2(c3ccc(OC([*])=O)cc3)CCCC2)cc1,Egc,4.691
5576,[*]Oc1ccc(C2(c3ccc(OC([*])=O)cc3)CCCCC2)cc1,Egc,4.5957
5577,[*]Oc1ccc(C2(c3ccc(OC([*])=O)cc3)CCCCCC2)cc1,Egc,5.2222
5578,[*]Oc1ccc(C2(c3ccc(OC([*])=O)cc3)CCCCCC2)cc1,eib,3.498378814
5579,[*]Oc1ccc(C2(c3ccc(OC(=O)c4ccc(C([*])=O)cc4)cc3)c3ccccc3C(=O)c3ccccc32)cc1,Egc,3.431
5580,[*]Oc1ccc(C2(c3ccc(OC(=O)c4ccc(C([*])=O)cc4)cc3)CC3CC2C2CCCC32)cc1,Egc,2.7731
5581,[*]Oc1ccc(C2(c3ccc(OC(=O)c4ccc(C([*])=O)cc4)cc3)CCC(C(C)(C)C)CC2)cc1,Egc,2.7988
5582,[*]Oc1ccc(C2(c3ccc(OC(=O)c4ccc(C([*])=O)cc4)cc3)CCc3ccccc32)cc1,Egc,3.1984
5583,[*]Oc1ccc(C2(c3ccc(OC(=O)c4cccc(C([*])=O)c4)c(C)c3)c3ccccc3-c3ccccc32)cc1C,Egc,3.5452
5584,[*]Oc1ccc(C2(c3ccc(OC(=O)c4cccc(C([*])=O)c4)c(C)c3)c3ccccc3-c3ccccc32)cc1C,Egcr,3.0176
5585,[*]Oc1ccc(C2(c3ccc(OC(=O)c4cccc(C([*])=O)c4)cc3)CCC3CCCCC3C2)cc1,Egc,3.5467
5586,[*]Oc1ccc(C2(c3ccc(OC(=O)CCCCCCCCC([*])=O)cc3)c3ccccc3Cc3ccccc32)cc1,Egc,4.5693
5587,[*]Oc1ccc(C2(c3ccc(OC(=O)OC4C(C)(C)C(OC([*])=O)C4(C)C)cc3)CC3CCC2C3)cc1,Egc,4.5809
5588,[*]Oc1ccc(C2(c3ccc(OC(=O)OC4C(C)(C)C(OC([*])=O)C4(C)C)cc3)CCC(C(C)(C)C)CC2)cc1,Egc,4.8454
5589,[*]Oc1ccc(C2(c3ccc(Oc4nc([*])nc(OC)n4)cc3)CCCCC2)cc1,Egc,4.2479
5590,[*]Oc1ccc(-c2ccc(C([*])=O)cc2)cc1,Egc,3.8982
5591,[*]Oc1ccc(-c2ccc(C([*])=O)cc2)cc1,eib,2.107427501
5592,[*]Oc1ccc(-c2ccc(C([*])=O)cc2)cc1Br,Egc,3.918
5593,[*]Oc1ccc(-c2ccc(C([*])=O)cc2)cc1Br,eib,1.725736132
5594,[*]Oc1ccc(-c2ccc(N=Nc3ccc(C([*])=O)cc3)cc2)cc1,Egc,3.4403
5595,[*]Oc1ccc(-c2ccc(OC(=O)c3cccc(C([*])=O)c3)cc2)cc1,Egc,3.6206
5596,[*]Oc1ccc(-c2ccc(OC(=O)c3cccc(C([*])=O)c3)cc2)cc1,eib,1.855493408
5597,[*]Oc1ccc(-c2ccc(OC(=O)c3cccc(Oc4ccc(C([*])=O)cc4)c3)cc2)cc1,Egc,3.6672
5598,[*]Oc1ccc(-c2ccc(OC(=O)c3cccc(Oc4cccc(C([*])=O)c4)c3)cc2)cc1,Egc,3.4375
5599,[*]Oc1ccc(-c2ccc(OC(=O)CCCCCC([*])=O)cc2)cc1,Egc,4.4404
5600,[*]Oc1ccc(-c2ccc(OC(=O)CCCCCC([*])=O)cc2)cc1,eib,3.280135853
5601,[*]Oc1ccc(-c2ccc(OC(=O)CCCCCCC([*])=O)cc2)cc1,Egc,4.188
5602,[*]OC1CCC(C2CCC(OC(=O)CCCCCCCCC([*])=O)CC2)CC1,Egc,6.3761
5603,[*]Oc1ccc(-c2ccc(OC(=O)CCCCCCCCC([*])=O)cc2)cc1,Egc,4.6871
5604,[*]OC1CCC(C2CCC(OC(=O)CCCCCCCCCC([*])=O)CC2)CC1,Egc,6.5
5605,[*]OC1CCC(C2CCC(OC(=O)CCCCCCCCCC([*])=O)CC2)CC1,eib,3.888851294
5606,[*]OC1CCC(C2CCC(OC(=O)CCCCCCCCCCC([*])=O)CC2)CC1,Egc,6.3608
5607,[*]OC1CCC(C2CCC(OC(=O)CCCCCCCCCCC([*])=O)CC2)CC1,eib,4.019562931
5608,[*]OC1CCC(C2CCC(OC(=O)CCCCCCCCCCCC([*])=O)CC2)CC1,Egc,6.4319
5609,[*]OC1CCC(C2CCC(OC(=O)CCCCCCCCCCCC([*])=O)CC2)CC1,eib,3.889824913
5610,[*]Oc1ccc(-c2ccc(OC(=O)CCCCCCCCCCCC([*])=O)cc2)cc1,Egc,4.4465
5611,[*]Oc1ccc(-c2ccc(OC(=O)Nc3cccc(P(=O)(c4ccccc4)c4cccc(NC([*])=O)c4)c3)cc2)cc1,Egc,4.1088
5612,[*]Oc1ccc(-c2ccc(Oc3ccc(C(=O)c4ccc([*])cc4)cc3)cc2)cc1,Egc,3.4073
5613,[*]Oc1ccc(-c2ccc(Oc3ccc(C(=O)c4ccc([*])cc4)cc3)cc2)cc1,eib,2.854081814
5614,[*]Oc1ccc(-c2ccc(Oc3ccc(C(C)(C)c4ccc([*])cc4)cc3)cc2)cc1,Egc,4.3326
5615,[*]Oc1ccc(-c2ccc(Oc3ccc(C(C)(C)c4ccc([*])cc4)cc3)cc2)cc1,eib,3.311099809
5616,[*]Oc1ccc(-c2ccc(Oc3cccc([*])n3)cc2)cc1,Egc,3.9729
5617,[*]Oc1ccc(CC([*])=O)cc1,Egc,4.7696
5618,[*]Oc1ccc(CC([*])=O)cc1,eib,2.712675435
5619,[*]Oc1ccc(CC(C#N)(C#N)Cc2ccc([*])cc2)cc1,Egc,4.9665
5620,[*]Oc1ccc(CC(C#N)(Cc2ccc([*])cc2)c2ccccc2)cc1,Egc,4.7079
5621,[*]Oc1ccc(CC(Cc2ccc([*])cc2)(C(=O)OCC)C(=O)OCC)cc1,Egc,4.4566
5622,[*]Oc1ccc(CC(NC(=O)Cc2ccc(OC(=O)CC(C)CCC([*])=O)cc2)C(=O)OCCCCCC)cc1,Egc,4.7724
5623,[*]Oc1ccc(CC(NC(=O)Cc2ccc(OC(=O)CC(C)CCC([*])=O)cc2)C(=O)OCCCCCC)cc1,eib,3.851857659
5624,[*]Oc1ccc(CC(NC(=O)Cc2ccc(OC(=O)CC(C)CCC([*])=O)cc2)C(=O)OCCCCCCCC)cc1,Egc,5.2132
5625,[*]Oc1ccc(CC(NC(=O)CCc2ccc(OC([*])=O)cc2)C(=O)OCC)cc1,Egc,4.8337
5626,[*]Oc1ccc(CC(NC(=O)CCc2ccc(OC(=O)CC(C)CCC([*])=O)cc2)C(=O)OC(C)CC)cc1,Egc,5.1178
5627,[*]Oc1ccc(CC(NC(=O)CCc2ccc(OC(=O)CCC([*])=O)cc2)C(=O)OC(C)CC)cc1,Egc,4.8266
5628,[*]Oc1ccc(CC(NC(=O)CCc2ccc(OC(=O)CCC([*])=O)cc2)C(=O)OCCCCCC)cc1,Egc,5.1694
5629,[*]Oc1ccc(CC(NC(=O)CCc2ccc(OC(=O)CCCC([*])=O)cc2)C(=O)OCCOCCOCC)cc1,Egc,4.5719
5630,[*]Oc1ccc(CC(NC(=O)CCc2ccc(OC(=O)CCCCCCC([*])=O)cc2)C(=O)OC(C)C)cc1,Egc,4.8967
5631,[*]Oc1ccc(CC(NC(=O)CCc2ccc(OC(=O)CCCCCCC([*])=O)cc2)C(=O)OC)cc1,Egc,4.8286
5632,[*]Oc1ccc(CC(NC(=O)CCc2ccc(OC(=O)CCCCCCC([*])=O)cc2)C(=O)OCC(C)C)cc1,Egc,4.5847
5633,[*]Oc1ccc(CC(NC(=O)CCc2ccc(OC(=O)CCCCCCC([*])=O)cc2)C(=O)OCC)cc1,Egc,5.1441
5634,[*]Oc1ccc(CC(NC(=O)CCc2ccc(OC(=O)CCCCCCC([*])=O)cc2)C(=O)OCCCCCCCCCCCC)cc1,Egc,5.161
5635,[*]Oc1ccc(CC(NC(=O)CCc2ccc(OC(=O)COCCOCC([*])=O)cc2)C(=O)OC)cc1,Egc,4.825
5636,[*]Oc1ccc(Cc2ccc([*])cc2)cc1,Egc,4.865
5637,[*]Oc1ccc(Cc2ccc([*])cc2)cc1,eib,2.972654987
5638,[*]Oc1ccc(Cc2ccc(Cc3ccc(OC([*])=O)cc3)cc2)cc1,Egc,4.6825
5639,[*]Oc1ccc(Cc2ccc(Cc3ccc(OC([*])=O)cc3)cc2)cc1,eib,3.239710619
5640,[*]Oc1ccc(Cc2ccc(OC([*])=O)c(C)c2)cc1C,Egc,5.2009
5641,[*]Oc1ccc(Cc2ccc(OC([*])=O)cc2)cc1,Egc,4.6933
5642,[*]Oc1ccc(Cc2ccc(OC([*])=O)cc2)cc1,eib,3.665401694
5643,[*]Oc1ccc(Cc2ccc(OC(=O)c3ccc(C(C)(C)c4ccc(C([*])=O)cc4)cc3)cc2)cc1,Egc,3.9978
5644,[*]Oc1ccc(Cc2ccc(OC(=O)c3cccc(C([*])=O)c3)cc2)cc1,Egc,3.6094
5645,[*]Oc1ccc(Cc2ccc(OC(=O)c3cccc(C([*])=O)c3)cc2)cc1,eib,1.596841083
5646,[*]Oc1ccc(Cc2ccc(OC(=O)OCC3CCC(COC([*])=O)CC3)cc2)cc1,Egc,5.0983
5647,[*]Oc1ccc(Cc2ccc(OC(=O)OCC3CCC(COC([*])=O)CC3)cc2)cc1,eib,3.143603961
5648,[*]Oc1ccc(CCc2ccc(OC([*])=O)cc2)cc1,Egc,5.3771
5649,[*]Oc1ccc(CCCCCCc2ccc(OC(=O)CCC([*])=O)cc2)cc1,Egc,4.671
5650,[*]Oc1ccc(CCCCCCc2ccc(OC(=O)CCC([*])=O)cc2)cc1,eib,3.394276427
5651,[*]Oc1ccc(CCNC(=O)c2cccc(C([*])=O)c2)cc1,Egc,4.0506
5652,[*]Oc1ccc(N=C2c3ccccc3C(=Nc3ccc([*])cc3)c3ccccc32)cc1,Egc,2.2831
5653,[*]Oc1ccc(N=CC=Nc2ccc(OC(=O)Nc3cc(NC([*])=O)ccc3C)cc2)cc1,Egc,3.6227
5654,[*]Oc1ccc(N=Cc2ccc(N(c3ccccc3)c3ccc(C=Nc4ccc([*])cc4)cc3)cc2)cc1,Egc,2.8042
5655,[*]Oc1ccc(N=CCCCC=Nc2ccc(OC(=O)Nc3cc(NC([*])=O)ccc3C)cc2)cc1,Egc,4.5321
5656,[*]Oc1ccc(N=CCCCC=Nc2ccc(OC(=O)Nc3cc(NC([*])=O)ccc3C)cc2)cc1,eib,2.564014551
5657,[*]Oc1ccc(N=CNc2ccc([*])cc2)cc1,Egc,3.9857
5658,[*]Oc1ccc(N=CNc2ccc([*])cc2)cc1,eib,3.294368236
5659,[*]Oc1ccc(N=Nc2ccc([*])cc2)cc1,Egc,3.3958
5660,[*]Oc1ccc(N=Nc2ccc([*])cc2)cc1,eib,2.152883603
5661,[*]Oc1ccc(N=Nc2ccc(C([*])=O)cc2)c2ccccc12,Egc,2.6854
5662,[*]Oc1ccc(N=Nc2ccc(C([*])=O)cc2)cc1C,Egc,2.9862
5663,[*]Oc1ccc(N=Nc2ccc(C([*])=O)cc2)cc1C,eib,1.144290937
5664,[*]OC1CCC(NC([*])=O)CC1,Egc,6.3762
5665,[*]Oc1ccc(NC(=C(C#N)C#N)c2ccc(C(Nc3ccc([*])cc3)=C(C#N)C#N)cc2)cc1,Egc,2.8817
5666,[*]Oc1ccc(NC(=C(C#N)C#N)c2ccc(C(Nc3ccc([*])cc3)=C(C#N)C#N)cc2)cc1,eib,1.262542885
5667,[*]Oc1ccc(NC(=C(C#N)C#N)c2ccc(-c3ccc(-c4ccc(C(Nc5ccc([*])cc5)=C(C#N)C#N)cc4)cc3)cc2)cc1,Egc,3.7824
5668,[*]Oc1ccc(NC(=C(C#N)C#N)c2ccc3cc(C(Nc4ccc([*])cc4)=C(C#N)C#N)ccc3c2)cc1,Egc,3.062
5669,[*]Oc1ccc(NC(=C(C#N)C#N)c2ccc3cc(C(Nc4ccc([*])cc4)=C(C#N)C#N)ccc3c2)cc1,eib,1.444711729
5670,[*]Oc1ccc(NC(=O)c2cc(C(=O)Nc3ccc([*])cc3)cc(S(=O)(=O)c3ccccc3)c2)cc1,Egc,3.3654
5671,[*]Oc1ccc(NC(=O)c2cc(C(=O)Nc3ccc(Oc4ccc(C5(c6ccc([*])cc6)CC6CCC5C6)cc4)cc3)cc(C(C)(C)C)c2)cc1,Egc,3.6681
5672,[*]Oc1ccc(NC(=O)c2cc(NC(=O)C34CC5CC(CC(C5)C3)C4)cc(C(=O)Nc3ccc([*])cc3)c2)cc1,Egc,3.6392
5673,[*]Oc1ccc(NC(=O)c2cc(NC(=O)c3ccccc3)cc(C(=O)Nc3ccc([*])cc3)c2)cc1,Egc,3.5392
5674,[*]Oc1ccc(NC(=O)c2cc(NC(=O)c3ccncc3)cc(C(=O)Nc3ccc([*])cc3)c2)cc1,Egc,3.2421
5675,[*]Oc1ccc(NC(=O)c2cc(NC(=O)c3ccncc3)cc(C(=O)Nc3ccc([*])cc3)c2)cc1,eib,1.970302328
5676,[*]Oc1ccc(NC(=O)c2ccc([Si](C)(C)c3ccc(C([*])=O)cc3)cc2)cc1,Egc,3.586
5677,[*]Oc1ccc(NC(=O)c2ccc([Si](C)(C)c3ccc(C([*])=O)cc3)cc2)cc1,eib,2.127852812
5678,[*]Oc1ccc(NC(=O)c2ccc(C(=O)Nc3ccc(Oc4ccc(C5(c6ccc([*])cc6)CC6CCC5C6)cc4)cc3)cc2)cc1,Egc,3.3054
5679,[*]Oc1ccc(NC(=O)c2ccc(-c3ccc(C(=O)Nc4ccc(Oc5ccc(C6(c7ccc([*])cc7)CC7CCC6C7)cc5)cc4)cc3)cc2)cc1,Egc,3.2128
5680,[*]Oc1ccc(NC(=O)c2ccc(Oc3ccc(C(=O)Nc4ccc([*])cc4)c(C(=O)O)c3)cc2C(=O)O)cc1,Egc,2.9737
5681,[*]Oc1ccc(NC(=O)c2cccc(C(=O)Nc3ccc([*])cc3)c2)cc1,Egc,3.1562
5682,[*]Oc1ccc(NC(=O)c2cccc(C(=O)Nc3ccc(Oc4ccc(C5(c6ccc([*])cc6)C6CC7CC(C6)CC5C7)cc4)cc3)c2)cc1,Egc,4.0447
5683,[*]Oc1ccc(NC(=O)CCCCCCCCCCC(=O)Nc2ccc([*])cc2)cc1,Egc,4.4789
5684,[*]Oc1ccc(NC(=O)NC2CC(C)(C)CC(C)(CNC(=O)Nc3ccc([*])cc3)C2)cc1,Egc,4.4573
5685,[*]Oc1ccc(NC(=O)NC2CC(C)(C)CC(C)(NC([*])=O)C2)cc1,Egc,4.8322
5686,[*]Oc1ccc(NC(=O)Nc2ccc(Cc3ccc(NC([*])=O)cc3)cc2)cc1C,Egc,4.3385
5687,[*]Oc1ccc(NC(=O)NCCCCCCNC([*])=O)c(C)c1,Egc,4.8513
5688,[*]Oc1ccc(NC(=O)NCCCCCCNC([*])=O)cc1,Egc,5.0159
5689,[*]Oc1ccc(NC(=O)NCCCCCCNC([*])=O)cc1C,Egc,4.7799
5690,[*]Oc1ccc(NC(=O)OCCOC(=O)Nc2ccc([*])cc2)cc1,Egc,4.4102
5691,[*]Oc1ccc(NC2=C(Cl)C(=O)C(Nc3ccc([*])cc3)=C(Cl)C2=O)cc1,Egc,2.2616
5692,[*]Oc1ccc(NC2=C(Cl)C(=O)C(Nc3ccc([*])cc3)=C(Cl)C2=O)cc1,eib,1.746150097
5693,[*]Oc1ccc(Nc2ccc(C(=O)c3ccc(C(=O)c4ccc(Nc5ccc([*])cc5)cc4)cc3)cc2)cc1,Egc,3.3281
5694,[*]Oc1ccc(Nc2ccc(N=Nc3ccc(Nc4ccc([*])cc4)cc3)cc2)cc1,Egc,2.7656
5695,[*]Oc1ccc(Nc2ccc(N=Nc3ccc(Nc4ccc([*])cc4)cc3)cc2)cc1,eib,2.030300577
5696,[*]Oc1ccc(OC([*])=O)cc1,Egc,5.2885
5697,[*]OC1CCC(OC([*])=O)CC1,Egc,7.1614
5698,[*]Oc1ccc(OC([*])=O)cc1,eib,3.120596887
5699,[*]OC1CCC(OC([*])=O)CC1,eib,3.75919856
5700,[*]OC1CCC(OC(=O)C([*])=O)CC1,Egc,6.4721
5701,[*]OC1CCC(OC(=O)C([*])=O)CC1,eib,3.257957441
5702,[*]Oc1ccc(OC(=O)C=Cc2ccc(C=CC([*])=O)cc2)cc1,Egc,3.0952
5703,[*]Oc1ccc(OC(=O)C=Cc2ccc(C=CC([*])=O)cc2)cc1,eib,1.143436462
5704,[*]Oc1ccc(OC(=O)c2cc(OCCCCCCCCCCCC)c(C([*])=O)cc2OCCCCCCCCCCCC)cc1,Egc,3.1513
5705,[*]Oc1ccc(OC(=O)c2cc(OCCCCCCOCCCCC)c(C([*])=O)cc2OCCCCCCOCCCCC)cc1,Egc,3.4928
5706,[*]Oc1ccc(OC(=O)c2ccc(C([*])=O)cc2)cc1,Egc,3.752
5707,[*]Oc1ccc(OC(=O)c2ccc(C([*])=O)cc2)cc1C(F)(F)F,Egc,3.9025
5708,[*]Oc1ccc(OC(=O)c2ccc(C([*])=O)cc2)cc1C1CC2CCC1C2,Egc,3.6406
5709,[*]Oc1ccc(OC(=O)c2ccc(C([*])=O)cc2)cc1C1CC2CCC1C2,eib,2.665495941
5710,[*]Oc1ccc(OC(=O)c2ccc(C([*])=O)cc2)cc1C1CCCCCC1,Egc,3.5463
5711,[*]Oc1ccc(OC(=O)c2ccc(C([*])=O)cc2)cc1C1CCCCCCC1,Egc,3.657
5712,[*]Oc1ccc(OC(=O)c2ccc(C([*])=O)cc2)cc1C1CCCCCCC1,Egcr,3.1917
5713,[*]Oc1ccc(OC(=O)c2ccc(C([*])=O)cc2)cc1CCC(C)CC,Egc,3.3998
5714,[*]Oc1ccc(OC(=O)c2ccc(C([*])=O)cc2)cc1CCC(C)CC,eib,1.330883976
5715,[*]Oc1ccc(OC(=O)c2ccc(C([*])=O)cc2)cc1CCCCCC,Egc,3.6147
5716,[*]Oc1ccc(OC(=O)c2ccc(C([*])=O)cc2)cc1CCCCCCC,Egc,3.6937
5717,[*]Oc1ccc(OC(=O)c2ccc(C([*])=O)cc2)cc1CCCCCCCC,Egc,3.7013
5718,[*]Oc1ccc(OC(=O)c2ccc(C([*])=O)cc2)cc1CCCCCCCCC,Egc,3.5957
5719,[*]Oc1ccc(OC(=O)c2ccc(C([*])=O)cc2)cc1CCCCCCCCCC,Egc,3.553
5720,[*]Oc1ccc(OC(=O)c2ccc(C([*])=O)cc2)cc1Cl,Egc,3.8996
5721,[*]Oc1ccc(OC(=O)c2ccc(C([*])=O)cc2)cc1Cl,eib,1.208463305
5722,[*]Oc1ccc(OC(=O)c2ccc(C([*])=O)cc2Oc2ccc(F)cc2)cc1,Egc,3.6251
5723,[*]Oc1ccc(OC(=O)c2ccc(C([*])=O)cc2Oc2ccc(F)cc2)cc1,eib,1.497709783
5724,[*]Oc1ccc(OC(=O)c2ccc(C(C)(C)c3ccc(C([*])=O)cc3)cc2)cc1,Egc,3.6274
5725,[*]Oc1ccc(OC(=O)c2ccc(OC(=O)CCCCCCC([*])=O)cc2)cc1,Egc,4.0915
5726,[*]Oc1ccc(OC(=O)c2ccc(OC(=O)CCCCCCCCC([*])=O)cc2)cc1,Egc,4.0869
5727,[*]Oc1ccc(OC(=O)c2ccc(Oc3ccc(C([*])=O)cc3)cc2)cc1Cl,Egc,4.2992
5728,[*]Oc1ccc(OC(=O)c2ccc(Oc3ccc(C([*])=O)cc3)cc2)cc1Cl,eib,2.558269637
5729,[*]Oc1ccc(OC(=O)c2ccc(OCCCCCCCCCCOc3ccc(C([*])=O)cc3)cc2)cc1S(=O)(=O)c1ccccc1,Egc,4.3987
5730,[*]Oc1ccc(OC(=O)c2ccc(OCCCCCCCCOc3ccc(C([*])=O)cc3)cc2)cc1,Egc,4.2916
5731,[*]Oc1ccc(OC(=O)c2ccc(OCCCOc3ccc(C([*])=O)cc3)cc2)cc1C,Egc,4.06
5732,[*]Oc1ccc(OC(=O)c2ccc(OCCOc3ccc(C([*])=O)cc3)cc2)cc1C,Egc,4.0998
5733,[*]Oc1ccc(OC(=O)c2cccc(C([*])=O)c2)cc1,Egc,3.9872
5734,[*]Oc1ccc(OC(=O)c2cccc(C([*])=O)c2)cc1,eib,2.020730161
5735,[*]Oc1ccc(OC(=O)c2cccc(Oc3cccc(C([*])=O)c3)c2)cc1,Egc,4.1992
5736,[*]Oc1ccc(OC(=O)c2cccc(Oc3cccc(C([*])=O)c3)c2)cc1,eib,3.952467476
5737,[*]Oc1ccc(OC(=O)CCC([*])=O)cc1,Egc,4.576
5738,[*]OC1CCC(OC(=O)CCC([*])=O)CC1,Egc,6.2077
5739,[*]Oc1ccc(OC(=O)CCC([*])=O)cc1,eib,3.104534008
5740,[*]Oc1ccc(OC(=O)CCCCC([*])=O)cc1,Egc,5.4283
5741,[*]OC1CCC(OC(=O)CCCCC([*])=O)CC1,Egc,6.6371
5742,[*]OC1CCC(OC(=O)CCCCCCC([*])=O)CC1,Egc,6.4389
5743,[*]Oc1ccc(OC(=O)CCCCCCCC([*])=O)cc1,Egc,5.0774
5744,[*]Oc1ccc(OC(=O)CCCCCCCCC([*])=O)cc1,Egc,5.4524
5745,[*]OC1CCC(OC(=O)CCCCCCCCC([*])=O)CC1,Egc,6.3512
5746,[*]Oc1ccc(OC(=O)CCCCCCCCC([*])=O)cc1,eib,3.845431134
5747,[*]OC1CCC(OC(=O)NCCCCCCNC([*])=O)CC1,Egc,6.1757
5748,[*]OC1CCC(OC(=O)NCCNC([*])=O)CC1,Egc,6.1359
5749,[*]OC1CCC(OC(=O)NCCNC([*])=O)CC1,eib,3.360943489
5750,[*]OC1CCC(OC(=O)NCCSCCCSCCNC([*])=O)CC1,Egc,5.1585
5751,[*]Oc1ccc(OC(=O)Oc2ccc(C([*])=O)cc2)cc1,Egc,4.5325
5752,[*]Oc1ccc(OC(=O)Oc2ccc(C([*])=O)cc2)cc1,eib,1.954227496
5753,[*]Oc1ccc(OC(=O)Oc2ccc(-c3ccc(OC([*])=O)cc3)cc2)cc1,Egc,4.6137
5754,[*]Oc1ccc(OC(=O)Oc2ccc(-c3ccc(OC([*])=O)cc3)cc2)cc1,eib,3.102717741
5755,[*]Oc1ccc(OC(=O)Oc2ccc(-c3ccc(OC([*])=O)cc3)cc2)cc1C,Egc,4.5964
5756,[*]Oc1ccc(OC(=O)Oc2ccc(-c3ccc(OC([*])=O)cc3)cc2)cc1Cl,Egc,4.6321
5757,[*]Oc1ccc(OC(=O)Oc2ccc(-c3ccc(OC([*])=O)cc3)cc2)cc1Cl,eib,3.083068213
5758,[*]Oc1ccc(OC(=O)Oc2ccc(OC([*])=O)cc2)cc1C,Egc,5.2809
5759,[*]Oc1ccc(OC(=O)Oc2ccc(OC([*])=O)cc2)cc1Cl,Egc,5.128
5760,[*]OC1CCC(OC(=O)OCCCCCCCOC([*])=O)CC1,Egc,6.9944
5761,[*]OC1CCC(OC(=O)OCCCCCCOC([*])=O)CC1,Egc,7.1388
5762,[*]OC1CCC(OC(=O)OCCCCCCOC([*])=O)CC1,Egcr,7.0127
5763,[*]OC1CCC(OC(=O)OCCCCCOC([*])=O)CC1,Egc,6.9925
5764,[*]OC1CCC(OC(=O)OCCCCCOC([*])=O)CC1,Egcr,6.0614
5765,[*]OC1CCC(OC(=O)OCCCCOC([*])=O)CC1,Egc,6.5845
5766,[*]OC1CCC(OC(=O)OCCCCOC([*])=O)CC1,eib,4.003716663
5767,[*]Oc1ccc(OC2(F)C([*])(F)C(F)(F)C2(F)F)cc1,Egc,5.2931
5768,[*]Oc1ccc(OC2(F)C([*])(F)C(F)(F)C2(F)F)cc1,eib,2.881415368
5769,[*]Oc1ccc(Oc2ccc(C(=O)C(=O)c3ccc([*])cc3)cc2)cc1,Egc,3.7299
5770,[*]Oc1ccc(Oc2ccc(C(=O)c3ccc([*])cc3)cc2)cc1,Egc,3.8335
5771,[*]Oc1ccc(Oc2ccc(C(=O)c3ccc([*])cc3)cc2)cc1,eib,2.31229201
5772,[*]Oc1ccc(Oc2ccc(C(=O)c3ccc([*])cc3)cc2)cc1C,Egc,3.6189
5773,[*]Oc1ccc(Oc2ccc(C(=O)c3ccc([*])cc3)cc2)cc1C(=O)O,Egc,3.6002
5774,[*]Oc1ccc(Oc2ccc(C(=O)c3ccc([*])cc3)cc2)cc1C(=O)OC,Egc,3.7418
5775,[*]Oc1ccc(Oc2ccc(C(=O)c3ccc([*])cc3)cc2)cc1C(Br)Br,Egc,3.8778
5776,[*]Oc1ccc(Oc2ccc(C(=O)c3ccc([*])cc3)cc2)cc1C=O,Egc,3.6263
5777,[*]Oc1ccc(Oc2ccc(C(=O)c3ccc([*])cc3)cc2)cc1CBr,Egc,3.654
5778,[*]Oc1ccc(Oc2ccc(C(=O)c3ccc([*])cc3)cc2)cc1CC#N,Egc,3.9557
5779,[*]Oc1ccc(Oc2ccc(C(=O)c3ccc([*])cc3)cc2)cc1CC#N,eib,2.0514633
5780,[*]Oc1ccc(Oc2ccc(C(=O)c3ccc([*])cc3)cc2)cc1CC(=O)O,Egc,4.212
5781,[*]Oc1ccc(Oc2ccc(C(=O)c3ccc([*])cc3)cc2)cc1CC(=O)O,eib,2.615778009
5782,[*]Oc1ccc(Oc2ccc(C(=O)c3ccc([*])cc3)cc2)cc1CO,Egc,3.702
5783,[*]Oc1ccc(Oc2ccc(C(=O)c3ccc([*])cc3)cc2)cc1CO,eib,2.002561151
5784,[*]Oc1ccc(Oc2ccc(C(=O)c3ccc([*])cc3)cc2)cc1COC,Egc,4.2796
5785,[*]Oc1ccc(Oc2ccc(C(=O)c3ccc([*])cc3)cc2)cc1COC,eib,2.992460554
5786,[*]Oc1ccc(Oc2ccc(C(=O)c3ccc([*])cc3)cc2)cc1S(=O)(=O)O,Egc,4.1626
5787,[*]Oc1ccc(Oc2ccc(C(=O)c3cccc(-c4cccc(C(=O)c5ccc([*])cc5)c4)c3)cc2)cc1,Egc,3.9241
5788,[*]Oc1ccc(Oc2ccc(C(=O)c3ccccc3-c3ccccc3C(=O)c3ccc([*])cc3)cc2)cc1,Egc,3.2515
5789,[*]Oc1ccc(Oc2ccc(C(=O)c3ccccc3-c3ccccc3C(=O)c3ccc([*])cc3)cc2)cc1,eib,2.176502885
5790,[*]Oc1ccc(Oc2ccc(C=NCCCCCCN=Cc3ccc([*])cc3)cc2)cc1,Egc,4.2528
5791,[*]Oc1ccc(Oc2ccc(C=NCCCCN=Cc3ccc([*])cc3)cc2)cc1,Egc,4.309
5792,[*]Oc1ccc(Oc2ccc(C=NCCCCN=Cc3ccc([*])cc3)cc2)cc1,eib,2.741512981
5793,[*]Oc1ccc(Oc2ccc(C=NCCN=Cc3ccc([*])cc3)cc2)cc1,Egc,4.2677
5794,[*]Oc1ccc(Oc2ccc(C=NCCN=Cc3ccc([*])cc3)cc2)cc1,eib,3.258184263
5795,[*]Oc1ccc(Oc2ccc(NC(=C(C#N)C#N)c3ccc(-c4ccc(-c5ccc(C(Nc6ccc([*])cc6)=C(C#N)C#N)cc5)cc4)cc3)cc2)cc1,Egc,3.4011
5796,[*]Oc1ccc(Oc2ccc(NC(=C(C#N)C#N)c3cccc(C(Nc4ccc([*])cc4)=C(C#N)C#N)c3)cc2)cc1,Egc,2.943
5797,[*]Oc1ccc(Oc2ccc(NC(=O)c3ccc(Oc4ccc(C(=O)Nc5ccc([*])cc5)c(C(=O)O)c4)cc3C(=O)O)cc2)cc1,Egc,3.0627
5798,[*]Oc1ccc(Oc2ccc(OC([*])=O)cc2)cc1,Egc,4.746
5799,[*]Oc1ccc(Oc2ccc(OC(=O)c3ccc(OC(=O)c4ccc(C(=O)Oc5ccc(C([*])=O)cc5)cc4)cc3)cc2)cc1,Egc,2.7437
5800,[*]Oc1ccc(Oc2ccc(OC(=O)c3ccc(Oc4ccc(Oc5ccc(C([*])=O)cc5)cc4)cc3)cc2)cc1,Egc,3.5181
5801,[*]Oc1ccc(Oc2ccc(OC(=O)c3cccc(C([*])=O)c3)cc2)cc1,Egc,3.2894
5802,[*]Oc1ccc(Oc2ccc(OC(=O)c3cccc(C([*])=O)c3)cc2)cc1,eib,1.915642031
5803,[*]Oc1ccc(Oc2ccc(OC(=O)c3cccc(Oc4ccc(Oc5cccc(C([*])=O)c5)cc4)c3)cc2)cc1,Egc,3.5397
5804,[*]Oc1ccc(Oc2ccc(OC(=O)c3ccccc3-c3ccccc3C([*])=O)cc2)cc1,Egc,3.9355
5805,[*]Oc1ccc(Oc2ccc(OC(=O)c3ccccc3-c3ccccc3C([*])=O)cc2)cc1,eib,2.753820805
5806,[*]Oc1ccc(Oc2ccc(Oc3ccc(C(=O)c4ccc([*])cc4)cc3)cc2)cc1,Egc,3.4703
5807,[*]Oc1ccc(Oc2ccc(Oc3ccc(C(=O)Oc4ccc(OC(=O)c5ccc([*])cc5)cc4)cc3)cc2)cc1,Egc,3.6871
5808,[*]Oc1ccc(Oc2ccc(Oc3cccc([*])n3)cc2)cc1,Egc,4.1015
5809,[*]Oc1ccc(Oc2ccc(Oc3cccc([*])n3)cc2)cc1,eib,2.868013458
5810,[*]Oc1ccc(Oc2ccc(Oc3cccc(C(=O)Oc4ccc(OC(=O)c5cccc([*])c5)cc4)c3)cc2)cc1,Egc,3.47
5811,[*]Oc1ccc(Oc2ccc(P(C)(=O)c3ccc([*])cc3)cc2)cc1,Egc,4.5956
5812,[*]Oc1ccc(Oc2ccc(P(C)(=O)c3ccc([*])cc3)cc2)cc1,eib,2.8560096
5813,[*]Oc1ccc(Oc2cccc([*])n2)c(C)c1,Egc,4.8181
5814,[*]Oc1ccc(Oc2cccc([*])n2)c(-c2ccccc2)c1,Egc,4.3045
5815,[*]Oc1ccc(Oc2cccc([*])n2)c(-c2ccccc2)c1,eib,2.602529191
5816,[*]Oc1ccc(Oc2cccc([*])n2)cc1,Egc,4.3725
5817,[*]Oc1ccc(Oc2cccc([*])n2)cc1,eib,2.426251861
5818,[*]Oc1ccc(Oc2cccc(C(=O)Oc3ccc(OC(=O)c4cccc([*])c4)cc3)c2)cc1,Egc,3.8378
5819,[*]Oc1ccc(Oc2cccc(C(=O)Oc3ccc(OC(=O)c4cccc([*])c4)cc3)c2)cc1,eib,2.722140509
5820,[*]Oc1ccc(P(=O)(c2ccccc2)c2ccc([*])cc2)cc1,Egc,4.247
5821,[*]Oc1ccc(P(=O)(c2ccccc2)c2ccc([*])cc2)cc1,eib,2.997061463
5822,[*]Oc1ccc(P(C)(=O)c2ccc([*])cc2)cc1,Egc,4.2617
5823,[*]Oc1ccc(P(C)(=O)c2ccc([*])cc2)cc1,eib,3.221419216
5824,[*]Oc1ccc(S(=O)(=O)c2ccc([*])cc2)cc1,Egc,4.3214
5825,[*]Oc1ccc(S(=O)(=O)c2ccc([*])cc2)cc1,eib,2.757131028
5826,[*]Oc1ccc(S(=O)(=O)c2ccc(-c3ccc([*])cc3)cc2)cc1,Egc,3.7846
5827,[*]Oc1ccc(S(=O)(=O)c2ccc(-c3ccc([*])cc3)cc2)cc1,eib,2.14204852
5828,[*]Oc1ccc(S(=O)(=O)c2ccc(-c3ccc(-c4ccc(S(=O)(=O)c5ccc([*])cc5)cc4)cc3)cc2)cc1,Egc,3.7446
5829,[*]Oc1ccc(S(=O)(=O)c2ccc(-c3ccc(S(=O)(=O)c4ccc([*])cc4)cc3)cc2)cc1,Egc,3.7659
5830,[*]Oc1ccc(S(=O)(=O)c2ccc(-c3ccc(S(=O)(=O)c4ccc([*])cc4)cc3)cc2)cc1,eib,2.513699963
5831,[*]Oc1ccc(S(=O)(=O)c2ccc(OC([*])=O)cc2)cc1,Egc,4.2329
5832,[*]Oc1ccc(S(=O)(=O)c2ccc(OC(=O)c3cccc(C([*])=O)c3)cc2)cc1,Egc,3.723
5833,[*]Oc1ccc(S(=O)(=O)c2ccc(OC(=O)c3cccc(C([*])=O)c3)cc2)cc1,eib,2.463522632
5834,[*]Oc1ccc(S(=O)(=O)c2ccc(Oc3ccc(C(=C)c4ccc([*])cc4)cc3)cc2)cc1,Egc,3.7738
5835,[*]Oc1ccc(S(=O)(=O)c2ccc(Oc3ccc(C(=O)c4ccc([*])cc4)cc3)cc2)cc1,Egc,4.2565
5836,[*]Oc1ccc(S(=O)(=O)c2ccc(Oc3ccc(C(C)(C)c4ccc([*])c([N-][N+]#N)c4)cc3[N-][N+]#N)cc2)c([N-][N+]#N)c1,Egc,4.2075
5837,[*]Oc1ccc(S(=O)(=O)c2ccc(Oc3ccc(C(C)(C)c4ccc([*])c([N-][N+]#N)c4)cc3[N-][N+]#N)cc2)cc1,Egc,3.8369
5838,[*]Oc1ccc(S(=O)(=O)c2ccc(Oc3ccc(C(C)(C)c4ccc([*])c(Cl)c4)cc3Cl)cc2)cc1,Egc,4.157
5839,[*]Oc1ccc(S(=O)(=O)c2ccc(Oc3ccc(C(C)(C)c4ccc([*])cc4)cc3)cc2)c([N-][N+]#N)c1,Egc,4.2759
5840,[*]Oc1ccc(S(=O)(=O)c2ccc(Oc3ccc(C(C)(C)c4ccc([*])cc4)cc3)cc2)c(N)c1,Egc,4.1743
5841,[*]Oc1ccc(S(=O)(=O)c2ccc(Oc3ccc(C=Cc4ccc([*])cc4)cc3)cc2)cc1,Egc,3.7154
5842,[*]Oc1ccc(S(=O)(=O)c2ccc(Oc3ccc(C4(c5ccc([*])cc5)c5ccccc5-c5ccccc54)cc3)cc2)cc1,Egc,4.0091
5843,[*]Oc1ccc(S(=O)(=O)c2ccc(Oc3ccc(C4(c5ccc([*])cc5)CCCCC4)cc3)cc2)cc1,Egc,3.8881
5844,[*]Oc1ccc(S(=O)(=O)c2ccc(Oc3ccc(-c4ccc([*])cc4)cc3)cc2)cc1,Egc,3.9365
5845,[*]Oc1ccc(S(=O)(=O)c2ccc(Oc3ccc(-c4ccc([*])cc4)cc3)cc2N)c(N)c1,Egc,4.081
5846,[*]Oc1ccc(S(=O)(=O)c2ccc(Oc3ccc(Cc4ccc([*])cc4)cc3)cc2)cc1,Egc,3.926
5847,[*]Oc1ccc(S(=O)(=O)c2ccc(Oc3ccc(NC(=O)c4cc(NC(=O)c5ccncc5)cc(C(=O)Nc5ccc([*])cc5)c4)cc3)cc2)cc1,Egc,3.4604
5848,[*]Oc1ccc(S(=O)(=O)c2ccc(Oc3ccc(Sc4ccc([*])cc4)cc3)cc2)cc1,Egc,4.0112
5849,[*]Oc1ccc(S(=O)(=O)c2ccc3cc(S(=O)(=O)c4ccc(Oc5c(C)cc(-c6cc(C)c([*])c(C)c6C)c(C)c5C)cc4)ccc3c2)cc1,Egc,3.3303
5850,[*]Oc1ccc(S(=O)(=O)c2cccc3c(S(=O)(=O)c4ccc(Oc5ccc(-c6ccc([*])cc6)cc5)cc4)cccc23)cc1,Egc,3.3473
5851,[*]Oc1ccc(S(=O)(=O)NCCNS(=O)(=O)c2ccc([*])cc2)cc1,Egc,4.5454
5852,[*]Oc1ccc(S(=O)(=O)NCCNS(=O)(=O)c2ccc([*])cc2)cc1,eib,2.768131486
5853,[*]Oc1ccc(S(=O)c2ccc(OC([*])=O)cc2)cc1,Egc,4.6608
5854,[*]Oc1ccc(S(=O)c2ccc(OC([*])=O)cc2)cc1,eib,2.633468412
5855,[*]Oc1ccc(SC(=O)Sc2ccc([*])cc2)cc1,Egc,4.0843
5856,[*]Oc1ccc(SC(=O)Sc2ccc([*])cc2)cc1,eib,2.467010487
5857,[*]Oc1ccc(Sc2ccc([*])cc2)cc1,Egc,4.2009
5858,[*]Oc1ccc(Sc2ccc(OC([*])=O)cc2)cc1,Egc,4.2554
5859,[*]Oc1ccc(Sc2ccc(Sc3ccc(Sc4ccc([*])cc4)cc3)cc2)cc1,Egc,4.5081
5860,[*]Oc1ccc(Sc2ccc(Sc3ccc(Sc4ccc([*])cc4)cc3)cc2)cc1,eib,3.386679954
5861,[*]Oc1ccc(SSc2ccc([*])cc2)cc1,Egc,3.1064
5862,[*]Oc1ccc(SSc2ccc([*])cc2)cc1,eib,2.80444546
5863,[*]Oc1ccc(SSCCCCCCCCCCSSc2ccc([*])cc2)cc1,Egc,3.9858
5864,[*]Oc1ccc(SSCCCCCCCCCCSSc2ccc([*])cc2)cc1,Egcr,4.2235
5865,[*]Oc1ccc(SSCCCCSSc2ccc([*])cc2)cc1,Egc,3.9438
5866,[*]Oc1ccc(SSCCCCSSc2ccc([*])cc2)cc1,eib,2.67579393
5867,[*]Oc1ccc(SSCCSSc2ccc([*])cc2)cc1,Egc,3.8114
5868,[*]Oc1ccc2c(c1)C(=O)N(Oc1ccc(C(N3C(=O)CC([*])C3=O)(C(F)(F)F)C(F)(F)F)cc1)C2=O,Egc,3.8595
5869,[*]Oc1ccc2c(c1)C(=O)N(Oc1ccc(C(N3C(=O)CC([*])C3=O)(C(F)(F)F)C(F)(F)F)cc1)C2=O,eib,1.48915104
5870,[*]Oc1ccc2c(c1)C(C)(c1ccc(OC([*])=O)cc1)CC2(C)C,Egc,4.8509
5871,[*]Oc1ccc2c(c1)C(C)(c1ccc(OC([*])=O)cc1)CC2(C)C,eib,3.48086608
5872,[*]Oc1ccc2c(c1)C1(CC2(C)C)CC(C)(C)c2ccc(OC([*])=O)cc21,Egc,4.341
5873,[*]Oc1ccc2cc(C([*])=O)ccc2c1Br,Egc,3.7563
5874,[*]Oc1ccc2cc(C([*])=O)ccc2c1Br,eib,2.010262449
5875,[*]Oc1ccc2cc(C([*])=O)ccc2c1-c1ccccc1,Egc,3.7738
5876,[*]Oc1ccc2cc(C([*])=O)ccc2c1-c1ccccc1,eib,1.996587767
5877,[*]Oc1ccc2cc(Oc3ccc(C(=O)c4ccc([*])cc4)cc3)ccc2c1,Egc,3.6496
5878,[*]Oc1ccc2cc(Oc3ccc(C(=O)c4ccc([*])cc4)cc3)ccc2c1,eib,2.272815447
5879,[*]Oc1ccc2ccc(OC(=O)Oc3ccc(OC([*])=O)cc3)cc2c1,Egc,4.3045
5880,[*]Oc1ccc2ccc(OC(=O)Oc3ccc(OC([*])=O)cc3)cc2c1,eib,2.485130712
5881,[*]Oc1ccc2ccc(OC(=O)Oc3ccc(OC([*])=O)cc3C)cc2c1,Egc,4.2626
5882,[*]Oc1ccc2ccc(OC(=O)Oc3cccc(OC([*])=O)c3)cc2c1,Egc,4.1699
5883,[*]Oc1ccc2ccccc2c1N=Nc1ccc(C([*])=O)cc1,Egc,2.6102
5884,[*]Oc1ccc2nc3oc4cc5oc6c7c(cn6ccc5on4cnc3c12)nc1c([*])ccccc17,Egc,1.6019
5885,[*]Oc1cccc([*])c1,Egc,5.0109
5886,[*]Oc1cccc([*])c1,eib,3.318677272
5887,[*]Oc1cccc([*])c1C#N,Egc,4.3557
5888,[*]Oc1cccc([*])c1C#N,eib,2.069928496
5889,[*]OC1CCCC([*])O1,Egc,5.7691
5890,[*]OC1CCCC([*])O1,eib,4.214222215
5891,[*]Oc1cccc(C([*])=O)c1,Egc,4.5975
5892,[*]Oc1cccc(C(=O)c2ccc([*])cc2)c1,Egc,4.4309
5893,[*]Oc1cccc(C(=O)c2ccc(Oc3ccc(C(=O)c4ccc([*])cc4)cc3)cc2)c1,Egc,4.1531
5894,[*]Oc1cccc(C(=O)Nc2ccc(S(=O)(=O)c3ccc(NC(=O)c4cccc(Oc5nc([*])nc(Sc6ccccc6)n5)c4)cc3)cc2)c1,Egc,3.7439
5895,[*]Oc1cccc(C(=O)OCC(F)(F)C(F)(F)C(F)(F)COC(=O)c2cccc([*])c2)c1,Egc,4.3066
5896,[*]Oc1cccc(C(=O)OCC(F)(F)C(F)(F)C(F)(F)COC(=O)c2cccc([*])c2)c1,eib,2.595176317
5897,[*]Oc1cccc(C(F)(F)C(F)(F)C(F)(F)c2cccc(OC([*])=O)c2)c1,Egc,5.1323
5898,[*]Oc1cccc(NC(=O)c2ccc([*])cc2)c1,Egc,4.3857
5899,[*]Oc1cccc(NC(=O)c2ccc([*])cc2)c1,eib,2.754060025
5900,[*]Oc1cccc(NC(=O)c2ccc([Si](C)(C)c3ccc(C([*])=O)cc3)cc2)c1,Egc,3.8551
5901,[*]Oc1cccc(NC(=O)c2ccc([Si](C)(C)c3ccc(C([*])=O)cc3)cc2)c1,eib,2.428182153
5902,[*]Oc1cccc(NC(=O)c2ccc([Si](c3ccccc3)(c3ccccc3)c3ccc(C([*])=O)cc3)cc2)c1,Egc,3.8458
5903,[*]Oc1cccc(NC(=O)c2ccc([Si](c3ccccc3)(c3ccccc3)c3ccc(C([*])=O)cc3)cc2)c1,eib,2.400991855
5904,[*]Oc1cccc(NC(=O)c2cccc(C(=O)Nc3ccc([*])cc3)c2)c1,Egc,4.2795
5905,[*]Oc1cccc(NC(=O)Nc2ccc(Cc3ccc(NC([*])=O)cc3)cc2)c1,Egc,4.0248
5906,[*]Oc1cccc(NC(=O)Nc2ccc(Cc3ccc(NC([*])=O)cc3)cc2)c1,eib,3.536970491
5907,[*]Oc1cccc(NC(=O)NCCCCCCNC([*])=O)c1,Egc,4.5645
5908,[*]Oc1cccc(OC(=O)c2cc(OCCCCC)cc(C([*])=O)c2)c1,Egc,4.154
5909,[*]Oc1cccc(OC(=O)C2CC2C([*])=O)c1,Egc,4.6652
5910,[*]Oc1cccc(OC(=O)C2CC2C([*])=O)c1,eib,3.540264627
5911,[*]Oc1cccc(OC(=O)c2ccc([Si](C)(C)c3ccc(C([*])=O)cc3)cc2)c1,Egc,3.8091
5912,[*]Oc1cccc(OC(=O)c2ccc(C(C)(C)c3ccc(C([*])=O)cc3)cc2)c1,Egc,4.3071
5913,[*]Oc1cccc(OC(=O)c2ccc(Oc3ccc(C([*])=O)cc3)cc2)c1,Egc,4.1878
5914,[*]Oc1cccc(OC(=O)c2ccc(Oc3ccc(C([*])=O)cc3)cc2)c1,eib,2.159309763
5915,[*]Oc1cccc(OC(=O)c2cccc(C([*])=O)c2)c1,Egc,4.2987
5916,[*]Oc1cccc(OC(=O)c2cccc(C([*])=O)c2)c1,eib,2.043650118
5917,[*]Oc1cccc(OC(=O)CCC([*])=O)c1,Egc,5.0962
5918,[*]Oc1cccc(OC(=O)Oc2ccc(C(C)(C)c3ccc(OC([*])=O)cc3)cc2)c1,Egc,4.6142
5919,[*]Oc1cccc(OC(=O)Oc2ccc(OC([*])=O)cc2)c1,Egc,5.5459
5920,[*]Oc1cccc(OC2(F)C([*])(F)C(F)(F)C2(F)F)c1,Egc,4.9699
5921,[*]Oc1cccc(OC2(F)C([*])(F)C(F)(F)C2(F)F)c1,eib,3.226169824
5922,[*]Oc1cccc(Oc2ccc(C(=O)c3ccc([*])cc3)cc2)c1,Egc,4.0476
5923,[*]Oc1cccc(Oc2ccc(C(=O)c3ccc([*])cc3)cc2)c1,eib,11.70262035
5924,[*]Oc1cccc(Oc2ccc(C(=O)Oc3cccc(OC(=O)c4ccc([*])cc4)c3)cc2)c1,Egc,3.9641
5925,[*]Oc1cccc(Oc2ccc(-c3ccc([*])cc3)cc2)c1C#N,Egc,3.7031
5926,[*]Oc1cccc(Oc2ccc(S(=O)(=O)c3ccc([*])cc3)cc2)c1,Egc,4.0045
5927,[*]Oc1cccc(Oc2ccc(S(=O)(=O)c3ccc([*])cc3)cc2)c1,eib,1.847081617
5928,[*]Oc1cccc(Oc2ccc3c(=O)n4c5cc(Oc6ccc7c(c6)nc6c8ccc([*])c9cccc(c(=O)n76)c98)ccc5nc4c4cccc2c34)c1,Egc,2.5225
5929,[*]Oc1cccc(Oc2ccc3c(=O)n4c5cc(Oc6ccc7c(c6)nc6c8ccc([*])c9cccc(c(=O)n76)c98)ccc5nc4c4cccc2c34)c1,eib,2.270896427
5930,[*]Oc1cccc(Oc2cccc([*])c2)c1C#N,Egc,4.3119
5931,[*]Oc1cccc(Oc2cccc([*])n2)c1,Egc,4.5072
5932,[*]Oc1cccc(Oc2cccc([*])n2)c1,Egcr,3.8579
5933,[*]Oc1cccc(Oc2cccc([*])n2)c1,eib,2.861516784
5934,[*]Oc1cccc(Oc2cccc(OC([*])=O)c2)c1,Egc,5.0817
5935,[*]OC1CCCC1[*],Egc,5.3922
5936,[*]OC1CCCC1[*],eib,3.959002579
5937,[*]Oc1cccc2c(OC(=O)Oc3ccc(OC([*])=O)cc3)cccc12,Egc,4.0694
5938,[*]Oc1cccc2c(OC(=O)Oc3ccc(OC([*])=O)cc3)cccc12,eib,2.352463623
5939,[*]Oc1cccc2c(OC(=O)Oc3ccc(OC([*])=O)cc3C)cccc12,Egc,4.0829
5940,[*]Oc1cccc2c(OC(=O)Oc3ccc(OC([*])=O)cc3Cl)cccc12,Egc,4.1142
5941,[*]Oc1cccc2c(OC(=O)Oc3ccc(OC([*])=O)cc3Cl)cccc12,eib,2.321143815
5942,[*]Oc1cccc2c(OC(=O)Oc3cccc(OC([*])=O)c3)cccc12,Egc,4.1279
5943,[*]Oc1cccc2c(OC(=O)Oc3cccc(OC([*])=O)c3)cccc12,eib,2.19300739
5944,[*]Oc1cccc2c(OC3(F)C([*])(F)C(F)(F)C3(F)F)cccc12,Egc,3.8599
5945,[*]Oc1cccc2c(OC3(F)C([*])(F)C(F)(F)C3(F)F)cccc12,eib,2.591961659
5946,[*]OC1CCCCC1[*],Egc,5.0758
5947,[*]OC1CCCCC1[*],eib,3.952830782
5948,[*]Oc1ccccc1C(=O)OC(=O)c1ccccc1OC(=O)CCCCCC([*])=O,Egc,4.5185
5949,[*]Oc1ccccc1C(=O)OCCOCCOCCOC(=O)c1ccccc1Oc1nc([*])nc(N(CC)c2ccccc2)n1,Egc,3.4967
5950,[*]Oc1ccccc1CNC(=O)Nc1ccc(Cc2ccc(NC([*])=O)cc2)cc1,Egc,4.6402
5951,[*]OC1CCCCC1OC([*])=O,Egc,6.5485
5952,[*]OC1CCCCC1OC([*])=O,eib,4.085977974
5953,[*]OC1CCCCCC1[*],Egc,5.5416
5954,[*]OC1CCCCCCC1[*],Egc,5.5442
5955,[*]OC1OC([*])C2CCCCC12,Egc,6.1024
5956,[*]Oc2cccc(OC(=O)c1cccc(C([*])=O)c1C(F)(F)C(F)(F)C(F)(F)F)c2,Egc,4.0962
5957,[*]OC3=CC=CC(C(C2=CC=CC(OC1=CC=CC([*])=C1)=C2)=O)=C3,Egc,3.6705
5958,[*]OC3=CC=CC(C(C2=CC=CC(OC1=CC=CC([*])=C1)=C2)=O)=C3,eib,1.755070708
5959,[*]OC3=CC=CC(OC2=CC=C(C(C1=CC=C([*])C=C1)(C(F)(F)F)C(F)(F)F)C=C2)=C3C#N,Egc,4.0846
5960,[*]OC3=CC=CC(OC2=CC=C(C(C1=CC=C([*])C=C1)(C(F)(F)F)C(F)(F)F)C=C2)=C3C#N,eib,2.741687439
5961,[*]Oc3ccc(Oc1cccc([*])c1C#N)c(c2cc(C)cc(C)c2)c3,Egc,4.0411
5962,[*]Oc3ccc(Oc1cccc([*])c1C#N)c(c2cccc(C(F)(F)F)c2)c3,Egc,4.0035
5963,[*]Oc3ccc(Oc1cccc([*])c1C#N)c(c2cccc(C)c2)c3,Egc,4.1777
5964,[*]OCC(F)(F)C(F)(F)C(F)(F)COc1nc(F)nc([*])c1F,Egc,5.1506
5965,[*]OCC(F)(F)C(F)(F)C(F)(F)COc1nc(F)nc([*])c1F,eib,3.29323968
5966,[*]OCCOC(=O)CCCC(=O)OCCOc1nc(-c2ccc(OC)cc2)nc([*])c1-c1ccc(OC)cc1,Egc,3.8299
5967,[*]OCCOC(=O)CCCC(=O)OCCOc1nc(-c2ccc(OCCCC)cc2)nc([*])c1-c1ccc(OC)cc1,Egc,3.5409
5968,[*]OCCOC(=O)CCCCC(=O)OCCOc1nc(-c2ccc(OC)cc2)nc([*])c1-c1ccc(OC)cc1,Egc,3.4169
5969,[*]OCCOC(=O)CCCCC(=O)OCCOc1nc(-c2ccc(OCCCC)cc2)nc([*])c1-c1ccc(OC)cc1,Egc,4.2442
5970,[*]OCCOc1cc([*])nc2ccccc12,Egc,4.1948
5971,[*]OCCOc1cc([*])nc2ccccc12,eib,3.308192303
5972,[*]OCCOCCOC(=O)C(CC)C([*])=O,Egc,6.0479
5973,[*]OCCOCCOc1cc([*])nc2ccc(C)cc12,Egc,4.2106
5974,[*]OCCOCCOc1cc([*])nc2ccc(OC)cc12,Egc,3.888
5975,[*]OCCOCCOc1cc([*])nc2ccccc12,Egc,4.0515
5976,[*]OCCOCCOCCOc1cc([*])nc2ccc(OC)cc12,Egc,3.6503
5977,[*]ON(C(F)(F)C([*])(F)F)C(F)(F)C(F)(F)Br,Egc,6.1306
5978,[*]ON(C(F)(F)C([*])(F)F)C(F)(F)C(F)(F)Br,eib,3.36811004
5979,[*]ON(C(F)(F)F)C(F)(Br)C([*])(F)F,Egc,5.8588
5980,[*]ON(C(F)(F)F)C(F)(Br)C([*])(F)F,eib,2.282513442
5981,[*]ON(C(F)(F)F)C(F)(C([*])(F)F)C(F)(F)F,Egc,6.9062
5982,[*]ON(C(F)(F)F)C(F)(C([*])(F)F)C(F)(F)F,Egcr,7.0955
5983,[*]ON(C(F)(F)F)C(F)(C([*])(F)F)C(F)(F)F,eib,3.438041035
5984,[*]ON(C(F)(F)F)C(F)(Cl)C([*])(F)F,Egc,6.311
5985,[*]ON(C(F)(F)F)C(F)(Cl)C([*])(F)F,Egcr,6.6835
5986,[*]ON(C(F)(F)F)C(F)(Cl)C([*])(F)F,eib,2.908695755
5987,[*]ON(C(F)(F)F)C(F)(F)C([*])(F)F,Egc,6.7484
5988,[*]ON(C(F)(F)F)C(F)(F)C([*])(F)F,eib,2.890148592
5989,[*]ON(C(F)(F)F)C(F)(F)C([*])(F)SC(F)(F)F,Egc,5.1239
5990,[*]ON(C(F)(F)F)C(F)(F)C([*])(F)SC(F)(F)F,eib,2.519407157
5991,[*]ON(C(F)(F)F)C(F)(F)C(F)=C(F)C([*])(F)F,Egc,4.6748
5992,[*]ON(C(F)(F)F)C(F)(F)C(F)=C(F)C([*])(F)F,eib,1.889515559
5993,[*]OP(=O)(Oc1ccc([*])cc1)OC1CCCCC1,Egc,5.2609
5994,[*]OP(=O)(Oc1ccc(C(C)(C)c2ccc([*])cc2)cc1)c1ccccc1,Egc,4.5348
5995,[*]OP(=O)(Oc1ccc(-c2ccc([*])cc2)cc1)c1ccccc1,Egc,4.156
5996,[*]OP(=O)(Oc1ccc(-c2ccc([*])cc2)cc1)c1ccccc1,eib,2.900385461
5997,[*]OP(=O)(Oc1ccc(-c2ccc([*])cc2)cc1)OC1CCCCC1,Egc,4.3965
5998,[*]OP(=O)(Oc1ccc(OC)cc1)Oc1c(Br)cc(C(c2cc(Br)c([*])c(Br)c2)(C(F)(F)F)C(F)(F)F)cc1Br,Egc,2.9806
5999,[*]OP(=O)(Oc1cccc2c([*])cccc12)OC1CCCCC1,Egc,4.0673
6000,[*]OP(=O)(Oc1ccccc1)Oc1c(Br)cc(C(c2cc(Br)c([*])c(Br)c2)(C(F)(F)F)C(F)(F)F)cc1Br,Egc,3.9587
6001,[*]OP(=O)(Oc1ccccc1)Oc1c(Cl)c(Cl)c([*])c(Cl)c1Cl,Egc,4.2965
6002,[*]OP(=O)(Oc1ccccc1)Oc1ccc([*])cc1,Egc,5.0582
6003,[*]OP(=O)(Oc1ccccc1)Oc1ccc(-c2ccc([*])cc2)cc1,Egc,4.5854
6004,[*]OP(=O)(Oc1ccccc1)Oc1ccc(S(=O)(=O)c2ccc([*])cc2)cc1,Egc,4.5217
6005,[*]OS(=O)(=O)c1cc(C)c([*])c(C)c1,Egc,4.3607
6006,[*]OS(=O)(=O)c1cc(S(=O)(=O)Oc2ccc(C3(c4ccc([*])cc4)CCCC3)cc2)ccc1C,Egc,3.8383
6007,[*]OS(=O)(=O)c1ccc([*])cc1,Egc,4.6583
6008,[*]OS(=O)(=O)c1ccc([*])cc1,eib,2.236467158
6009,[*]OS(=O)(=O)c1ccc(Oc2ccc(S(=O)(=O)Oc3ccc(-c4ccc([*])cc4)cc3)cc2)cc1,Egc,3.8975
6010,[*]OS(=O)(=O)c1cccc(C(=O)Oc2ccc(C(C)(C)c3ccc([*])cc3)cc2)c1,Egc,3.8376
6011,[*]SC([*])(F)F,Egc,5.6458
6012,[*]SC([*])(F)F,Egcr,5.4099
6013,[*]SC([*])(F)F,eib,2.328388624
6014,[*]SC([*])=S,Egc,2.1529
6015,[*]SC([*])=S,Egcr,1.7109
6016,[*]SC([*])=S,eib,0.560102226
6017,[*]SC(=O)OCC(C)(C)COC(=O)SN1CC(C)N([*])CC1C,Egc,4.6543
6018,[*]SC(=O)OCC(C)(C)COC(=O)SN1CCN([*])CC1,Egc,4.4766
6019,[*]SC(C)C([*])=O,Egc,4.1741
6020,[*]SC(C)C([*])=O,Egcr,3.8079
6021,[*]SC(C)C([*])=O,eib,3.796046311
6022,[*]SC(C)C([*])C,Egc,4.9162
6023,[*]SC(C)C([*])C,eib,4.555335138
6024,[*]Sc1c(C)cc([*])cc1C,Egc,3.8176
6025,[*]Sc1c(C)cc([*])cc1C,eib,2.821530956
6026,[*]Sc1c(F)c(F)c([*])c(F)c1F,Egc,2.1722
6027,[*]Sc1c(F)c(F)c([*])c(F)c1F,Egcr,3.6361
6028,[*]Sc1ccc([*])cc1,Egc,3.6929
6029,[*]Sc1ccc([*])cc1,Egcr,3.387
6030,[*]Sc1ccc([*])cc1,eib,2.832038396
6031,[*]Sc1ccc(C(=O)CNNCC(=O)c2ccc([*])cc2)cc1,Egc,3.4329
6032,[*]Sc1ccc(C(=O)CNNCC(=O)c2ccc([*])cc2)cc1,eib,2.375164321
6033,[*]Sc1ccc(C=Nc2ccc(N=Cc3ccc([*])cc3)cc2)cc1,Egc,2.9441
6034,[*]Sc1ccc(C=Nc2ccc(N=Cc3ccc([*])cc3)cc2)cc1,eib,2.380839314
6035,[*]Sc1ccc(-c2ccc(SC(=O)CCCCCCC([*])=O)cc2)cc1,Egc,4.0264
6036,[*]Sc1ccc(-c2ccc(SC(=O)CCCCCCCCC([*])=O)cc2)cc1,Egc,3.8477
6037,[*]Sc1ccc(Cc2ccc(SC([*])=O)cc2)cc1,Egc,4.3437
6038,[*]Sc1ccc(Cc2ccc(SC([*])=O)cc2)cc1,eib,3.509381177
6039,[*]Sc1ccc(Nc2ccc(Nc3ccc(Nc4ccc([*])cc4)cc3)cc2)cc1,Egc,3.6059
6040,[*]Sc1ccc(Nc2ccc(Nc3ccc(Nc4ccc([*])cc4)cc3)cc2)cc1,eib,3.087720315
6041,[*]Sc1ccc2c(c1)Sc1ccc([*])cc1S2,Egc,3.9872
6042,[*]SC1CCCC([*])C1,Egc,5.0122
6043,[*]SC1CCCC([*])C1,Egcr,5.2199
6044,[*]SC1CCCC([*])C1,eib,3.978180478
6045,[*]Sc1cccc(Sc2ccc(Sc3ccc([*])cc3)cc2)c1,Egc,3.7476
6046,[*]Sc1cccc(Sc2ccc(Sc3ccc([*])cc3)cc2)c1,eib,3.139721988
6047,C([*])(=O)CCCCC(=O)ONCCCCCCN([*]),Egc,5.7949
6048,C([*])(CC)=CCC([*]),Egc,5.1691
6049,C([*])=CCC(C)C([*]),Egc,5.3972
6050,C([*])=CCCC(C)C([*]),Egc,5.7497
6051,C([*])C([*])(C(=O)OCc1ccco1),Egc,4.8728
6052,C([*])C([*])(C1=CC(C)=CC=C1),Egc,5.0185
6053,C([*])C(=O)CCCCC(=O)NCCCCCCNC([*]),Egc,5.0252
6054,C([*])C(Br)=CC([*]),Egc,5.3365
6055,C([*])C(C#N)(C(=O)OCC(C)OCC=C)([*]),Egc,4.873
6056,C([*])C(C)(C(=O)OCC(F)(F)C([*])(F)F),Egc,6.5301
6057,C([*])C(C)(C(=O)OCCCOC)([*]),Egc,5.8667
6058,C([*])C(CCCC)=CC([*]),Egc,4.2773
6059,C([*])C(O1)CC(OC1C(C)(C))([*]),Egc,5.5507
6060,C([*])C(O1)CC(OC1CC)([*]),Egc,6.0051
6061,C([*])CC([*])=C,Egc,5.7373
6062,C(=O)([*])C1=CC=C(C=C1)C(=O)OC1=CC=C(C=C1)C2(C1=CC=CC=C1C(=O)O2)C1=CC=C(C=C1)O([*]),Egc,3.7601
6063,c1([*])ccc(cc1(O))c2cccc([*])c2(O),Egc,4.8746
6064,N([*])(C)C(=O)C(F)(F)C(F)(F)C(F)(F)C(=O)N(C)CCCCCCC(=O)([*]),Egc,5.5014
6065,N([*])C(=O)c1ccc(cc1)C(=O)NCC(C)(C)CC(C)CCC([*]),Egc,4.5756
6066,N([*])C(=O)CCCC(=O)NCCCCCCCC([*]),Egc,5.7409
6067,N([*])C(=O)CCCC(=O)NCCCCCCCCCC([*]),Egc,5.8098
6068,N([*])C(=O)CCCC(=O)NCCCCCCCCCC([*]),eib,3.817050719
6069,N([*])C(=O)CCCCC(=O)NCC1=C(C)C=C(C=C1)C([*]),Egc,5.4837
6070,N([*])CC(C)(C)CC(C)CNC(=O)CCCCC(=O)([*]),Egc,5.5505
6071,O([*])C(=O)OC(C=C1)=CC=C1C(C=C2)=CC=C2CC(C=C3)=CC=C3C(C=C4)=CC=C4([*]),Egc,4.1828
6072,O([*])C(=O)OC(C=C1)=CC=C1CC(C)(C)C(C=C2)=CC=C2([*]),Egc,5.4261
6073,O([*])C(=O)OC(C=C1)=CC=C1CC(C)(C)C(C=C2)=CC=C2([*]),eib,3.821398486
6074,O([*])C(=O)Oc1c(C(C)C)cc(cc1)C(C)(C)c1ccc(cc1)([*]),Egc,5.2592
6075,O([*])C(=O)Oc1c(C)cc(cc1)C(C)(C)c1cc(C)c(cc1)([*]),Egc,5.0649
6076,O([*])C(=O)Oc1c(C)cc(cc1)C(C)(C)c1cc(C)c(cc1)([*]),eib,3.659717566
6077,O([*])C(=O)Oc1c(C)cc(cc1)C(C)(C)c1ccc(cc1)([*]),Egc,4.9955
6078,O([*])C(=O)Oc1c(C)cc(cc1)C(C)(C)c1ccc(cc1)([*]),eib,3.793260453
6079,O([*])C(=O)Oc1c(OC)cc(cc1)C(C)c1ccc(cc1)([*]),Egc,4.5489
6080,O([*])C(=O)Oc1c(OC)cc(cc1)C(C)c1ccc(cc1)([*]),eib,3.821856781
6081,O([*])c1c(c1ccccc1)cc(c(c1ccccc1)c1)([*]),Egc,2.5386
6082,O([*])c1cc(c(CCCCCC)cc1)OC(=O)c1cc(ccc1)C(=O)([*]),Egc,3.8294
6083,O([*])c1cc(cc(CCC)c1)OC(=O)c1ccc(cc1)C(=O)([*]),Egc,3.9302
6084,O([*])c1cc(cc(CCCCCCCCC)c1)OC(=O)c1c(F)c(ccc1)C(=O)([*]),Egc,3.343
6085,O([*])c1cc(cc(CCCCCCCCC)c1)OC(=O)c1cc(cc(F)c1)C(=O)([*]),Egc,4.2982
6086,O([*])c1ccc(cc1)S(=O)(=O)c1ccc(cc1)OC(=O)c1ccc(cc1)C(=O)([*]),Egc,3.5538
6087,O([*])CC(F)(F)C(F)(F)C(F)(F)C(F)(F)COC(=O)CCSCCSCCC(=O)([*]),Egc,4.2864
6088,O([*])CC(O)COc1ccc(cc1)CC(C)(C)c1ccc(cc1)([*]),Egc,4.5905
6089,O([*])COCCSSCCCC([*]),Egc,5.1679
