,smiles_string,prop,value
0,[*]/C(=C(/[*])c1ccc(CCCC)cc1)c1ccccc1,p_exp_CO2,-6.026872146
1,[*]/C(=C(/[*])c1ccc(CCCC)cc1)c1ccccc1,p_exp_N2,-6.823908741
2,[*]/C(=C(/[*])c1ccc(CCCC)cc1)c1ccccc1,p_exp_O2,-6.585026652
3,[*]/C(=C(/[*])c1ccc(S(=O)(=O)O)cc1)c1ccc(CCCC)cc1,p_exp_CO2,-7.468521083
4,[*]/C(=C(/[*])c1ccc(S(=O)(=O)O)cc1)c1ccc(CCCC)cc1,p_exp_N2,-8.958607315
5,[*]/C(=C(/[*])c1ccc(S(=O)(=O)O)cc1)c1ccc(CCCC)cc1,p_exp_O2,-8.346787486
6,[*]/C(=C(/[*])c1ccc(S(=O)(=O)O)cc1)c1ccc([Si](C)(C)C)cc1,p_exp_CO2,-8.677780705
7,[*]/C(=C(/[*])c1ccc(S(=O)(=O)O)cc1)c1ccc([Si](C)(C)C)cc1,p_exp_N2,-10.55284197
8,[*]/C(=C(/[*])c1ccc(S(=O)(=O)O)cc1)c1ccc([Si](C)(C)C)cc1,p_exp_O2,-9.602059991
9,[*]/C(=C(/[*])c1ccc([Si](C(C)C)(C(C)C)C(C)C)cc1)c1ccccc1,p_exp_CH4,-7.619788758
10,[*]/C(=C(/[*])c1ccc([Si](C(C)C)(C(C)C)C(C)C)cc1)c1ccccc1,p_exp_CO2,-6.886056648
11,[*]/C(=C(/[*])c1ccc([Si](C(C)C)(C(C)C)C(C)C)cc1)c1ccccc1,p_exp_H2,-7.27572413
12,[*]/C(=C(/[*])c1ccc([Si](C(C)C)(C(C)C)C(C)C)cc1)c1ccccc1,p_exp_He,-7.501689446
13,[*]/C(=C(/[*])c1ccc([Si](C(C)C)(C(C)C)C(C)C)cc1)c1ccccc1,p_exp_N2,-8.040958608
14,[*]/C(=C(/[*])c1ccc([Si](C(C)C)(C(C)C)C(C)C)cc1)c1ccccc1,p_exp_O2,-7.638272164
15,[*]/C(=C(/[*])c1ccc([Si](C)(C)C)cc1)c1ccc(-c2ccc(C(C)(C)C)cc2)cc1,p_exp_CH4,-7.13667714
16,[*]/C(=C(/[*])c1ccc([Si](C)(C)C)cc1)c1ccc(-c2ccc(C(C)(C)C)cc2)cc1,p_exp_CO2,-6.48148606
17,[*]/C(=C(/[*])c1ccc([Si](C)(C)C)cc1)c1ccc(-c2ccc(C(C)(C)C)cc2)cc1,p_exp_H2,-6.920818754
18,[*]/C(=C(/[*])c1ccc([Si](C)(C)C)cc1)c1ccc(-c2ccc(C(C)(C)C)cc2)cc1,p_exp_He,-7.251811973
19,[*]/C(=C(/[*])c1ccc([Si](C)(C)C)cc1)c1ccc(-c2ccc(C(C)(C)C)cc2)cc1,p_exp_N2,-7.602059991
20,[*]/C(=C(/[*])c1ccc([Si](C)(C)C)cc1)c1ccc(-c2ccc(C(C)(C)C)cc2)cc1,p_exp_O2,-7.207608311
21,[*]/C(=C(/[*])c1ccc([Si](C)(C)C)cc1)c1ccccc1,p_exp_CH4,-6.823908741
22,[*]/C(=C(/[*])c1ccc([Si](C)(C)C)cc1)c1ccccc1,p_exp_CO2,-6.332547047
23,[*]/C(=C(/[*])c1ccc([Si](C)(C)C)cc1)c1ccccc1,p_exp_H2,-6.677780705
24,[*]/C(=C(/[*])c1ccc([Si](C)(C)C)cc1)c1ccccc1,p_exp_He,-7
25,[*]/C(=C(/[*])c1ccc([Si](C)(C)C)cc1)c1ccccc1,p_exp_N2,-7.271646218
26,[*]/C(=C(/[*])c1ccc([Si](C)(C)C)cc1)c1ccccc1,p_exp_O2,-6.93930216
27,[*]/C(=C(/[*])c1ccc([Si](c2ccccc2)(c2ccccc2)c2ccccc2)cc1)c1ccccc1,p_exp_CH4,-9.253365801
28,[*]/C(=C(/[*])c1ccc([Si](c2ccccc2)(c2ccccc2)c2ccccc2)cc1)c1ccccc1,p_exp_CO2,-8.103473783
29,[*]/C(=C(/[*])c1ccc([Si](c2ccccc2)(c2ccccc2)c2ccccc2)cc1)c1ccccc1,p_exp_H2,-8.286509457
30,[*]/C(=C(/[*])c1ccc([Si](c2ccccc2)(c2ccccc2)c2ccccc2)cc1)c1ccccc1,p_exp_He,-8.48148606
31,[*]/C(=C(/[*])c1ccc([Si](c2ccccc2)(c2ccccc2)c2ccccc2)cc1)c1ccccc1,p_exp_N2,-9.555955204
32,[*]/C(=C(/[*])c1ccc([Si](c2ccccc2)(c2ccccc2)c2ccccc2)cc1)c1ccccc1,p_exp_O2,-8.91721463
33,[*]/C(=C(/[*])c1ccc2c(c1)-c1cc([Si](C)(C)C)ccc1C2(C)C)c1ccccc1,p_exp_CH4,-5.721246399
34,[*]/C(=C(/[*])c1ccc2c(c1)-c1cc([Si](C)(C)C)ccc1C2(C)C)c1ccccc1,p_exp_CO2,-5.619788758
35,[*]/C(=C(/[*])c1ccc2c(c1)-c1cc([Si](C)(C)C)ccc1C2(C)C)c1ccccc1,p_exp_H2,-5.721246399
36,[*]/C(=C(/[*])c1ccc2c(c1)-c1cc([Si](C)(C)C)ccc1C2(C)C)c1ccccc1,p_exp_He,-6.055517328
37,[*]/C(=C(/[*])c1ccc2c(c1)-c1cc([Si](C)(C)C)ccc1C2(C)C)c1ccccc1,p_exp_N2,-6.091514981
38,[*]/C(=C(/[*])c1ccc2c(c1)-c1cc([Si](C)(C)C)ccc1C2(C)C)c1ccccc1,p_exp_O2,-6.008773924
39,[*]/C(=C(/[*])c1ccc2c(c1)-c1ccccc1C2(C)C)c1ccccc1,p_exp_CH4,-7.026872146
40,[*]/C(=C(/[*])c1ccc2c(c1)-c1ccccc1C2(C)C)c1ccccc1,p_exp_CO2,-6.468521083
41,[*]/C(=C(/[*])c1ccc2c(c1)-c1ccccc1C2(C)C)c1ccccc1,p_exp_H2,-6.698970004
42,[*]/C(=C(/[*])c1ccc2c(c1)-c1ccccc1C2(C)C)c1ccccc1,p_exp_He,-7.050609993
43,[*]/C(=C(/[*])c1ccc2c(c1)-c1ccccc1C2(C)C)c1ccccc1,p_exp_N2,-7.37675071
44,[*]/C(=C(/[*])c1ccc2c(c1)-c1ccccc1C2(C)C)c1ccccc1,p_exp_O2,-7.080921908
45,[*]/C(=C(/[*])c1ccc2c(c1)-c1ccccc1C21CC1)c1ccc([Si](C)(C)C)cc1,p_exp_CH4,-7.301029996
46,[*]/C(=C(/[*])c1ccc2c(c1)-c1ccccc1C21CC1)c1ccc([Si](C)(C)C)cc1,p_exp_CO2,-6.721246399
47,[*]/C(=C(/[*])c1ccc2c(c1)-c1ccccc1C21CC1)c1ccc([Si](C)(C)C)cc1,p_exp_H2,-7.008773924
48,[*]/C(=C(/[*])c1ccc2c(c1)-c1ccccc1C21CC1)c1ccc([Si](C)(C)C)cc1,p_exp_He,-7.318758763
49,[*]/C(=C(/[*])c1ccc2c(c1)-c1ccccc1C21CC1)c1ccc([Si](C)(C)C)cc1,p_exp_N2,-7.721246399
50,[*]/C(=C(/[*])c1ccc2c(c1)-c1ccccc1C21CC1)c1ccc([Si](C)(C)C)cc1,p_exp_O2,-7.356547324
51,[*]/C(=C(/[*])c1ccc2c(c1)-c1ccccc1C21CC1)c1ccccc1,p_exp_CH4,-6.806875402
52,[*]/C(=C(/[*])c1ccc2c(c1)-c1ccccc1C21CC1)c1ccccc1,p_exp_CO2,-6.392544977
53,[*]/C(=C(/[*])c1ccc2c(c1)-c1ccccc1C21CC1)c1ccccc1,p_exp_H2,-6.709965389
54,[*]/C(=C(/[*])c1ccc2c(c1)-c1ccccc1C21CC1)c1ccccc1,p_exp_He,-7.070581074
55,[*]/C(=C(/[*])c1ccc2c(c1)-c1ccccc1C21CC1)c1ccccc1,p_exp_N2,-7.232844134
56,[*]/C(=C(/[*])c1ccc2c(c1)-c1ccccc1C21CC1)c1ccccc1,p_exp_O2,-7.008773924
57,[*]/C(=C(/[*])c1ccc2c(c1)C(C)(C)C(C)(C)C2(C)C)c1ccccc1,p_exp_CH4,-5.616184634
58,[*]/C(=C(/[*])c1ccc2c(c1)C(C)(C)C(C)(C)C2(C)C)c1ccccc1,p_exp_CO2,-5.454692884
59,[*]/C(=C(/[*])c1ccc2c(c1)C(C)(C)C(C)(C)C2(C)C)c1ccccc1,p_exp_H2,-5.634512015
60,[*]/C(=C(/[*])c1ccc2c(c1)C(C)(C)C(C)(C)C2(C)C)c1ccccc1,p_exp_He,-5.995678626
61,[*]/C(=C(/[*])c1ccc2c(c1)C(C)(C)C(C)(C)C2(C)C)c1ccccc1,p_exp_N2,-6
62,[*]/C(=C(/[*])c1ccc2c(c1)C(C)(C)C(C)(C)C2(C)C)c1ccccc1,p_exp_O2,-5.903089987
63,[*]/C(=C(/[*])c1ccc2c(c1)C(C)(C)CC2(C)C)c1cc(F)cc(F)c1,p_exp_CH4,-5.536107011
64,[*]/C(=C(/[*])c1ccc2c(c1)C(C)(C)CC2(C)C)c1cc(F)cc(F)c1,p_exp_CO2,-5.442492798
65,[*]/C(=C(/[*])c1ccc2c(c1)C(C)(C)CC2(C)C)c1cc(F)cc(F)c1,p_exp_H2,-5.54515514
66,[*]/C(=C(/[*])c1ccc2c(c1)C(C)(C)CC2(C)C)c1cc(F)cc(F)c1,p_exp_He,-5.863279433
67,[*]/C(=C(/[*])c1ccc2c(c1)C(C)(C)CC2(C)C)c1cc(F)cc(F)c1,p_exp_N2,-5.882728704
68,[*]/C(=C(/[*])c1ccc2c(c1)C(C)(C)CC2(C)C)c1cc(F)cc(F)c1,p_exp_O2,-5.818156412
69,[*]/C(=C(/[*])c1ccc2c(c1)C(C)(C)CC2(C)C)c1ccc(Br)cc1,p_exp_CH4,-5.649751982
70,[*]/C(=C(/[*])c1ccc2c(c1)C(C)(C)CC2(C)C)c1ccc(Br)cc1,p_exp_CO2,-5.484126156
71,[*]/C(=C(/[*])c1ccc2c(c1)C(C)(C)CC2(C)C)c1ccc(Br)cc1,p_exp_H2,-5.684029655
72,[*]/C(=C(/[*])c1ccc2c(c1)C(C)(C)CC2(C)C)c1ccc(Br)cc1,p_exp_He,-6.036212173
73,[*]/C(=C(/[*])c1ccc2c(c1)C(C)(C)CC2(C)C)c1ccc(Br)cc1,p_exp_N2,-6.036212173
74,[*]/C(=C(/[*])c1ccc2c(c1)C(C)(C)CC2(C)C)c1ccc(Br)cc1,p_exp_O2,-5.943095149
75,[*]/C(=C(/[*])c1ccc2c(c1)C(C)(C)CC2(C)C)c1ccc(C)cc1,p_exp_CH4,-5.995678626
76,[*]/C(=C(/[*])c1ccc2c(c1)C(C)(C)CC2(C)C)c1ccc(C)cc1,p_exp_CO2,-5.772113295
77,[*]/C(=C(/[*])c1ccc2c(c1)C(C)(C)CC2(C)C)c1ccc(C)cc1,p_exp_H2,-5.966576245
78,[*]/C(=C(/[*])c1ccc2c(c1)C(C)(C)CC2(C)C)c1ccc(C)cc1,p_exp_He,-6.301029996
79,[*]/C(=C(/[*])c1ccc2c(c1)C(C)(C)CC2(C)C)c1ccc(C)cc1,p_exp_N2,-6.387216143
80,[*]/C(=C(/[*])c1ccc2c(c1)C(C)(C)CC2(C)C)c1ccc(C)cc1,p_exp_O2,-6.244125144
81,[*]/C(=C(/[*])c1ccc2c(c1)C(C)(C)CC2(C)C)c1ccc(Cl)cc1,p_exp_CH4,-5.643974143
82,[*]/C(=C(/[*])c1ccc2c(c1)C(C)(C)CC2(C)C)c1ccc(Cl)cc1,p_exp_CO2,-5.453457337
83,[*]/C(=C(/[*])c1ccc2c(c1)C(C)(C)CC2(C)C)c1ccc(Cl)cc1,p_exp_H2,-5.68613278
84,[*]/C(=C(/[*])c1ccc2c(c1)C(C)(C)CC2(C)C)c1ccc(Cl)cc1,p_exp_He,-6.031517051
85,[*]/C(=C(/[*])c1ccc2c(c1)C(C)(C)CC2(C)C)c1ccc(Cl)cc1,p_exp_N2,-6.036212173
86,[*]/C(=C(/[*])c1ccc2c(c1)C(C)(C)CC2(C)C)c1ccc(Cl)cc1,p_exp_O2,-5.931814138
87,[*]/C(=C(/[*])c1ccc2c(c1)C(C)(C)CC2(C)C)c1ccc(F)c(F)c1,p_exp_CH4,-5.455931956
88,[*]/C(=C(/[*])c1ccc2c(c1)C(C)(C)CC2(C)C)c1ccc(F)c(F)c1,p_exp_CO2,-5.354577731
89,[*]/C(=C(/[*])c1ccc2c(c1)C(C)(C)CC2(C)C)c1ccc(F)c(F)c1,p_exp_H2,-5.434152181
90,[*]/C(=C(/[*])c1ccc2c(c1)C(C)(C)CC2(C)C)c1ccc(F)c(F)c1,p_exp_He,-5.749579998
91,[*]/C(=C(/[*])c1ccc2c(c1)C(C)(C)CC2(C)C)c1ccc(F)c(F)c1,p_exp_N2,-5.779891912
92,[*]/C(=C(/[*])c1ccc2c(c1)C(C)(C)CC2(C)C)c1ccc(F)c(F)c1,p_exp_O2,-5.728158393
93,[*]/C(=C(/[*])c1ccc2c(c1)C(C)(C)CC2(C)C)c1ccc(F)cc1,p_exp_CH4,-5.46470588
94,[*]/C(=C(/[*])c1ccc2c(c1)C(C)(C)CC2(C)C)c1ccc(F)cc1,p_exp_CO2,-5.327902142
95,[*]/C(=C(/[*])c1ccc2c(c1)C(C)(C)CC2(C)C)c1ccc(F)cc1,p_exp_H2,-5.477555766
96,[*]/C(=C(/[*])c1ccc2c(c1)C(C)(C)CC2(C)C)c1ccc(F)cc1,p_exp_He,-5.801342913
97,[*]/C(=C(/[*])c1ccc2c(c1)C(C)(C)CC2(C)C)c1ccc(F)cc1,p_exp_N2,-5.806875402
98,[*]/C(=C(/[*])c1ccc2c(c1)C(C)(C)CC2(C)C)c1ccc(F)cc1,p_exp_O2,-5.747146969
99,[*]/C(=C(/[*])c1ccc2c(c1)C(C)(C)CC2(C)C)c1ccc([Si](C)(C)C)cc1,p_exp_CH4,-7.327902142
100,[*]/C(=C(/[*])c1ccc2c(c1)C(C)(C)CC2(C)C)c1ccc([Si](C)(C)C)cc1,p_exp_CO2,-6.698970004
101,[*]/C(=C(/[*])c1ccc2c(c1)C(C)(C)CC2(C)C)c1ccc([Si](C)(C)C)cc1,p_exp_H2,-6.958607315
102,[*]/C(=C(/[*])c1ccc2c(c1)C(C)(C)CC2(C)C)c1ccc([Si](C)(C)C)cc1,p_exp_He,-7.27572413
103,[*]/C(=C(/[*])c1ccc2c(c1)C(C)(C)CC2(C)C)c1ccc([Si](C)(C)C)cc1,p_exp_N2,-7.769551079
104,[*]/C(=C(/[*])c1ccc2c(c1)C(C)(C)CC2(C)C)c1ccc([Si](C)(C)C)cc1,p_exp_O2,-7.346787486
105,[*]/C(=C(/[*])c1ccc2c(c1)C(C)(C)CC2(C)C)c1ccccc1,p_exp_CH4,-5.565431096
106,[*]/C(=C(/[*])c1ccc2c(c1)C(C)(C)CC2(C)C)c1ccccc1,p_exp_CO2,-5.424812155
107,[*]/C(=C(/[*])c1ccc2c(c1)C(C)(C)CC2(C)C)c1ccccc1,p_exp_H2,-5.610833916
108,[*]/C(=C(/[*])c1ccc2c(c1)C(C)(C)CC2(C)C)c1ccccc1,p_exp_He,-5.962573502
109,[*]/C(=C(/[*])c1ccc2c(c1)C(C)(C)CC2(C)C)c1ccccc1,p_exp_N2,-5.958607315
110,[*]/C(=C(/[*])c1ccc2c(c1)C(C)(C)CC2(C)C)c1ccccc1,p_exp_O2,-5.863279433
111,[*]/C(=C(/[*])c1ccc2c(c1)C(C)(C)CCC2(C)C)c1ccccc1,p_exp_CH4,-6.180456064
112,[*]/C(=C(/[*])c1ccc2c(c1)C(C)(C)CCC2(C)C)c1ccccc1,p_exp_CO2,-5.943095149
113,[*]/C(=C(/[*])c1ccc2c(c1)C(C)(C)CCC2(C)C)c1ccccc1,p_exp_H2,-6.113509275
114,[*]/C(=C(/[*])c1ccc2c(c1)C(C)(C)CCC2(C)C)c1ccccc1,p_exp_He,-6.455931956
115,[*]/C(=C(/[*])c1ccc2c(c1)C(C)(C)CCC2(C)C)c1ccccc1,p_exp_N2,-6.568636236
116,[*]/C(=C(/[*])c1ccc2c(c1)C(C)(C)CCC2(C)C)c1ccccc1,p_exp_O2,-6.408935393
117,[*]/C(=C(/[*])c1ccc2c(c1)CCC2)c1ccc([Si](C)(C)C)cc1,p_exp_CH4,-8.22184875
118,[*]/C(=C(/[*])c1ccc2c(c1)CCC2)c1ccc([Si](C)(C)C)cc1,p_exp_CO2,-7.408935393
119,[*]/C(=C(/[*])c1ccc2c(c1)CCC2)c1ccc([Si](C)(C)C)cc1,p_exp_H2,-7.443697499
120,[*]/C(=C(/[*])c1ccc2c(c1)CCC2)c1ccc([Si](C)(C)C)cc1,p_exp_He,-7.698970004
121,[*]/C(=C(/[*])c1ccc2c(c1)CCC2)c1ccc([Si](C)(C)C)cc1,p_exp_N2,-8.522878745
122,[*]/C(=C(/[*])c1ccc2c(c1)CCC2)c1ccc([Si](C)(C)C)cc1,p_exp_O2,-8.065501549
123,[*]/C(=C(/[*])c1ccc2c(c1)Cc1ccccc1-2)c1ccc([Si](C)(C)C)cc1,p_exp_CH4,-6.698970004
124,[*]/C(=C(/[*])c1ccc2c(c1)Cc1ccccc1-2)c1ccc([Si](C)(C)C)cc1,p_exp_CO2,-6.190440285
125,[*]/C(=C(/[*])c1ccc2c(c1)Cc1ccccc1-2)c1ccc([Si](C)(C)C)cc1,p_exp_H2,-6.508638306
126,[*]/C(=C(/[*])c1ccc2c(c1)Cc1ccccc1-2)c1ccc([Si](C)(C)C)cc1,p_exp_He,-6.886056648
127,[*]/C(=C(/[*])c1ccc2c(c1)Cc1ccccc1-2)c1ccc([Si](C)(C)C)cc1,p_exp_N2,-7.022276395
128,[*]/C(=C(/[*])c1ccc2c(c1)Cc1ccccc1-2)c1ccc([Si](C)(C)C)cc1,p_exp_O2,-6.782516056
129,[*]/C(=C(/[*])c1ccc2c(c1)Cc1ccccc1-2)c1ccccc1,p_exp_CH4,-6.619788758
130,[*]/C(=C(/[*])c1ccc2c(c1)Cc1ccccc1-2)c1ccccc1,p_exp_CO2,-6.070581074
131,[*]/C(=C(/[*])c1ccc2c(c1)Cc1ccccc1-2)c1ccccc1,p_exp_H2,-6.437707136
132,[*]/C(=C(/[*])c1ccc2c(c1)Cc1ccccc1-2)c1ccccc1,p_exp_He,-6.795880017
133,[*]/C(=C(/[*])c1ccc2c(c1)Cc1ccccc1-2)c1ccccc1,p_exp_N2,-6.886056648
134,[*]/C(=C(/[*])c1ccc2c(c1)Cc1ccccc1-2)c1ccccc1,p_exp_O2,-6.66756154
135,[*]/C(=C(/[*])c1ccc2c(ccc3ccccc32)c1)c1ccc([Si](C)(C)C)cc1,p_exp_CH4,-7.301029996
136,[*]/C(=C(/[*])c1ccc2c(ccc3ccccc32)c1)c1ccc([Si](C)(C)C)cc1,p_exp_CO2,-6.677780705
137,[*]/C(=C(/[*])c1ccc2c(ccc3ccccc32)c1)c1ccc([Si](C)(C)C)cc1,p_exp_H2,-7.045757491
138,[*]/C(=C(/[*])c1ccc2c(ccc3ccccc32)c1)c1ccc([Si](C)(C)C)cc1,p_exp_He,-7.346787486
139,[*]/C(=C(/[*])c1ccc2c(ccc3ccccc32)c1)c1ccc([Si](C)(C)C)cc1,p_exp_N2,-7.721246399
140,[*]/C(=C(/[*])c1ccc2c(ccc3ccccc32)c1)c1ccc([Si](C)(C)C)cc1,p_exp_O2,-7.337242168
141,[*]/C(=C(/[*])c1ccc2c(ccc3ccccc32)c1)c1ccccc1,p_exp_CH4,-6.838631998
142,[*]/C(=C(/[*])c1ccc2c(ccc3ccccc32)c1)c1ccccc1,p_exp_CO2,-6.27572413
143,[*]/C(=C(/[*])c1ccc2c(ccc3ccccc32)c1)c1ccccc1,p_exp_H2,-6.602059991
144,[*]/C(=C(/[*])c1ccc2c(ccc3ccccc32)c1)c1ccccc1,p_exp_He,-6.93930216
145,[*]/C(=C(/[*])c1ccc2c(ccc3ccccc32)c1)c1ccccc1,p_exp_N2,-7.187086643
146,[*]/C(=C(/[*])c1ccc2c(ccc3ccccc32)c1)c1ccccc1,p_exp_O2,-6.886056648
147,[*]/C(=C(/[*])c1cccc(-c2ccc(C(C)(C)C)cc2)c1)c1ccccc1,p_exp_CH4,-7.721246399
148,[*]/C(=C(/[*])c1cccc(-c2ccc(C(C)(C)C)cc2)c1)c1ccccc1,p_exp_CO2,-6.913640169
149,[*]/C(=C(/[*])c1cccc(-c2ccc(C(C)(C)C)cc2)c1)c1ccccc1,p_exp_H2,-7.341988603
150,[*]/C(=C(/[*])c1cccc(-c2ccc(C(C)(C)C)cc2)c1)c1ccccc1,p_exp_He,-7.66756154
151,[*]/C(=C(/[*])c1cccc(-c2ccc(C(C)(C)C)cc2)c1)c1ccccc1,p_exp_N2,-8.151810883
152,[*]/C(=C(/[*])c1cccc(-c2ccc(C(C)(C)C)cc2)c1)c1ccccc1,p_exp_O2,-7.709965389
153,[*]/C(=C(/[*])c1cccc(-c2ccccc2)c1)c1ccccc1,p_exp_CH4,-7.769551079
154,[*]/C(=C(/[*])c1cccc(-c2ccccc2)c1)c1ccccc1,p_exp_CO2,-6.886056648
155,[*]/C(=C(/[*])c1cccc(-c2ccccc2)c1)c1ccccc1,p_exp_H2,-7.356547324
156,[*]/C(=C(/[*])c1cccc(-c2ccccc2)c1)c1ccccc1,p_exp_He,-7.698970004
157,[*]/C(=C(/[*])c1cccc(-c2ccccc2)c1)c1ccccc1,p_exp_N2,-8.187086643
158,[*]/C(=C(/[*])c1cccc(-c2ccccc2)c1)c1ccccc1,p_exp_O2,-7.744727495
159,[*]/C(=C(/[*])c1cccc([Si](C)(C)C)c1)c1ccccc1,p_exp_CH4,-7.070581074
160,[*]/C(=C(/[*])c1cccc([Si](C)(C)C)c1)c1ccccc1,p_exp_CO2,-6.548213564
161,[*]/C(=C(/[*])c1cccc([Si](C)(C)C)c1)c1ccccc1,p_exp_H2,-6.882728704
162,[*]/C(=C(/[*])c1cccc([Si](C)(C)C)c1)c1ccccc1,p_exp_He,-7.197226275
163,[*]/C(=C(/[*])c1cccc([Si](C)(C)C)c1)c1ccccc1,p_exp_N2,-7.449771647
164,[*]/C(=C(/[*])c1cccc([Si](C)(C)C)c1)c1ccccc1,p_exp_O2,-7.142667504
165,[*]/C(=C(/[*])c1ccccc1F)c1ccc2c(c1)C(C)(C)CC2(C)C,p_exp_CH4,-5.555955204
166,[*]/C(=C(/[*])c1ccccc1F)c1ccc2c(c1)C(C)(C)CC2(C)C,p_exp_CO2,-5.453457337
167,[*]/C(=C(/[*])c1ccccc1F)c1ccc2c(c1)C(C)(C)CC2(C)C,p_exp_H2,-5.568636236
168,[*]/C(=C(/[*])c1ccccc1F)c1ccc2c(c1)C(C)(C)CC2(C)C,p_exp_He,-5.89279003
169,[*]/C(=C(/[*])c1ccccc1F)c1ccc2c(c1)C(C)(C)CC2(C)C,p_exp_N2,-5.920818754
170,[*]/C(=C(/[*])c1ccccc1F)c1ccc2c(c1)C(C)(C)CC2(C)C,p_exp_O2,-5.844663963
171,[*]/C(C)=C(/[*])CC(C)C,p_exp_CH4,-7.721246399
172,[*]/C(C)=C(/[*])CC(C)C,p_exp_CO2,-7.045757491
173,[*]/C(C)=C(/[*])CC(C)C,p_exp_H2,-7.124938737
174,[*]/C(C)=C(/[*])CC(C)C,p_exp_He,-7.337242168
175,[*]/C(C)=C(/[*])CC(C)C,p_exp_N2,-8.031517051
176,[*]/C(C)=C(/[*])CC(C)C,p_exp_O2,-7.610833916
177,[*]/C(C)=C(/[*])CCC(C)C,p_exp_CH4,-7.950781977
178,[*]/C(C)=C(/[*])CCC(C)C,p_exp_CO2,-7.408935393
179,[*]/C(C)=C(/[*])CCC(C)C,p_exp_H2,-7.431798276
180,[*]/C(C)=C(/[*])CCC(C)C,p_exp_He,-7.619788758
181,[*]/C(C)=C(/[*])CCC(C)C,p_exp_N2,-8.292429824
182,[*]/C(C)=C(/[*])CCC(C)C,p_exp_O2,-7.886056648
183,[*]/C(C)=C(/[*])[Si](C)(C)C(C)C,p_exp_CH4,-7.443697499
184,[*]/C(C)=C(/[*])[Si](C)(C)C(C)C,p_exp_CO2,-6.657577319
185,[*]/C(C)=C(/[*])[Si](C)(C)C(C)C,p_exp_H2,-6.782516056
186,[*]/C(C)=C(/[*])[Si](C)(C)C(C)C,p_exp_He,-7.167491087
187,[*]/C(C)=C(/[*])[Si](C)(C)C(C)C,p_exp_N2,-7.769551079
188,[*]/C(C)=C(/[*])[Si](C)(C)C(C)C,p_exp_O2,-7.337242168
189,[*]/C(C)=C(/[*])[Si](C)(C)CC,p_exp_CH4,-6.920818754
190,[*]/C(C)=C(/[*])[Si](C)(C)CC,p_exp_CO2,-6.337242168
191,[*]/C(C)=C(/[*])[Si](C)(C)CC,p_exp_H2,-6.714442691
192,[*]/C(C)=C(/[*])[Si](C)(C)CC,p_exp_He,-7.080921908
193,[*]/C(C)=C(/[*])[Si](C)(C)CC,p_exp_N2,-7.30980392
194,[*]/C(C)=C(/[*])[Si](C)(C)CC,p_exp_O2,-7.013228266
195,[*]/C(C)=C(/[*])[Si](C)(C)CCC,p_exp_CH4,-8.356547324
196,[*]/C(C)=C(/[*])[Si](C)(C)CCC,p_exp_CO2,-7.638272164
197,[*]/C(C)=C(/[*])[Si](C)(C)CCC,p_exp_H2,-7.602059991
198,[*]/C(C)=C(/[*])[Si](C)(C)CCC,p_exp_He,-7.823908741
199,[*]/C(C)=C(/[*])[Si](C)(C)CCC,p_exp_N2,-8.677780705
200,[*]/C(C)=C(/[*])[Si](C)(C)CCC,p_exp_O2,-8.15490196
201,[*]/C(C)=C(/[*])[Si](C)(C)CCCC,p_exp_CH4,-8.769551079
202,[*]/C(C)=C(/[*])[Si](C)(C)CCCC,p_exp_CO2,-8
203,[*]/C(C)=C(/[*])[Si](C)(C)CCCC,p_exp_H2,-8.187086643
204,[*]/C(C)=C(/[*])[Si](C)(C)CCCC,p_exp_He,-8.207608311
205,[*]/C(C)=C(/[*])[Si](C)(C)CCCC,p_exp_N2,-9.096910013
206,[*]/C(C)=C(/[*])[Si](C)(C)CCCC,p_exp_O2,-8.537602002
207,[*]/C(C)=C(/[*])[Si](C)(C)CCCCC,p_exp_CH4,-8.886056648
208,[*]/C(C)=C(/[*])[Si](C)(C)CCCCC,p_exp_CO2,-8
209,[*]/C(C)=C(/[*])[Si](C)(C)CCCCC,p_exp_H2,-8.327902142
210,[*]/C(C)=C(/[*])[Si](C)(C)CCCCC,p_exp_He,-8.431798276
211,[*]/C(C)=C(/[*])[Si](C)(C)CCCCC,p_exp_N2,-8.721246399
212,[*]/C(C)=C(/[*])[Si](C)(C)CCCCC,p_exp_O2,-8.638272164
213,[*]/C(C)=C(/[*])[Si](C)(C)c1ccccc1,p_exp_CH4,-9.769551079
214,[*]/C(C)=C(/[*])[Si](C)(C)c1ccccc1,p_exp_CO2,-8.424812155
215,[*]/C(C)=C(/[*])[Si](C)(C)c1ccccc1,p_exp_H2,-8.853871964
216,[*]/C(C)=C(/[*])[Si](C)(C)c1ccccc1,p_exp_He,-9.080921908
217,[*]/C(C)=C(/[*])[Si](C)(C)c1ccccc1,p_exp_N2,-9.920818754
218,[*]/C(C)=C(/[*])[Si](C)(C)c1ccccc1,p_exp_O2,-9.356547324
219,[*]/C(C)=C(/[*])c1ccccc1,p_exp_CH4,-9.552841969
220,[*]/C(C)=C(/[*])c1ccccc1,p_exp_CO2,-7.844663963
221,[*]/C(C)=C(/[*])c1ccccc1,p_exp_H2,-7.790484985
222,[*]/C(C)=C(/[*])c1ccccc1,p_exp_He,-8.522878745
223,[*]/C(C)=C(/[*])c1ccccc1,p_exp_N2,-8.935542011
224,[*]/C(C)=C(/[*])c1ccccc1,p_exp_O2,-8.500312917
225,[*]/C(CC)=C(/[*])c1ccccc1,p_exp_CH4,-9.356547324
226,[*]/C(CC)=C(/[*])c1ccccc1,p_exp_CO2,-8.397940009
227,[*]/C(CC)=C(/[*])c1ccccc1,p_exp_H2,-8.366531544
228,[*]/C(CC)=C(/[*])c1ccccc1,p_exp_He,-8.397940009
229,[*]/C(CC)=C(/[*])c1ccccc1,p_exp_N2,-9.346787486
230,[*]/C(CC)=C(/[*])c1ccccc1,p_exp_O2,-8.920818754
231,[*]/C(CCCCCC)=C(/[*])c1ccccc1,p_exp_CH4,-8.853871964
232,[*]/C(CCCCCC)=C(/[*])c1ccccc1,p_exp_CO2,-8.318758763
233,[*]/C(CCCCCC)=C(/[*])c1ccccc1,p_exp_H2,-8.244125144
234,[*]/C(CCCCCC)=C(/[*])c1ccccc1,p_exp_He,-8.522878745
235,[*]/C(CCCCCC)=C(/[*])c1ccccc1,p_exp_N2,-9.259637311
236,[*]/C(CCCCCC)=C(/[*])c1ccccc1,p_exp_O2,-8.853871964
237,[*]/C(Cl)=C(/[*])CCCC,p_exp_CH4,-9.356547324
238,[*]/C(Cl)=C(/[*])CCCC,p_exp_CO2,-8.397940009
239,[*]/C(Cl)=C(/[*])CCCC,p_exp_H2,-8.244125144
240,[*]/C(Cl)=C(/[*])CCCC,p_exp_He,-8.397940009
241,[*]/C(Cl)=C(/[*])CCCC,p_exp_N2,-9.346787486
242,[*]/C(Cl)=C(/[*])CCCC,p_exp_O2,-8.920818754
243,[*]/C(Cl)=C(/[*])CCCCCC,p_exp_CH4,-8.48148606
244,[*]/C(Cl)=C(/[*])CCCCCC,p_exp_CO2,-7.886056648
245,[*]/C(Cl)=C(/[*])CCCCCC,p_exp_H2,-8.180456064
246,[*]/C(Cl)=C(/[*])CCCCCC,p_exp_He,-8.387216143
247,[*]/C(Cl)=C(/[*])CCCCCC,p_exp_N2,-8.958607315
248,[*]/C(Cl)=C(/[*])CCCCCC,p_exp_O2,-8.494850022
249,[*]/C(Cl)=C(/[*])c1ccccc1,p_exp_CH4,-9.886056648
250,[*]/C(Cl)=C(/[*])c1ccccc1,p_exp_CO2,-8.638272164
251,[*]/C(Cl)=C(/[*])c1ccccc1,p_exp_H2,-8.537602002
252,[*]/C(Cl)=C(/[*])c1ccccc1,p_exp_He,-8.638272164
253,[*]/C(Cl)=C(/[*])c1ccccc1,p_exp_N2,-10
254,[*]/C(Cl)=C(/[*])c1ccccc1,p_exp_O2,-9.292429824
255,[*]/C=C(/[*])C(C)(C)C,p_exp_CH4,-8.070581074
256,[*]/C=C(/[*])C(C)(C)C,p_exp_CO2,-7.251811973
257,[*]/C=C(/[*])C(C)(C)C,p_exp_He,-7.744727495
258,[*]/C=C(/[*])C(C)(C)C,p_exp_N2,-8.366531544
259,[*]/C=C(/[*])C(C)(C)C,p_exp_O2,-7.886056648
260,[*]/C=C(/[*])c1ccc(-c2ccc([Si](C)(C)C)cc2)cc1,p_exp_CH4,-7.346787486
261,[*]/C=C(/[*])c1ccc(-c2ccc([Si](C)(C)C)cc2)cc1,p_exp_CO2,-6.657577319
262,[*]/C=C(/[*])c1ccc(-c2ccc([Si](C)(C)C)cc2)cc1,p_exp_H2,-7.091514981
263,[*]/C=C(/[*])c1ccc(-c2ccc([Si](C)(C)C)cc2)cc1,p_exp_He,-7.431798276
264,[*]/C=C(/[*])c1ccc(-c2ccc([Si](C)(C)C)cc2)cc1,p_exp_N2,-7.795880017
265,[*]/C=C(/[*])c1ccc(-c2ccc([Si](C)(C)C)cc2)cc1,p_exp_O2,-7.408935393
266,[*]/C=C(/[*])c1ccc(C[Si](C)(C)C)cc1,p_exp_CH4,-7.920818754
267,[*]/C=C(/[*])c1ccc(C[Si](C)(C)C)cc1,p_exp_CO2,-7.193820026
268,[*]/C=C(/[*])c1ccc(C[Si](C)(C)C)cc1,p_exp_H2,-7.37675071
269,[*]/C=C(/[*])c1ccc(C[Si](C)(C)C)cc1,p_exp_He,-7.619788758
270,[*]/C=C(/[*])c1ccc(C[Si](C)(C)C)cc1,p_exp_N2,-8.356547324
271,[*]/C=C(/[*])c1ccc(C[Si](C)(C)C)cc1,p_exp_O2,-7.853871964
272,[*]/C=C(/[*])c1ccc(O[Si](C)(C)C(C)(C)C)cc1,p_exp_CH4,-8.920818754
273,[*]/C=C(/[*])c1ccc(O[Si](C)(C)C(C)(C)C)cc1,p_exp_CO2,-8.236572006
274,[*]/C=C(/[*])c1ccc(O[Si](C)(C)C(C)(C)C)cc1,p_exp_H2,-8.193820026
275,[*]/C=C(/[*])c1ccc(O[Si](C)(C)C(C)(C)C)cc1,p_exp_He,-8.318758763
276,[*]/C=C(/[*])c1ccc(O[Si](C)(C)C(C)(C)C)cc1,p_exp_N2,-9.119186408
277,[*]/C=C(/[*])c1ccc(O[Si](C)(C)C(C)(C)C)cc1,p_exp_O2,-8.769551079
278,[*]/C=C(/[*])c1ccccc1,p_exp_CH4,-9.283996656
279,[*]/C=C(/[*])c1ccccc1,p_exp_CO2,-8.052566278
280,[*]/C=C(/[*])c1ccccc1,p_exp_H2,-7.928117993
281,[*]/C=C(/[*])c1ccccc1,p_exp_N2,-9.455931956
282,[*]/C=C(/[*])c1ccccc1,p_exp_O2,-8.782516056
283,[*]/C=C(/[*])c1ccccc1C,p_exp_CH4,-9.522878745
284,[*]/C=C(/[*])c1ccccc1C,p_exp_CO2,-8.823908741
285,[*]/C=C(/[*])c1ccccc1C,p_exp_H2,-8.408935393
286,[*]/C=C(/[*])c1ccccc1C,p_exp_He,-8.537602002
287,[*]/C=C(/[*])c1ccccc1C,p_exp_N2,-9.522878745
288,[*]/C=C(/[*])c1ccccc1C,p_exp_O2,-9.091514981
289,[*]/C=C(/[*])c1ccccc1C(F)(F)F,p_exp_CH4,-9.180456064
290,[*]/C=C(/[*])c1ccccc1C(F)(F)F,p_exp_CO2,-7.886056648
291,[*]/C=C(/[*])c1ccccc1C(F)(F)F,p_exp_H2,-7.853871964
292,[*]/C=C(/[*])c1ccccc1C(F)(F)F,p_exp_He,-7.886056648
293,[*]/C=C(/[*])c1ccccc1C(F)(F)F,p_exp_N2,-9.13667714
294,[*]/C=C(/[*])c1ccccc1C(F)(F)F,p_exp_O2,-8.602059991
295,[*]=CC1CCC(C=[*])C1,p_exp_CH4,-9.602059991
296,[*]=CC1CCC(C=[*])C1,p_exp_CO2,-8.812479279
297,[*]=CC1CCC(C=[*])C1,p_exp_H2,-8.677780705
298,[*]=CC1CCC(C=[*])C1,p_exp_He,-8.677780705
299,[*]=CC1CCC(C=[*])C1,p_exp_N2,-9.823908741
300,[*]=CC1CCC(C=[*])C1,p_exp_O2,-9.552841969
301,[*]=CCCC(=[*])Cl,p_exp_CO2,-8.588380294
302,[*]=CCCC(=[*])Cl,p_exp_O2,-9.397940009
303,[*]=CCCC=[*],p_exp_He,-8.367542708
304,[*]=CCCC=[*],p_exp_N2,-8.600326279
305,[*]=NP(=NP(=[*])(Cl)Oc1cc(C(C)(C)C)cc(C(C)(C)C)c1)(Oc1cc(C(C)(C)C)cc(C(C)(C)C)c1)Oc1cc(C(C)(C)C)cc(C(C)(C)C)c1,p_exp_CH4,-9.301029996
306,[*]=NP(=NP(=[*])(Cl)Oc1cc(C(C)(C)C)cc(C(C)(C)C)c1)(Oc1cc(C(C)(C)C)cc(C(C)(C)C)c1)Oc1cc(C(C)(C)C)cc(C(C)(C)C)c1,p_exp_CO2,-8.568636236
307,[*]=NP(=NP(=[*])(Cl)Oc1cc(C(C)(C)C)cc(C(C)(C)C)c1)(Oc1cc(C(C)(C)C)cc(C(C)(C)C)c1)Oc1cc(C(C)(C)C)cc(C(C)(C)C)c1,p_exp_H2,-8.124938737
308,[*]=NP(=NP(=[*])(Cl)Oc1cc(C(C)(C)C)cc(C(C)(C)C)c1)(Oc1cc(C(C)(C)C)cc(C(C)(C)C)c1)Oc1cc(C(C)(C)C)cc(C(C)(C)C)c1,p_exp_N2,-9.522878745
309,[*]=NP(=NP(=[*])(Cl)Oc1cc(C(C)(C)C)cc(C(C)(C)C)c1)(Oc1cc(C(C)(C)C)cc(C(C)(C)C)c1)Oc1cc(C(C)(C)C)cc(C(C)(C)C)c1,p_exp_O2,-8.958607315
310,[*]=NP(=NP(=[*])(OCC(C)(C)C)Oc1ccccc1)(Oc1ccccc1)Oc1ccccc1,p_exp_CH4,-9.045757491
311,[*]=NP(=NP(=[*])(OCC(C)(C)C)Oc1ccccc1)(Oc1ccccc1)Oc1ccccc1,p_exp_CO2,-8.139063379
312,[*]=NP(=NP(=[*])(OCC(C)(C)C)Oc1ccccc1)(Oc1ccccc1)Oc1ccccc1,p_exp_He,-8.675717545
313,[*]=NP(=NP(=[*])(OCC(C)(C)C)Oc1ccccc1)(Oc1ccccc1)Oc1ccccc1,p_exp_N2,-9.468521083
314,[*]=NP(=NP(=[*])(OCC(C)(C)C)Oc1ccccc1)(Oc1ccccc1)Oc1ccccc1,p_exp_O2,-8.982966661
315,[*]=NP(=NP(=[*])(Oc1ccc(OC)cc1)Oc1ccccc1CC=C)(OCCCOCCOC)Oc1ccc(OC)cc1,p_exp_CH4,-8.958607315
316,[*]=NP(=NP(=[*])(Oc1ccc(OC)cc1)Oc1ccccc1CC=C)(OCCCOCCOC)Oc1ccc(OC)cc1,p_exp_CO2,-7.602059991
317,[*]=NP(=NP(=[*])(Oc1ccc(OC)cc1)Oc1ccccc1CC=C)(OCCCOCCOC)Oc1ccc(OC)cc1,p_exp_H2,-8.602059991
318,[*]=NP(=NP(=[*])(Oc1ccc(OC)cc1)Oc1ccccc1CC=C)(OCCCOCCOC)Oc1ccc(OC)cc1,p_exp_He,-8.769551079
319,[*]=NP(=NP(=[*])(Oc1ccc(OC)cc1)Oc1ccccc1CC=C)(OCCCOCCOC)Oc1ccc(OC)cc1,p_exp_N2,-9.397940009
320,[*]=NP(=NP(=[*])(Oc1ccc(OC)cc1)Oc1ccccc1CC=C)(OCCCOCCOC)Oc1ccc(OC)cc1,p_exp_O2,-9.15490196
321,[*]=NP(=NP(=[*])(Oc1ccccc1)Oc1ccc([Si](C)(C)C)cc1)(Oc1ccc(Br)cc1)Oc1ccc([Si](C)(C)C)cc1,p_exp_CH4,-8.632644079
322,[*]=NP(=NP(=[*])(Oc1ccccc1)Oc1ccc([Si](C)(C)C)cc1)(Oc1ccc(Br)cc1)Oc1ccc([Si](C)(C)C)cc1,p_exp_CO2,-7.935542011
323,[*]=NP(=NP(=[*])(Oc1ccccc1)Oc1ccc([Si](C)(C)C)cc1)(Oc1ccc(Br)cc1)Oc1ccc([Si](C)(C)C)cc1,p_exp_He,-8.209011525
324,[*]=NP(=NP(=[*])(Oc1ccccc1)Oc1ccc([Si](C)(C)C)cc1)(Oc1ccc(Br)cc1)Oc1ccc([Si](C)(C)C)cc1,p_exp_N2,-9.026872146
325,[*]=NP(=NP(=[*])(Oc1ccccc1)Oc1ccc([Si](C)(C)C)cc1)(Oc1ccc(Br)cc1)Oc1ccc([Si](C)(C)C)cc1,p_exp_O2,-8.512861625
326,[*]=NP(=NP(=[*])(Oc1ccccc1)Oc1ccc([Si](C)(C)c2ccccc2)cc1)(Oc1ccc(Br)cc1)Oc1ccc([Si](C)(C)c2ccccc2)cc1,p_exp_CH4,-9.236572006
327,[*]=NP(=NP(=[*])(Oc1ccccc1)Oc1ccc([Si](C)(C)c2ccccc2)cc1)(Oc1ccc(Br)cc1)Oc1ccc([Si](C)(C)c2ccccc2)cc1,p_exp_CO2,-8.348721986
328,[*]=NP(=NP(=[*])(Oc1ccccc1)Oc1ccc([Si](C)(C)c2ccccc2)cc1)(Oc1ccc(Br)cc1)Oc1ccc([Si](C)(C)c2ccccc2)cc1,p_exp_He,-8.684029655
329,[*]=NP(=NP(=[*])(Oc1ccccc1)Oc1ccc([Si](C)(C)c2ccccc2)cc1)(Oc1ccc(Br)cc1)Oc1ccc([Si](C)(C)c2ccccc2)cc1,p_exp_N2,-9.657577319
330,[*]=NP(=NP(=[*])(Oc1ccccc1)Oc1ccc([Si](C)(C)c2ccccc2)cc1)(Oc1ccc(Br)cc1)Oc1ccc([Si](C)(C)c2ccccc2)cc1,p_exp_O2,-9.107905397
331,[*]=NP(=NP(=[*])(Oc1ccccc1)Oc1ccc([Si](C)(c2ccccc2)c2ccccc2)cc1)(Oc1ccc(Br)cc1)Oc1ccc([Si](C)(c2ccccc2)c2ccccc2)cc1,p_exp_CH4,-10.36653154
332,[*]=NP(=NP(=[*])(Oc1ccccc1)Oc1ccc([Si](C)(c2ccccc2)c2ccccc2)cc1)(Oc1ccc(Br)cc1)Oc1ccc([Si](C)(c2ccccc2)c2ccccc2)cc1,p_exp_CO2,-9.251811973
333,[*]=NP(=NP(=[*])(Oc1ccccc1)Oc1ccc([Si](C)(c2ccccc2)c2ccccc2)cc1)(Oc1ccc(Br)cc1)Oc1ccc([Si](C)(c2ccccc2)c2ccccc2)cc1,p_exp_He,-8.978810701
334,[*]=NP(=NP(=[*])(Oc1ccccc1)Oc1ccc([Si](C)(c2ccccc2)c2ccccc2)cc1)(Oc1ccc(Br)cc1)Oc1ccc([Si](C)(c2ccccc2)c2ccccc2)cc1,p_exp_N2,-10.50863831
335,[*]=NP(=NP(=[*])(Oc1ccccc1)Oc1ccc([Si](C)(c2ccccc2)c2ccccc2)cc1)(Oc1ccc(Br)cc1)Oc1ccc([Si](C)(c2ccccc2)c2ccccc2)cc1,p_exp_O2,-9.886056648
336,[*]C(=C([*])c1ccc(C(C)(C)C)cc1)c1ccc(O)cc1,p_exp_CH4,-8.337242168
337,[*]C(=C([*])c1ccc(C(C)(C)C)cc1)c1ccc(O)cc1,p_exp_CO2,-7.27572413
338,[*]C(=C([*])c1ccc(C(C)(C)C)cc1)c1ccc(O)cc1,p_exp_H2,-7.468521083
339,[*]C(=C([*])c1ccc(C(C)(C)C)cc1)c1ccc(O)cc1,p_exp_He,-7.721246399
340,[*]C(=C([*])c1ccc(C(C)(C)C)cc1)c1ccc(O)cc1,p_exp_N2,-8.638272164
341,[*]C(=C([*])c1ccc(C(C)(C)C)cc1)c1ccc(O)cc1,p_exp_O2,-8.086186148
342,[*]C(=C([*])c1ccc(C(C)(C)C)cc1)c1ccc(O[Si](C)(C)C(C)(C)C)cc1,p_exp_CH4,-7.26760624
343,[*]C(=C([*])c1ccc(C(C)(C)C)cc1)c1ccc(O[Si](C)(C)C(C)(C)C)cc1,p_exp_CO2,-6.638272164
344,[*]C(=C([*])c1ccc(C(C)(C)C)cc1)c1ccc(O[Si](C)(C)C(C)(C)C)cc1,p_exp_H2,-7
345,[*]C(=C([*])c1ccc(C(C)(C)C)cc1)c1ccc(O[Si](C)(C)C(C)(C)C)cc1,p_exp_He,-7.27572413
346,[*]C(=C([*])c1ccc(C(C)(C)C)cc1)c1ccc(O[Si](C)(C)C(C)(C)C)cc1,p_exp_N2,-7.677780705
347,[*]C(=C([*])c1ccc(C(C)(C)C)cc1)c1ccc(O[Si](C)(C)C(C)(C)C)cc1,p_exp_O2,-7.327902142
348,[*]C(=C([*])c1ccc(C(C)(C)C)cc1)c1ccccc1,p_exp_CO2,-6.522878745
349,[*]C(=C([*])c1ccc(C(C)(C)C)cc1)c1ccccc1,p_exp_N2,-7.443697499
350,[*]C(=C([*])c1ccc(C(C)(C)C)cc1)c1ccccc1,p_exp_O2,-7.086186148
351,[*]C(=C([*])c1ccc(C(C)C)cc1)c1ccccc1,p_exp_CO2,-6.958607315
352,[*]C(=C([*])c1ccc(C(C)C)cc1)c1ccccc1,p_exp_N2,-7.823908741
353,[*]C(=C([*])c1ccc(C(C)C)cc1)c1ccccc1,p_exp_O2,-7.522878745
354,[*]C(=C([*])c1ccc(CCCC)cc1)c1ccccc1,p_exp_CO2,-7.795880017
355,[*]C(=C([*])c1ccc(CCCC)cc1)c1ccccc1,p_exp_N2,-8.958607315
356,[*]C(=C([*])c1ccc(CCCC)cc1)c1ccccc1,p_exp_O2,-8.431798276
357,[*]C(=C([*])c1ccc([Si](C)(C)C)cc1)c1ccc(O[Si](C)(C)C(C)(C)C)cc1,p_exp_CH4,-6.958607315
358,[*]C(=C([*])c1ccc([Si](C)(C)C)cc1)c1ccc(O[Si](C)(C)C(C)(C)C)cc1,p_exp_CO2,-6.420216403
359,[*]C(=C([*])c1ccc([Si](C)(C)C)cc1)c1ccc(O[Si](C)(C)C(C)(C)C)cc1,p_exp_H2,-6.823908741
360,[*]C(=C([*])c1ccc([Si](C)(C)C)cc1)c1ccc(O[Si](C)(C)C(C)(C)C)cc1,p_exp_He,-7.102372909
361,[*]C(=C([*])c1ccc([Si](C)(C)C)cc1)c1ccc(O[Si](C)(C)C(C)(C)C)cc1,p_exp_N2,-7.408935393
362,[*]C(=C([*])c1ccc([Si](C)(C)C)cc1)c1ccc(O[Si](C)(C)C(C)(C)C)cc1,p_exp_O2,-7.080921908
363,[*]C(=C([*])c1ccc([Si](C)(C)CCCCCCCC)cc1)c1ccc(C(C)(C)C)cc1,p_exp_CO2,-8
364,[*]C(=C([*])c1ccc([Si](C)(C)CCCCCCCC)cc1)c1ccc(C(C)(C)C)cc1,p_exp_N2,-9.124938737
365,[*]C(=C([*])c1ccc([Si](C)(C)CCCCCCCC)cc1)c1ccc(C(C)(C)C)cc1,p_exp_O2,-8.585026652
366,[*]C(=C([*])c1ccc([Si](C)(C)CCCCCCCC)cc1)c1ccc(C(C)C)cc1,p_exp_CO2,-7.920818754
367,[*]C(=C([*])c1ccc([Si](C)(C)CCCCCCCC)cc1)c1ccc(C(C)C)cc1,p_exp_N2,-9.040958608
368,[*]C(=C([*])c1ccc([Si](C)(C)CCCCCCCC)cc1)c1ccc(C(C)C)cc1,p_exp_O2,-8.537602002
369,[*]C(=C([*])c1ccc([Si](C)(C)CCCCCCCC)cc1)c1ccc(CCCC)cc1,p_exp_CO2,-7.958607315
370,[*]C(=C([*])c1ccc([Si](C)(C)CCCCCCCC)cc1)c1ccc(CCCC)cc1,p_exp_N2,-9.102372909
371,[*]C(=C([*])c1ccc([Si](C)(C)CCCCCCCC)cc1)c1ccc(CCCC)cc1,p_exp_O2,-8.602059991
372,[*]C(=C([*])c1ccc([Si](C)(C)CCCCCCCC)cc1)c1ccccc1,p_exp_CO2,-7.769551079
373,[*]C(=C([*])c1ccc([Si](C)(C)CCCCCCCC)cc1)c1ccccc1,p_exp_N2,-8.958607315
374,[*]C(=C([*])c1ccc([Si](C)(C)CCCCCCCC)cc1)c1ccccc1,p_exp_O2,-8.468521083
375,[*]C(=C([*])c1ccc2c(c1)C(C)(C)c1cc(Br)ccc1-2)c1ccccc1,p_exp_CH4,-6.522878745
376,[*]C(=C([*])c1ccc2c(c1)C(C)(C)c1cc(Br)ccc1-2)c1ccccc1,p_exp_CO2,-6.096910013
377,[*]C(=C([*])c1ccc2c(c1)C(C)(C)c1cc(Br)ccc1-2)c1ccccc1,p_exp_H2,-6.431798276
378,[*]C(=C([*])c1ccc2c(c1)C(C)(C)c1cc(Br)ccc1-2)c1ccccc1,p_exp_He,-6.823908741
379,[*]C(=C([*])c1ccc2c(c1)C(C)(C)c1cc(Br)ccc1-2)c1ccccc1,p_exp_N2,-6.958607315
380,[*]C(=C([*])c1ccc2c(c1)C(C)(C)c1cc(Br)ccc1-2)c1ccccc1,p_exp_O2,-6.698970004
381,[*]C(=C([*])c1ccc2c(c1)C(C)(C)c1cc([Si](C)(C)C)ccc1-2)c1ccccc1,p_exp_CH4,-6
382,[*]C(=C([*])c1ccc2c(c1)C(C)(C)c1cc([Si](C)(C)C)ccc1-2)c1ccccc1,p_exp_CO2,-5.744727495
383,[*]C(=C([*])c1ccc2c(c1)C(C)(C)c1cc([Si](C)(C)C)ccc1-2)c1ccccc1,p_exp_H2,-6.070581074
384,[*]C(=C([*])c1ccc2c(c1)C(C)(C)c1cc([Si](C)(C)C)ccc1-2)c1ccccc1,p_exp_He,-6.468521083
385,[*]C(=C([*])c1ccc2c(c1)C(C)(C)c1cc([Si](C)(C)C)ccc1-2)c1ccccc1,p_exp_N2,-6.468521083
386,[*]C(=C([*])c1ccc2c(c1)C(C)(C)c1cc([Si](C)(C)C)ccc1-2)c1ccccc1,p_exp_O2,-6.26760624
387,[*]C(=C([*])c1ccc2c(c1)C(C)(C)c1ccccc1-2)c1cc(F)cc(F)c1,p_exp_CH4,-6.37675071
388,[*]C(=C([*])c1ccc2c(c1)C(C)(C)c1ccccc1-2)c1cc(F)cc(F)c1,p_exp_CO2,-6.036212173
389,[*]C(=C([*])c1ccc2c(c1)C(C)(C)c1ccccc1-2)c1cc(F)cc(F)c1,p_exp_H2,-6.301029996
390,[*]C(=C([*])c1ccc2c(c1)C(C)(C)c1ccccc1-2)c1cc(F)cc(F)c1,p_exp_He,-6.677780705
391,[*]C(=C([*])c1ccc2c(c1)C(C)(C)c1ccccc1-2)c1cc(F)cc(F)c1,p_exp_N2,-6.769551079
392,[*]C(=C([*])c1ccc2c(c1)C(C)(C)c1ccccc1-2)c1cc(F)cc(F)c1,p_exp_O2,-6.568636236
393,[*]C(=C([*])c1ccc2c(c1)C(C)(C)c1ccccc1-2)c1ccc(Br)cc1,p_exp_CH4,-6.031517051
394,[*]C(=C([*])c1ccc2c(c1)C(C)(C)c1ccccc1-2)c1ccc(Br)cc1,p_exp_CO2,-5.769551079
395,[*]C(=C([*])c1ccc2c(c1)C(C)(C)c1ccccc1-2)c1ccc(Br)cc1,p_exp_H2,-6.060480747
396,[*]C(=C([*])c1ccc2c(c1)C(C)(C)c1ccccc1-2)c1ccc(Br)cc1,p_exp_He,-6.468521083
397,[*]C(=C([*])c1ccc2c(c1)C(C)(C)c1ccccc1-2)c1ccc(Br)cc1,p_exp_N2,-6.455931956
398,[*]C(=C([*])c1ccc2c(c1)C(C)(C)c1ccccc1-2)c1ccc(Br)cc1,p_exp_O2,-6.301029996
399,[*]C(=C([*])c1ccc2c(c1)C(C)(C)c1ccccc1-2)c1ccc(C(C)(C)C)cc1,p_exp_CH4,-6.180456064
400,[*]C(=C([*])c1ccc2c(c1)C(C)(C)c1ccccc1-2)c1ccc(C(C)(C)C)cc1,p_exp_CO2,-5.958607315
401,[*]C(=C([*])c1ccc2c(c1)C(C)(C)c1ccccc1-2)c1ccc(C(C)(C)C)cc1,p_exp_H2,-6.200659451
402,[*]C(=C([*])c1ccc2c(c1)C(C)(C)c1ccccc1-2)c1ccc(C(C)(C)C)cc1,p_exp_He,-6.568636236
403,[*]C(=C([*])c1ccc2c(c1)C(C)(C)c1ccccc1-2)c1ccc(C(C)(C)C)cc1,p_exp_N2,-6.602059991
404,[*]C(=C([*])c1ccc2c(c1)C(C)(C)c1ccccc1-2)c1ccc(C(C)(C)C)cc1,p_exp_O2,-6.455931956
405,[*]C(=C([*])c1ccc2c(c1)C(C)(C)c1ccccc1-2)c1ccc(F)c(F)c1,p_exp_CH4,-5.920818754
406,[*]C(=C([*])c1ccc2c(c1)C(C)(C)c1ccccc1-2)c1ccc(F)c(F)c1,p_exp_CO2,-5.585026652
407,[*]C(=C([*])c1ccc2c(c1)C(C)(C)c1ccccc1-2)c1ccc(F)c(F)c1,p_exp_H2,-5.958607315
408,[*]C(=C([*])c1ccc2c(c1)C(C)(C)c1ccccc1-2)c1ccc(F)c(F)c1,p_exp_He,-6.301029996
409,[*]C(=C([*])c1ccc2c(c1)C(C)(C)c1ccccc1-2)c1ccc(F)c(F)c1,p_exp_N2,-6.292429824
410,[*]C(=C([*])c1ccc2c(c1)C(C)(C)c1ccccc1-2)c1ccc(F)c(F)c1,p_exp_O2,-6.180456064
411,[*]C(=C([*])c1ccc2c(c1)C(C)(C)c1ccccc1-2)c1ccc(F)cc1,p_exp_CH4,-5.958607315
412,[*]C(=C([*])c1ccc2c(c1)C(C)(C)c1ccccc1-2)c1ccc(F)cc1,p_exp_CO2,-5.677780705
413,[*]C(=C([*])c1ccc2c(c1)C(C)(C)c1ccccc1-2)c1ccc(F)cc1,p_exp_H2,-5.958607315
414,[*]C(=C([*])c1ccc2c(c1)C(C)(C)c1ccccc1-2)c1ccc(F)cc1,p_exp_He,-6.337242168
415,[*]C(=C([*])c1ccc2c(c1)C(C)(C)c1ccccc1-2)c1ccc(F)cc1,p_exp_N2,-6.327902142
416,[*]C(=C([*])c1ccc2c(c1)C(C)(C)c1ccccc1-2)c1ccc(F)cc1,p_exp_O2,-6.207608311
417,[*]C(=C([*])c1ccc2c(c1)C(C)(C)c1ccccc1-2)c1ccc([Si](C)(C)C)cc1,p_exp_CH4,-7.259637311
418,[*]C(=C([*])c1ccc2c(c1)C(C)(C)c1ccccc1-2)c1ccc([Si](C)(C)C)cc1,p_exp_CO2,-6.721246399
419,[*]C(=C([*])c1ccc2c(c1)C(C)(C)c1ccccc1-2)c1ccc([Si](C)(C)C)cc1,p_exp_H2,-6.958607315
420,[*]C(=C([*])c1ccc2c(c1)C(C)(C)c1ccccc1-2)c1ccc([Si](C)(C)C)cc1,p_exp_He,-7.283996656
421,[*]C(=C([*])c1ccc2c(c1)C(C)(C)c1ccccc1-2)c1ccc([Si](C)(C)C)cc1,p_exp_N2,-7.677780705
422,[*]C(=C([*])c1ccc2c(c1)C(C)(C)c1ccccc1-2)c1ccc([Si](C)(C)C)cc1,p_exp_O2,-7.327902142
423,[*]C(=C([*])c1ccc2c(c1)C(C)(C)c1ccccc1-2)c1cccc(F)c1,p_exp_CH4,-5.958607315
424,[*]C(=C([*])c1ccc2c(c1)C(C)(C)c1ccccc1-2)c1cccc(F)c1,p_exp_CO2,-5.744727495
425,[*]C(=C([*])c1ccc2c(c1)C(C)(C)c1ccccc1-2)c1cccc(F)c1,p_exp_H2,-6.004364805
426,[*]C(=C([*])c1ccc2c(c1)C(C)(C)c1ccccc1-2)c1cccc(F)c1,p_exp_He,-6.387216143
427,[*]C(=C([*])c1ccc2c(c1)C(C)(C)c1ccccc1-2)c1cccc(F)c1,p_exp_N2,-6.37675071
428,[*]C(=C([*])c1ccc2c(c1)C(C)(C)c1ccccc1-2)c1cccc(F)c1,p_exp_O2,-6.229147988
429,[*]C(=C([*])c1ccc2c(c1)C(C)(C)c1ccccc1-2)c1ccccc1,p_exp_CH4,-6.040958608
430,[*]C(=C([*])c1ccc2c(c1)C(C)(C)c1ccccc1-2)c1ccccc1,p_exp_CO2,-5.769551079
431,[*]C(=C([*])c1ccc2c(c1)C(C)(C)c1ccccc1-2)c1ccccc1,p_exp_H2,-6.091514981
432,[*]C(=C([*])c1ccc2c(c1)C(C)(C)c1ccccc1-2)c1ccccc1,p_exp_He,-6.494850022
433,[*]C(=C([*])c1ccc2c(c1)C(C)(C)c1ccccc1-2)c1ccccc1,p_exp_N2,-6.48148606
434,[*]C(=C([*])c1ccc2c(c1)C(C)(C)c1ccccc1-2)c1ccccc1,p_exp_O2,-6.318758763
435,[*]C(=C([*])c1ccc2c(c1)C1(CC1)c1ccccc1-2)c1ccc([Si](C)(C)C)cc1,p_exp_CH4,-6.823908741
436,[*]C(=C([*])c1ccc2c(c1)C1(CC1)c1ccccc1-2)c1ccc([Si](C)(C)C)cc1,p_exp_CO2,-6.387216143
437,[*]C(=C([*])c1ccc2c(c1)C1(CC1)c1ccccc1-2)c1ccc([Si](C)(C)C)cc1,p_exp_H2,-6.721246399
438,[*]C(=C([*])c1ccc2c(c1)C1(CC1)c1ccccc1-2)c1ccc([Si](C)(C)C)cc1,p_exp_He,-7.075720714
439,[*]C(=C([*])c1ccc2c(c1)C1(CC1)c1ccccc1-2)c1ccc([Si](C)(C)C)cc1,p_exp_N2,-7.26760624
440,[*]C(=C([*])c1ccc2c(c1)C1(CC1)c1ccccc1-2)c1ccc([Si](C)(C)C)cc1,p_exp_O2,-7
441,[*]C(=C([*])c1ccc2c(c1)C1(CC1)c1ccccc1-2)c1ccccc1,p_exp_CH4,-7.091514981
442,[*]C(=C([*])c1ccc2c(c1)C1(CC1)c1ccccc1-2)c1ccccc1,p_exp_CO2,-6.494850022
443,[*]C(=C([*])c1ccc2c(c1)C1(CC1)c1ccccc1-2)c1ccccc1,p_exp_H2,-6.853871964
444,[*]C(=C([*])c1ccc2c(c1)C1(CC1)c1ccccc1-2)c1ccccc1,p_exp_He,-7.22184875
445,[*]C(=C([*])c1ccc2c(c1)C1(CC1)c1ccccc1-2)c1ccccc1,p_exp_N2,-7.397940009
446,[*]C(=C([*])c1ccc2c(c1)C1(CC1)c1ccccc1-2)c1ccccc1,p_exp_O2,-7.180456064
447,[*]C(=C([*])c1cccc(O)c1)c1ccc(C(C)(C)C)cc1,p_exp_CH4,-7.30980392
448,[*]C(=C([*])c1cccc(O)c1)c1ccc(C(C)(C)C)cc1,p_exp_CO2,-6.522878745
449,[*]C(=C([*])c1cccc(O)c1)c1ccc(C(C)(C)C)cc1,p_exp_H2,-6.769551079
450,[*]C(=C([*])c1cccc(O)c1)c1ccc(C(C)(C)C)cc1,p_exp_He,-7.091514981
451,[*]C(=C([*])c1cccc(O)c1)c1ccc(C(C)(C)C)cc1,p_exp_N2,-7.677780705
452,[*]C(=C([*])c1cccc(O)c1)c1ccc(C(C)(C)C)cc1,p_exp_O2,-7.236572006
453,[*]C(=C([*])c1cccc(O[Si](C)(C)C(C)(C)C)c1)c1ccc(C(C)(C)C)cc1,p_exp_CH4,-6.48148606
454,[*]C(=C([*])c1cccc(O[Si](C)(C)C(C)(C)C)c1)c1ccc(C(C)(C)C)cc1,p_exp_CO2,-6.142667504
455,[*]C(=C([*])c1cccc(O[Si](C)(C)C(C)(C)C)c1)c1ccc(C(C)(C)C)cc1,p_exp_H2,-6.408935393
456,[*]C(=C([*])c1cccc(O[Si](C)(C)C(C)(C)C)c1)c1ccc(C(C)(C)C)cc1,p_exp_He,-6.795880017
457,[*]C(=C([*])c1cccc(O[Si](C)(C)C(C)(C)C)c1)c1ccc(C(C)(C)C)cc1,p_exp_N2,-6.886056648
458,[*]C(=C([*])c1cccc(O[Si](C)(C)C(C)(C)C)c1)c1ccc(C(C)(C)C)cc1,p_exp_O2,-6.677780705
459,[*]C(=C([*])c1cccc(O[Si](C)(C)C(C)(C)C)c1)c1ccc([Si](C)(C)C)cc1,p_exp_CH4,-6.958607315
460,[*]C(=C([*])c1cccc(O[Si](C)(C)C(C)(C)C)c1)c1ccc([Si](C)(C)C)cc1,p_exp_CO2,-6.537602002
461,[*]C(=C([*])c1cccc(O[Si](C)(C)C(C)(C)C)c1)c1ccc([Si](C)(C)C)cc1,p_exp_H2,-6.795880017
462,[*]C(=C([*])c1cccc(O[Si](C)(C)C(C)(C)C)c1)c1ccc([Si](C)(C)C)cc1,p_exp_He,-7.075720714
463,[*]C(=C([*])c1cccc(O[Si](C)(C)C(C)(C)C)c1)c1ccc([Si](C)(C)C)cc1,p_exp_N2,-7.366531544
464,[*]C(=C([*])c1cccc(O[Si](C)(C)C(C)(C)C)c1)c1ccc([Si](C)(C)C)cc1,p_exp_O2,-7.091514981
465,[*]C(=C([*])c1ccccc1)c1ccccc1,p_exp_CO2,-6.37675071
466,[*]C(=C([*])c1ccccc1)c1ccccc1,p_exp_N2,-7.13076828
467,[*]C(=C([*])c1ccccc1)c1ccccc1,p_exp_O2,-6.920818754
468,[*]C(=O)COc1c(Br)cc(C(C)(C)c2cc(Br)c(OC(=O)c3cc([*])cc(C(C)(C)C)c3)c(Br)c2)cc1Br,p_exp_CH4,-10.06905097
469,[*]C(=O)COc1c(Br)cc(C(C)(C)c2cc(Br)c(OC(=O)c3cc([*])cc(C(C)(C)C)c3)c(Br)c2)cc1Br,p_exp_CO2,-8.66756154
470,[*]C(=O)COc1c(Br)cc(C(C)(C)c2cc(Br)c(OC(=O)c3cc([*])cc(C(C)(C)C)c3)c(Br)c2)cc1Br,p_exp_H2,-8.26760624
471,[*]C(=O)COc1c(Br)cc(C(C)(C)c2cc(Br)c(OC(=O)c3cc([*])cc(C(C)(C)C)c3)c(Br)c2)cc1Br,p_exp_He,-8.380906669
472,[*]C(=O)COc1c(Br)cc(C(C)(C)c2cc(Br)c(OC(=O)c3cc([*])cc(C(C)(C)C)c3)c(Br)c2)cc1Br,p_exp_N2,-10.04527521
473,[*]C(=O)COc1c(Br)cc(C(C)(C)c2cc(Br)c(OC(=O)c3cc([*])cc(C(C)(C)C)c3)c(Br)c2)cc1Br,p_exp_O2,-9.249491605
474,[*]C(=O)COc1c(Br)cc(C(c2cc(Br)c(OC(=O)c3cc([*])cc(C(C)(C)C)c3)c(Br)c2)(C(F)(F)F)C(F)(F)F)cc1Br,p_exp_CH4,-9.473660723
475,[*]C(=O)COc1c(Br)cc(C(c2cc(Br)c(OC(=O)c3cc([*])cc(C(C)(C)C)c3)c(Br)c2)(C(F)(F)F)C(F)(F)F)cc1Br,p_exp_CO2,-8.07007044
476,[*]C(=O)COc1c(Br)cc(C(c2cc(Br)c(OC(=O)c3cc([*])cc(C(C)(C)C)c3)c(Br)c2)(C(F)(F)F)C(F)(F)F)cc1Br,p_exp_H2,-7.826813732
477,[*]C(=O)COc1c(Br)cc(C(c2cc(Br)c(OC(=O)c3cc([*])cc(C(C)(C)C)c3)c(Br)c2)(C(F)(F)F)C(F)(F)F)cc1Br,p_exp_He,-7.906578315
478,[*]C(=O)COc1c(Br)cc(C(c2cc(Br)c(OC(=O)c3cc([*])cc(C(C)(C)C)c3)c(Br)c2)(C(F)(F)F)C(F)(F)F)cc1Br,p_exp_N2,-9.349692477
479,[*]C(=O)COc1c(Br)cc(C(c2cc(Br)c(OC(=O)c3cc([*])cc(C(C)(C)C)c3)c(Br)c2)(C(F)(F)F)C(F)(F)F)cc1Br,p_exp_O2,-8.655607726
480,[*]C(=O)COc1c(Br)cc2c(c1Br)C(C)(C)c1cc(Br)c(OC(=O)c3cc([*])cc(C(C)(C)C)c3)c(Br)c1-2,p_exp_CH4,-9.557520231
481,[*]C(=O)COc1c(Br)cc2c(c1Br)C(C)(C)c1cc(Br)c(OC(=O)c3cc([*])cc(C(C)(C)C)c3)c(Br)c1-2,p_exp_CO2,-8.158015195
482,[*]C(=O)COc1c(Br)cc2c(c1Br)C(C)(C)c1cc(Br)c(OC(=O)c3cc([*])cc(C(C)(C)C)c3)c(Br)c1-2,p_exp_H2,-7.850780887
483,[*]C(=O)COc1c(Br)cc2c(c1Br)C(C)(C)c1cc(Br)c(OC(=O)c3cc([*])cc(C(C)(C)C)c3)c(Br)c1-2,p_exp_He,-8.025028006
484,[*]C(=O)COc1c(Br)cc2c(c1Br)C(C)(C)c1cc(Br)c(OC(=O)c3cc([*])cc(C(C)(C)C)c3)c(Br)c1-2,p_exp_N2,-9.53165267
485,[*]C(=O)COc1c(Br)cc2c(c1Br)C(C)(C)c1cc(Br)c(OC(=O)c3cc([*])cc(C(C)(C)C)c3)c(Br)c1-2,p_exp_O2,-8.774690718
486,[*]C(=O)Nc1ccc(C2(c3ccc(NC(=O)c4cc([*])cc(C(C)(C)C)c4)cc3)c3ccccc3-c3ccccc32)cc1,p_exp_CH4,-9.809668302
487,[*]C(=O)Nc1ccc(C2(c3ccc(NC(=O)c4cc([*])cc(C(C)(C)C)c4)cc3)c3ccccc3-c3ccccc32)cc1,p_exp_CO2,-8.42365865
488,[*]C(=O)Nc1ccc(C2(c3ccc(NC(=O)c4cc([*])cc(C(C)(C)C)c4)cc3)c3ccccc3-c3ccccc32)cc1,p_exp_He,-8.272458743
489,[*]C(=O)Nc1ccc(C2(c3ccc(NC(=O)c4cc([*])cc(C(C)(C)C)c4)cc3)c3ccccc3-c3ccccc32)cc1,p_exp_N2,-9.853871964
490,[*]C(=O)Nc1ccc(C2(c3ccc(NC(=O)c4cc([*])cc(C(C)(C)C)c4)cc3)c3ccccc3-c3ccccc32)cc1,p_exp_O2,-9.096910013
491,[*]C(=O)Nc1ccc(Cc2ccc(NC(=O)c3cc([*])cc(C(C)(C)C)c3)cc2)cc1,p_exp_CO2,-9.304518324
492,[*]C(=O)Nc1ccc(Cc2ccc(NC(=O)c3cc([*])cc(C(C)(C)C)c3)cc2)cc1,p_exp_He,-8.714442691
493,[*]C(=O)Nc1ccc(Cc2ccc(NC(=O)c3cc([*])cc(C(C)(C)C)c3)cc2)cc1,p_exp_N2,-10.63827216
494,[*]C(=O)Nc1ccc(Cc2ccc(NC(=O)c3cc([*])cc(C(C)(C)C)c3)cc2)cc1,p_exp_O2,-9.935542011
495,[*]C(=O)Oc1c(Br)cc(C(C)(C)c2cc(Br)c(OC(=O)c3cc([*])cc(C(C)(C)C)c3)c(Br)c2)cc1Br,p_exp_CH4,-10.06905097
496,[*]C(=O)Oc1c(Br)cc(C(C)(C)c2cc(Br)c(OC(=O)c3cc([*])cc(C(C)(C)C)c3)c(Br)c2)cc1Br,p_exp_CO2,-8.66756154
497,[*]C(=O)Oc1c(Br)cc(C(C)(C)c2cc(Br)c(OC(=O)c3cc([*])cc(C(C)(C)C)c3)c(Br)c2)cc1Br,p_exp_H2,-8.268411235
498,[*]C(=O)Oc1c(Br)cc(C(C)(C)c2cc(Br)c(OC(=O)c3cc([*])cc(C(C)(C)C)c3)c(Br)c2)cc1Br,p_exp_He,-8.380906669
499,[*]C(=O)Oc1c(Br)cc(C(C)(C)c2cc(Br)c(OC(=O)c3cc([*])cc(C(C)(C)C)c3)c(Br)c2)cc1Br,p_exp_N2,-10.05060999
500,[*]C(=O)Oc1c(Br)cc(C(C)(C)c2cc(Br)c(OC(=O)c3cc([*])cc(C(C)(C)C)c3)c(Br)c2)cc1Br,p_exp_O2,-9.247183569
501,[*]C(=O)Oc1c(Br)cc(C2(c3cc(Br)c(OC(=O)c4cc([*])cc(C(C)(C)C)c4)c(Br)c3)OC(=O)c3ccccc32)cc1Br,p_exp_CH4,-9.962573502
502,[*]C(=O)Oc1c(Br)cc(C2(c3cc(Br)c(OC(=O)c4cc([*])cc(C(C)(C)C)c4)c(Br)c3)OC(=O)c3ccccc32)cc1Br,p_exp_CO2,-8.514278574
503,[*]C(=O)Oc1c(Br)cc(C2(c3cc(Br)c(OC(=O)c4cc([*])cc(C(C)(C)C)c4)c(Br)c3)OC(=O)c3ccccc32)cc1Br,p_exp_H2,-8.171340103
504,[*]C(=O)Oc1c(Br)cc(C2(c3cc(Br)c(OC(=O)c4cc([*])cc(C(C)(C)C)c4)c(Br)c3)OC(=O)c3ccccc32)cc1Br,p_exp_He,-8.289882635
505,[*]C(=O)Oc1c(Br)cc(C2(c3cc(Br)c(OC(=O)c4cc([*])cc(C(C)(C)C)c4)c(Br)c3)OC(=O)c3ccccc32)cc1Br,p_exp_N2,-9.924453039
506,[*]C(=O)Oc1c(Br)cc(C2(c3cc(Br)c(OC(=O)c4cc([*])cc(C(C)(C)C)c4)c(Br)c3)OC(=O)c3ccccc32)cc1Br,p_exp_O2,-9.130181792
507,[*]C(=O)Oc1c(Br)cc(C2(c3cc(Br)c(OC(=O)c4cc([*])cc(C(C)(C)C)c4)c(Br)c3)c3ccccc3-c3ccccc32)cc1Br,p_exp_CH4,-9.557520231
508,[*]C(=O)Oc1c(Br)cc(C2(c3cc(Br)c(OC(=O)c4cc([*])cc(C(C)(C)C)c4)c(Br)c3)c3ccccc3-c3ccccc32)cc1Br,p_exp_CO2,-8.158015195
509,[*]C(=O)Oc1c(Br)cc(C2(c3cc(Br)c(OC(=O)c4cc([*])cc(C(C)(C)C)c4)c(Br)c3)c3ccccc3-c3ccccc32)cc1Br,p_exp_H2,-7.863279433
510,[*]C(=O)Oc1c(Br)cc(C2(c3cc(Br)c(OC(=O)c4cc([*])cc(C(C)(C)C)c4)c(Br)c3)c3ccccc3-c3ccccc32)cc1Br,p_exp_He,-8.025028006
511,[*]C(=O)Oc1c(Br)cc(C2(c3cc(Br)c(OC(=O)c4cc([*])cc(C(C)(C)C)c4)c(Br)c3)c3ccccc3-c3ccccc32)cc1Br,p_exp_N2,-9.54515514
512,[*]C(=O)Oc1c(Br)cc(C2(c3cc(Br)c(OC(=O)c4cc([*])cc(C(C)(C)C)c4)c(Br)c3)c3ccccc3-c3ccccc32)cc1Br,p_exp_O2,-8.774690718
513,[*]C(=O)Oc1ccc(C(C)(C)c2ccc(OC(=O)c3cc([*])cc(C(C)(C)C)c3)cc2)cc1,p_exp_CH4,-9.844663963
514,[*]C(=O)Oc1ccc(C(C)(C)c2ccc(OC(=O)c3cc([*])cc(C(C)(C)C)c3)cc2)cc1,p_exp_CO2,-8.616184634
515,[*]C(=O)Oc1ccc(C(C)(C)c2ccc(OC(=O)c3cc([*])cc(C(C)(C)C)c3)cc2)cc1,p_exp_H2,-8.377785977
516,[*]C(=O)Oc1ccc(C(C)(C)c2ccc(OC(=O)c3cc([*])cc(C(C)(C)C)c3)cc2)cc1,p_exp_He,-8.46470588
517,[*]C(=O)Oc1ccc(C(C)(C)c2ccc(OC(=O)c3cc([*])cc(C(C)(C)C)c3)cc2)cc1,p_exp_N2,-9.931814138
518,[*]C(=O)Oc1ccc(C(C)(C)c2ccc(OC(=O)c3cc([*])cc(C(C)(C)C)c3)cc2)cc1,p_exp_O2,-9.225483034
519,[*]C(=O)Oc1ccc(C(c2ccc(OC(=O)c3cc([*])cc(C(C)(C)C)c3)cc2)(C(F)(F)F)C(F)(F)F)cc1,p_exp_CH4,-9.459670525
520,[*]C(=O)Oc1ccc(C(c2ccc(OC(=O)c3cc([*])cc(C(C)(C)C)c3)cc2)(C(F)(F)F)C(F)(F)F)cc1,p_exp_CO2,-8.244887734
521,[*]C(=O)Oc1ccc(C(c2ccc(OC(=O)c3cc([*])cc(C(C)(C)C)c3)cc2)(C(F)(F)F)C(F)(F)F)cc1,p_exp_H2,-8.061980903
522,[*]C(=O)Oc1ccc(C(c2ccc(OC(=O)c3cc([*])cc(C(C)(C)C)c3)cc2)(C(F)(F)F)C(F)(F)F)cc1,p_exp_He,-8.040481623
523,[*]C(=O)Oc1ccc(C(c2ccc(OC(=O)c3cc([*])cc(C(C)(C)C)c3)cc2)(C(F)(F)F)C(F)(F)F)cc1,p_exp_N2,-9.440093375
524,[*]C(=O)Oc1ccc(C(c2ccc(OC(=O)c3cc([*])cc(C(C)(C)C)c3)cc2)(C(F)(F)F)C(F)(F)F)cc1,p_exp_O2,-8.804100348
525,[*]C(=O)Oc1ccc(C2(c3ccc(OC(=O)c4cc([*])cc(C(C)(C)C)c4)cc3)OC(=O)c3ccccc32)cc1,p_exp_CH4,-9.935542011
526,[*]C(=O)Oc1ccc(C2(c3ccc(OC(=O)c4cc([*])cc(C(C)(C)C)c4)cc3)OC(=O)c3ccccc32)cc1,p_exp_CO2,-8.623423043
527,[*]C(=O)Oc1ccc(C2(c3ccc(OC(=O)c4cc([*])cc(C(C)(C)C)c4)cc3)OC(=O)c3ccccc32)cc1,p_exp_H2,-8.384049948
528,[*]C(=O)Oc1ccc(C2(c3ccc(OC(=O)c4cc([*])cc(C(C)(C)C)c4)cc3)OC(=O)c3ccccc32)cc1,p_exp_He,-8.448550002
529,[*]C(=O)Oc1ccc(C2(c3ccc(OC(=O)c4cc([*])cc(C(C)(C)C)c4)cc3)OC(=O)c3ccccc32)cc1,p_exp_N2,-9.974694135
530,[*]C(=O)Oc1ccc(C2(c3ccc(OC(=O)c4cc([*])cc(C(C)(C)C)c4)cc3)OC(=O)c3ccccc32)cc1,p_exp_O2,-9.251811973
531,[*]C(=O)Oc1ccc(C2(c3ccc(OC(=O)c4cc([*])cc(C(C)(C)C)c4)cc3)c3ccccc3-c3ccccc32)cc1,p_exp_CH4,-9.623423043
532,[*]C(=O)Oc1ccc(C2(c3ccc(OC(=O)c4cc([*])cc(C(C)(C)C)c4)cc3)c3ccccc3-c3ccccc32)cc1,p_exp_CO2,-8.434152181
533,[*]C(=O)Oc1ccc(C2(c3ccc(OC(=O)c4cc([*])cc(C(C)(C)C)c4)cc3)c3ccccc3-c3ccccc32)cc1,p_exp_H2,-8.199970641
534,[*]C(=O)Oc1ccc(C2(c3ccc(OC(=O)c4cc([*])cc(C(C)(C)C)c4)cc3)c3ccccc3-c3ccccc32)cc1,p_exp_He,-8.338187314
535,[*]C(=O)Oc1ccc(C2(c3ccc(OC(=O)c4cc([*])cc(C(C)(C)C)c4)cc3)c3ccccc3-c3ccccc32)cc1,p_exp_N2,-9.71219827
536,[*]C(=O)Oc1ccc(C2(c3ccc(OC(=O)c4cc([*])cc(C(C)(C)C)c4)cc3)c3ccccc3-c3ccccc32)cc1,p_exp_O2,-9.019996628
537,[*]C(=O)c1ccc(-c2ccc(C(=O)c3ccc(Oc4ccc(S(=O)(=O)c5ccc(Oc6ccc([*])cc6)cc5)cc4)cc3)cc2)cc1,p_exp_CH4,-10.92081875
538,[*]C(=O)c1ccc(-c2ccc(C(=O)c3ccc(Oc4ccc(S(=O)(=O)c5ccc(Oc6ccc([*])cc6)cc5)cc4)cc3)cc2)cc1,p_exp_CO2,-9.485452247
539,[*]C(=O)c1ccc(-c2ccc(C(=O)c3ccc(Oc4ccc(S(=O)(=O)c5ccc(Oc6ccc([*])cc6)cc5)cc4)cc3)cc2)cc1,p_exp_H2,-9.076755981
540,[*]C(=O)c1ccc(-c2ccc(C(=O)c3ccc(Oc4ccc(S(=O)(=O)c5ccc(Oc6ccc([*])cc6)cc5)cc4)cc3)cc2)cc1,p_exp_He,-9.113509275
541,[*]C(=O)c1ccc(-c2ccc(C(=O)c3ccc(Oc4ccc(S(=O)(=O)c5ccc(Oc6ccc([*])cc6)cc5)cc4)cc3)cc2)cc1,p_exp_N2,-10.95860731
542,[*]C(=O)c1ccc(-c2ccc(C(=O)c3ccc(Oc4ccc(S(=O)(=O)c5ccc(Oc6ccc([*])cc6)cc5)cc4)cc3)cc2)cc1,p_exp_O2,-10.19382003
543,[*]C(=O)c1ccc(-c2nc3cc(C(c4ccc5oc(-c6ccc([*])cc6)nc5c4)(C(F)(F)F)C(F)(F)F)ccc3o2)cc1,p_exp_CH4,-10.73754891
544,[*]C(=O)c1ccc(-c2nc3cc(C(c4ccc5oc(-c6ccc([*])cc6)nc5c4)(C(F)(F)F)C(F)(F)F)ccc3o2)cc1,p_exp_CO2,-9.151810883
545,[*]C(=O)c1ccc(-c2nc3cc(C(c4ccc5oc(-c6ccc([*])cc6)nc5c4)(C(F)(F)F)C(F)(F)F)ccc3o2)cc1,p_exp_H2,-8.605548319
546,[*]C(=O)c1ccc(-c2nc3cc(C(c4ccc5oc(-c6ccc([*])cc6)nc5c4)(C(F)(F)F)C(F)(F)F)ccc3o2)cc1,p_exp_N2,-10.47495519
547,[*]C(=O)c1ccc(-c2nc3cc(C(c4ccc5oc(-c6ccc([*])cc6)nc5c4)(C(F)(F)F)C(F)(F)F)ccc3o2)cc1,p_exp_O2,-9.690369833
548,[*]C(=O)c1ccc(C(c2ccc(C(=O)c3ccc(Oc4ccc(C(c5ccc(Oc6ccc([*])cc6)cc5)(C(F)(F)F)C(F)(F)F)cc4)cc3)cc2)(C(F)(F)F)C(F)(F)F)cc1,p_exp_CH4,-10.32148162
549,[*]C(=O)c1ccc(C(c2ccc(C(=O)c3ccc(Oc4ccc(C(c5ccc(Oc6ccc([*])cc6)cc5)(C(F)(F)F)C(F)(F)F)cc4)cc3)cc2)(C(F)(F)F)C(F)(F)F)cc1,p_exp_CO2,-8.93930216
550,[*]C(=O)c1ccc(C(c2ccc(C(=O)c3ccc(Oc4ccc(C(c5ccc(Oc6ccc([*])cc6)cc5)(C(F)(F)F)C(F)(F)F)cc4)cc3)cc2)(C(F)(F)F)C(F)(F)F)cc1,p_exp_H2,-8.503070352
551,[*]C(=O)c1ccc(C(c2ccc(C(=O)c3ccc(Oc4ccc(C(c5ccc(Oc6ccc([*])cc6)cc5)(C(F)(F)F)C(F)(F)F)cc4)cc3)cc2)(C(F)(F)F)C(F)(F)F)cc1,p_exp_He,-8.37675071
552,[*]C(=O)c1ccc(C(c2ccc(C(=O)c3ccc(Oc4ccc(C(c5ccc(Oc6ccc([*])cc6)cc5)(C(F)(F)F)C(F)(F)F)cc4)cc3)cc2)(C(F)(F)F)C(F)(F)F)cc1,p_exp_N2,-10.11918641
553,[*]C(=O)c1ccc(C(c2ccc(C(=O)c3ccc(Oc4ccc(C(c5ccc(Oc6ccc([*])cc6)cc5)(C(F)(F)F)C(F)(F)F)cc4)cc3)cc2)(C(F)(F)F)C(F)(F)F)cc1,p_exp_O2,-9.431798276
554,[*]C(=O)c1ccc(Oc2ccc(C(c3ccccc3)(c3ccc(Oc4ccc([*])cc4)cc3)C(F)(F)F)cc2)cc1,p_exp_CO2,-9.37675071
555,[*]C(=O)c1ccc(Oc2ccc(C(c3ccccc3)(c3ccc(Oc4ccc([*])cc4)cc3)C(F)(F)F)cc2)cc1,p_exp_H2,-8.958607315
556,[*]C(=O)c1ccc(Oc2ccc(C(c3ccccc3)(c3ccc(Oc4ccc([*])cc4)cc3)C(F)(F)F)cc2)cc1,p_exp_He,-8.920818754
557,[*]C(=O)c1ccc(Oc2ccc(C(c3ccccc3)(c3ccc(Oc4ccc([*])cc4)cc3)C(F)(F)F)cc2)cc1,p_exp_N2,-10.82390874
558,[*]C(=O)c1ccc(Oc2ccc(C(c3ccccc3)(c3ccc(Oc4ccc([*])cc4)cc3)C(F)(F)F)cc2)cc1,p_exp_O2,-10.04095861
559,[*]C(=O)c1ccc(Oc2ccc(Oc3ccc([*])cc3)cc2)cc1,p_exp_CH4,-11.50723961
560,[*]C(=O)c1ccc(Oc2ccc(Oc3ccc([*])cc3)cc2)cc1,p_exp_CO2,-10.01637371
561,[*]C(=O)c1ccc(Oc2ccc(Oc3ccc([*])cc3)cc2)cc1,p_exp_N2,-11.40011693
562,[*]C(=O)c1ccc(Oc2ccc(Oc3ccc([*])cc3)cc2)cc1,p_exp_O2,-10.58670024
563,[*]C(=O)c1ccc(Oc2ccc(Oc3ccc([*])cc3)cc2-c2cc(C(F)(F)F)cc(C(F)(F)F)c2)cc1,p_exp_CH4,-10.4202164
564,[*]C(=O)c1ccc(Oc2ccc(Oc3ccc([*])cc3)cc2-c2cc(C(F)(F)F)cc(C(F)(F)F)c2)cc1,p_exp_CO2,-9.060480747
565,[*]C(=O)c1ccc(Oc2ccc(Oc3ccc([*])cc3)cc2-c2cc(C(F)(F)F)cc(C(F)(F)F)c2)cc1,p_exp_H2,-8.677780705
566,[*]C(=O)c1ccc(Oc2ccc(Oc3ccc([*])cc3)cc2-c2cc(C(F)(F)F)cc(C(F)(F)F)c2)cc1,p_exp_N2,-10.26760624
567,[*]C(=O)c1ccc(Oc2ccc(Oc3ccc([*])cc3)cc2-c2cc(C(F)(F)F)cc(C(F)(F)F)c2)cc1,p_exp_O2,-9.48148606
568,[*]C(=O)c1ccc(Oc2ccc(Oc3ccc([*])cc3)cc2-c2cccc(C(F)(F)F)c2)cc1,p_exp_CH4,-11.38721614
569,[*]C(=O)c1ccc(Oc2ccc(Oc3ccc([*])cc3)cc2-c2cccc(C(F)(F)F)c2)cc1,p_exp_CO2,-9.823908741
570,[*]C(=O)c1ccc(Oc2ccc(Oc3ccc([*])cc3)cc2-c2cccc(C(F)(F)F)c2)cc1,p_exp_H2,-9.292429824
571,[*]C(=O)c1ccc(Oc2ccc(Oc3ccc([*])cc3)cc2-c2cccc(C(F)(F)F)c2)cc1,p_exp_N2,-11.29242982
572,[*]C(=O)c1ccc(Oc2ccc(Oc3ccc([*])cc3)cc2-c2cccc(C(F)(F)F)c2)cc1,p_exp_O2,-10.4202164
573,[*]C(=O)c1ccc2c(c1)C(=O)N(C1=CC=C3C(=Cc4cc(N5C(=O)c6ccc([*])cc6C5=O)ccc43)C1=O)C2=O,p_exp_CO2,-11
574,[*]C(=O)c1ccc2c(c1)C(=O)N(C1=CC=C3C(=Cc4cc(N5C(=O)c6ccc([*])cc6C5=O)ccc43)C1=O)C2=O,p_exp_H2,-9.756961951
575,[*]C(=O)c1ccc2c(c1)C(=O)N(c1ccc(-c3ccc(Oc4ccc(C5(c6ccc(Oc7ccc(-c8ccc(N9C(=O)c%10ccc([*])cc%10C9=O)cc8)cc7C(F)(F)F)cc6)C(=O)N(c6ccccc6)c6ccccc65)cc4)c(C(F)(F)F)c3)cc1)C2=O,p_exp_CH4,-10.20760831
576,[*]C(=O)c1ccc2c(c1)C(=O)N(c1ccc(-c3ccc(Oc4ccc(C5(c6ccc(Oc7ccc(-c8ccc(N9C(=O)c%10ccc([*])cc%10C9=O)cc8)cc7C(F)(F)F)cc6)C(=O)N(c6ccccc6)c6ccccc65)cc4)c(C(F)(F)F)c3)cc1)C2=O,p_exp_CO2,-8.76700389
577,[*]C(=O)c1ccc2c(c1)C(=O)N(c1ccc(-c3ccc(Oc4ccc(C5(c6ccc(Oc7ccc(-c8ccc(N9C(=O)c%10ccc([*])cc%10C9=O)cc8)cc7C(F)(F)F)cc6)C(=O)N(c6ccccc6)c6ccccc65)cc4)c(C(F)(F)F)c3)cc1)C2=O,p_exp_N2,-10.08092191
578,[*]C(=O)c1ccc2c(c1)C(=O)N(c1ccc(-c3ccc(Oc4ccc(C5(c6ccc(Oc7ccc(-c8ccc(N9C(=O)c%10ccc([*])cc%10C9=O)cc8)cc7C(F)(F)F)cc6)C(=O)N(c6ccccc6)c6ccccc65)cc4)c(C(F)(F)F)c3)cc1)C2=O,p_exp_O2,-9.363512104
579,[*]C(=O)c1ccc2c(c1)C(=O)N(c1ccc(C(c3ccc(N4C(=O)c5ccc([*])cc5C4=O)cc3)(C(F)(F)F)C(F)(F)F)cc1)C2=O,p_exp_CH4,-10.71896663
580,[*]C(=O)c1ccc2c(c1)C(=O)N(c1ccc(C(c3ccc(N4C(=O)c5ccc([*])cc5C4=O)cc3)(C(F)(F)F)C(F)(F)F)cc1)C2=O,p_exp_CO2,-9.060480747
581,[*]C(=O)c1ccc2c(c1)C(=O)N(c1ccc(C(c3ccc(N4C(=O)c5ccc([*])cc5C4=O)cc3)(C(F)(F)F)C(F)(F)F)cc1)C2=O,p_exp_H2,-8.511449283
582,[*]C(=O)c1ccc2c(c1)C(=O)N(c1ccc(C(c3ccc(N4C(=O)c5ccc([*])cc5C4=O)cc3)(C(F)(F)F)C(F)(F)F)cc1)C2=O,p_exp_He,-8.573488739
583,[*]C(=O)c1ccc2c(c1)C(=O)N(c1ccc(C(c3ccc(N4C(=O)c5ccc([*])cc5C4=O)cc3)(C(F)(F)F)C(F)(F)F)cc1)C2=O,p_exp_N2,-10.4225082
584,[*]C(=O)c1ccc2c(c1)C(=O)N(c1ccc(C(c3ccc(N4C(=O)c5ccc([*])cc5C4=O)cc3)(C(F)(F)F)C(F)(F)F)cc1)C2=O,p_exp_O2,-9.659555885
585,[*]C(=O)c1ccc2c(c1)C(=O)N(c1ccc(C(c3ccc(N4Cc5ccc([*])cc5C4=O)cc3)(C(F)(F)F)C(F)(F)F)cc1)C2=O,p_exp_CH4,-10.64589156
586,[*]C(=O)c1ccc2c(c1)C(=O)N(c1ccc(C(c3ccc(N4Cc5ccc([*])cc5C4=O)cc3)(C(F)(F)F)C(F)(F)F)cc1)C2=O,p_exp_CO2,-8.557520231
587,[*]C(=O)c1ccc2c(c1)C(=O)N(c1ccc(C(c3ccc(N4Cc5ccc([*])cc5C4=O)cc3)(C(F)(F)F)C(F)(F)F)cc1)C2=O,p_exp_H2,-8.511449283
588,[*]C(=O)c1ccc2c(c1)C(=O)N(c1ccc(C(c3ccc(N4Cc5ccc([*])cc5C4=O)cc3)(C(F)(F)F)C(F)(F)F)cc1)C2=O,p_exp_N2,-10.34678749
589,[*]C(=O)c1ccc2c(c1)C(=O)N(c1ccc(C(c3ccc(N4Cc5ccc([*])cc5C4=O)cc3)(C(F)(F)F)C(F)(F)F)cc1)C2=O,p_exp_O2,-9.602059991
590,[*]C(=O)c1ccc2c(c1)C(=O)N(c1ccc(Cc3ccc(N4C(=O)c5ccc([*])cc5C4=O)cc3)cc1)C2=O,p_exp_H2,-9.394694954
591,[*]C(=O)c1ccc2c(c1)C(=O)N(c1ccc(Cc3ccc(N4C(=O)c5ccc([*])cc5C4=O)cc3)cc1)C2=O,p_exp_N2,-11.69897
592,[*]C(=O)c1ccc2c(c1)C(=O)N(c1ccc(Cc3ccc(N4C(=O)c5ccc([*])cc5C4=O)cc3)cc1)C2=O,p_exp_O2,-10.67571754
593,[*]C(=O)c1ccc2c(c1)C(=O)N(c1ccc(N(c3ccccc3)c3ccc(N4C(=O)c5ccc([*])cc5C4=O)cc3)cc1)C2=O,p_exp_CH4,-11.03151705
594,[*]C(=O)c1ccc2c(c1)C(=O)N(c1ccc(N(c3ccccc3)c3ccc(N4C(=O)c5ccc([*])cc5C4=O)cc3)cc1)C2=O,p_exp_CO2,-9.48148606
595,[*]C(=O)c1ccc2c(c1)C(=O)N(c1ccc(N(c3ccccc3)c3ccc(N4C(=O)c5ccc([*])cc5C4=O)cc3)cc1)C2=O,p_exp_H2,-8.896196279
596,[*]C(=O)c1ccc2c(c1)C(=O)N(c1ccc(N(c3ccccc3)c3ccc(N4C(=O)c5ccc([*])cc5C4=O)cc3)cc1)C2=O,p_exp_N2,-10.84163751
597,[*]C(=O)c1ccc2c(c1)C(=O)N(c1ccc(N(c3ccccc3)c3ccc(N4C(=O)c5ccc([*])cc5C4=O)cc3)cc1)C2=O,p_exp_O2,-10.06550155
598,[*]C(=O)c1ccc2c(c1)C(=O)N(c1ccc(Oc3ccc(C(c4ccc(Oc5ccc(N6C(=O)c7ccc([*])cc7C6=O)cc5)cc4)(C(F)(F)F)C(F)(F)F)cc3)cc1)C2=O,p_exp_CH4,-10.9788107
599,[*]C(=O)c1ccc2c(c1)C(=O)N(c1ccc(Oc3ccc(C(c4ccc(Oc5ccc(N6C(=O)c7ccc([*])cc7C6=O)cc5)cc4)(C(F)(F)F)C(F)(F)F)cc3)cc1)C2=O,p_exp_CO2,-9.359518563
600,[*]C(=O)c1ccc2c(c1)C(=O)N(c1ccc(Oc3ccc(C(c4ccc(Oc5ccc(N6C(=O)c7ccc([*])cc7C6=O)cc5)cc4)(C(F)(F)F)C(F)(F)F)cc3)cc1)C2=O,p_exp_H2,-8.793174124
601,[*]C(=O)c1ccc2c(c1)C(=O)N(c1ccc(Oc3ccc(C(c4ccc(Oc5ccc(N6C(=O)c7ccc([*])cc7C6=O)cc5)cc4)(C(F)(F)F)C(F)(F)F)cc3)cc1)C2=O,p_exp_N2,-10.70996539
602,[*]C(=O)c1ccc2c(c1)C(=O)N(c1ccc(Oc3ccc(C(c4ccc(Oc5ccc(N6C(=O)c7ccc([*])cc7C6=O)cc5)cc4)(C(F)(F)F)C(F)(F)F)cc3)cc1)C2=O,p_exp_O2,-9.943095149
603,[*]C(=O)c1ccc2c(c1)C(=O)N(c1ccc(Oc3ccc(C(c4ccc(Oc5ccc(N6C(=O)c7ccc([*])cc7C6=O)cc5C(F)(F)F)cc4)(C(F)(F)F)C(F)(F)F)cc3)c(C(F)(F)F)c1)C2=O,p_exp_CH4,-10.7235382
604,[*]C(=O)c1ccc2c(c1)C(=O)N(c1ccc(Oc3ccc(C(c4ccc(Oc5ccc(N6C(=O)c7ccc([*])cc7C6=O)cc5C(F)(F)F)cc4)(C(F)(F)F)C(F)(F)F)cc3)c(C(F)(F)F)c1)C2=O,p_exp_CO2,-9.15864053
605,[*]C(=O)c1ccc2c(c1)C(=O)N(c1ccc(Oc3ccc(C(c4ccc(Oc5ccc(N6C(=O)c7ccc([*])cc7C6=O)cc5C(F)(F)F)cc4)(C(F)(F)F)C(F)(F)F)cc3)c(C(F)(F)F)c1)C2=O,p_exp_H2,-8.609064893
606,[*]C(=O)c1ccc2c(c1)C(=O)N(c1ccc(Oc3ccc(C(c4ccc(Oc5ccc(N6C(=O)c7ccc([*])cc7C6=O)cc5C(F)(F)F)cc4)(C(F)(F)F)C(F)(F)F)cc3)c(C(F)(F)F)c1)C2=O,p_exp_N2,-10.43179828
607,[*]C(=O)c1ccc2c(c1)C(=O)N(c1ccc(Oc3ccc(C(c4ccc(Oc5ccc(N6C(=O)c7ccc([*])cc7C6=O)cc5C(F)(F)F)cc4)(C(F)(F)F)C(F)(F)F)cc3)c(C(F)(F)F)c1)C2=O,p_exp_O2,-9.663540266
608,[*]C(=O)c1ccc2c(c1)C(=O)N(c1ccc(Oc3ccc(C(c4ccc(Oc5ccc(N6Cc7ccc([*])cc7C6=O)cc5)cc4)(C(F)(F)F)C(F)(F)F)cc3)cc1)C2=O,p_exp_CH4,-10.9788107
609,[*]C(=O)c1ccc2c(c1)C(=O)N(c1ccc(Oc3ccc(C(c4ccc(Oc5ccc(N6Cc7ccc([*])cc7C6=O)cc5)cc4)(C(F)(F)F)C(F)(F)F)cc3)cc1)C2=O,p_exp_CO2,-9.304518324
610,[*]C(=O)c1ccc2c(c1)C(=O)N(c1ccc(Oc3ccc(C(c4ccc(Oc5ccc(N6Cc7ccc([*])cc7C6=O)cc5)cc4)(C(F)(F)F)C(F)(F)F)cc3)cc1)C2=O,p_exp_H2,-8.793174124
611,[*]C(=O)c1ccc2c(c1)C(=O)N(c1ccc(Oc3ccc(C(c4ccc(Oc5ccc(N6Cc7ccc([*])cc7C6=O)cc5)cc4)(C(F)(F)F)C(F)(F)F)cc3)cc1)C2=O,p_exp_N2,-10.70996539
612,[*]C(=O)c1ccc2c(c1)C(=O)N(c1ccc(Oc3ccc(C(c4ccc(Oc5ccc(N6Cc7ccc([*])cc7C6=O)cc5)cc4)(C(F)(F)F)C(F)(F)F)cc3)cc1)C2=O,p_exp_O2,-9.943095149
613,[*]C(=O)c1ccc2c(c1)C(=O)N(c1ccc(Oc3ccc(C(c4ccc(Oc5ccc(N6Cc7ccc([*])cc7C6=O)cc5C(F)(F)F)cc4)(C(F)(F)F)C(F)(F)F)cc3)c(C(F)(F)F)c1)C2=O,p_exp_CH4,-10.7235382
614,[*]C(=O)c1ccc2c(c1)C(=O)N(c1ccc(Oc3ccc(C(c4ccc(Oc5ccc(N6Cc7ccc([*])cc7C6=O)cc5C(F)(F)F)cc4)(C(F)(F)F)C(F)(F)F)cc3)c(C(F)(F)F)c1)C2=O,p_exp_CO2,-9.038578906
615,[*]C(=O)c1ccc2c(c1)C(=O)N(c1ccc(Oc3ccc(C(c4ccc(Oc5ccc(N6Cc7ccc([*])cc7C6=O)cc5C(F)(F)F)cc4)(C(F)(F)F)C(F)(F)F)cc3)c(C(F)(F)F)c1)C2=O,p_exp_H2,-8.609064893
616,[*]C(=O)c1ccc2c(c1)C(=O)N(c1ccc(Oc3ccc(C(c4ccc(Oc5ccc(N6Cc7ccc([*])cc7C6=O)cc5C(F)(F)F)cc4)(C(F)(F)F)C(F)(F)F)cc3)c(C(F)(F)F)c1)C2=O,p_exp_N2,-10.43179828
617,[*]C(=O)c1ccc2c(c1)C(=O)N(c1ccc(Oc3ccc(C(c4ccc(Oc5ccc(N6Cc7ccc([*])cc7C6=O)cc5C(F)(F)F)cc4)(C(F)(F)F)C(F)(F)F)cc3)c(C(F)(F)F)c1)C2=O,p_exp_O2,-9.568636236
618,[*]C(=O)c1ccc2c(c1)C(=O)N(c1ccc(Oc3ccc(N4C(=O)c5ccc([*])cc5C4=O)cc3)cc1)C2=O,p_exp_CH4,-11.9625735
619,[*]C(=O)c1ccc2c(c1)C(=O)N(c1ccc(Oc3ccc(N4C(=O)c5ccc([*])cc5C4=O)cc3)cc1)C2=O,p_exp_CO2,-10.20411998
620,[*]C(=O)c1ccc2c(c1)C(=O)N(c1ccc(Oc3ccc(N4C(=O)c5ccc([*])cc5C4=O)cc3)cc1)C2=O,p_exp_H2,-9.377785977
621,[*]C(=O)c1ccc2c(c1)C(=O)N(c1ccc(Oc3ccc(N4C(=O)c5ccc([*])cc5C4=O)cc3)cc1)C2=O,p_exp_N2,-12.14387556
622,[*]C(=O)c1ccc2c(c1)C(=O)N(c1ccc(Oc3ccc(N4C(=O)c5ccc([*])cc5C4=O)cc3)cc1)C2=O,p_exp_O2,-10.74232143
623,[*]C(=O)c1ccc2c(c1)C(=O)N(c1ccc(Oc3ccc(N4Cc5ccc([*])cc5C4=O)cc3)cc1)C2=O,p_exp_CH4,-11.9625735
624,[*]C(=O)c1ccc2c(c1)C(=O)N(c1ccc(Oc3ccc(N4Cc5ccc([*])cc5C4=O)cc3)cc1)C2=O,p_exp_CO2,-10.20411998
625,[*]C(=O)c1ccc2c(c1)C(=O)N(c1ccc(Oc3ccc(N4Cc5ccc([*])cc5C4=O)cc3)cc1)C2=O,p_exp_H2,-9.319664487
626,[*]C(=O)c1ccc2c(c1)C(=O)N(c1ccc(Oc3ccc(N4Cc5ccc([*])cc5C4=O)cc3)cc1)C2=O,p_exp_N2,-11.627088
627,[*]C(=O)c1ccc2c(c1)C(=O)N(c1ccc(Oc3ccc(N4Cc5ccc([*])cc5C4=O)cc3)cc1)C2=O,p_exp_O2,-10.71896663
628,[*]C(=O)c1ccc2c(c1)C(=O)N(c1cccc(C(c3cccc(N4C(=O)c5ccc([*])cc5C4=O)c3)(C(F)(F)F)C(F)(F)F)c1)C2=O,p_exp_CH4,-11.85387196
629,[*]C(=O)c1ccc2c(c1)C(=O)N(c1cccc(C(c3cccc(N4C(=O)c5ccc([*])cc5C4=O)c3)(C(F)(F)F)C(F)(F)F)c1)C2=O,p_exp_CO2,-9.978810701
630,[*]C(=O)c1ccc2c(c1)C(=O)N(c1cccc(C(c3cccc(N4C(=O)c5ccc([*])cc5C4=O)c3)(C(F)(F)F)C(F)(F)F)c1)C2=O,p_exp_He,-8.769551079
631,[*]C(=O)c1ccc2c(c1)C(=O)N(c1cccc(C(c3cccc(N4C(=O)c5ccc([*])cc5C4=O)c3)(C(F)(F)F)C(F)(F)F)c1)C2=O,p_exp_N2,-10.32790214
632,[*]C(=O)c1ccc2c(c1)C(=O)N(c1cccc(C(c3cccc(N4C(=O)c5ccc([*])cc5C4=O)c3)(C(F)(F)F)C(F)(F)F)c1)C2=O,p_exp_O2,-10.40893539
633,[*]C(=O)c1ccc2c(c1)C(=O)N(c1cccc(N3C(=O)c4ccc([*])cc4C3=O)c1)C2=O,p_exp_CH4,-12.06550155
634,[*]C(=O)c1ccc2c(c1)C(=O)N(c1cccc(N3C(=O)c4ccc([*])cc4C3=O)c1)C2=O,p_exp_CO2,-10.36855623
635,[*]C(=O)c1ccc2c(c1)C(=O)N(c1cccc(N3C(=O)c4ccc([*])cc4C3=O)c1)C2=O,p_exp_N2,-11.79588002
636,[*]C(=O)c1ccc2c(c1)C(=O)N(c1cccc(N3C(=O)c4ccc([*])cc4C3=O)c1)C2=O,p_exp_O2,-10.95078198
637,[*]C(=O)n1cnc2cc(Oc3ccc4ncn(C(=O)c5cccc(Oc6ccc(Oc7cccc([*])c7)cc6)c5)c4c3)ccc21,p_exp_H2,-9.272458743
638,[*]C(=O)n1cnc2cc(Oc3ccc4ncn(C(=O)c5cccc(Oc6ccc(Oc7cccc([*])c7)cc6)c5)c4c3)ccc21,p_exp_N2,-11.4436975
639,[*]C(=O)n1cnc2cc(Oc3ccc4ncn(C(=O)c5cccc(Oc6ccc(Oc7cccc([*])c7)cc6)c5)c4c3)ccc21,p_exp_O2,-10.63827216
640,[*]C(C(=O)OC(C)C)C([*])C(=O)OC(C)(C)C,p_exp_H2,-7.876148359
641,[*]C(C(=O)OC(C)C)C([*])C(=O)OC(C)(C)C,p_exp_N2,-9.045757491
642,[*]C(C(=O)OC(C)C)C([*])C(=O)OC(C)(C)C,p_exp_O2,-8.677780705
643,[*]C(C(=O)OC(C)C)C([*])C(=O)OC(C)CCC,p_exp_H2,-8.292429824
644,[*]C(C(=O)OC(C)C)C([*])C(=O)OC(C)CCC,p_exp_N2,-9.301029996
645,[*]C(C(=O)OC(C)C)C([*])C(=O)OC(C)CCC,p_exp_O2,-8.920818754
646,[*]C(C(=O)OC(C)C)C([*])C(=O)OC(C)CCC(C)C,p_exp_H2,-7.806875402
647,[*]C(C(=O)OC(C)C)C([*])C(=O)OC(C)CCC(C)C,p_exp_N2,-8.853871964
648,[*]C(C(=O)OC(C)C)C([*])C(=O)OC(C)CCC(C)C,p_exp_O2,-8.346787486
649,[*]C(C(=O)OC(C)CCC(C)C)C([*])C(=O)OC(C)(C)C,p_exp_H2,-7.772113295
650,[*]C(C(=O)OC(C)CCC(C)C)C([*])C(=O)OC(C)(C)C,p_exp_N2,-8.795880017
651,[*]C(C(=O)OC(C)CCC(C)C)C([*])C(=O)OC(C)(C)C,p_exp_O2,-8.30980392
652,[*]C(C(=O)OC(C)CCC)C([*])C(=O)OC(C)(C)C,p_exp_H2,-7.838631998
653,[*]C(C(=O)OC(C)CCC)C([*])C(=O)OC(C)(C)C,p_exp_N2,-8.886056648
654,[*]C(C(=O)OC(C)CCC)C([*])C(=O)OC(C)(C)C,p_exp_O2,-8.408935393
655,[*]C(C(=O)Oc1ccccc1)C([*])C(=O)OC(C)(C)C,p_exp_H2,-8.142667504
656,[*]C(C(=O)Oc1ccccc1)C([*])C(=O)OC(C)(C)C,p_exp_N2,-9.301029996
657,[*]C(C(=O)Oc1ccccc1)C([*])C(=O)OC(C)(C)C,p_exp_O2,-8.769551079
658,[*]C(C(=O)Oc1ccccc1)C([*])C(=O)OC(C)C,p_exp_H2,-8.387216143
659,[*]C(C(=O)Oc1ccccc1)C([*])C(=O)OC(C)C,p_exp_N2,-9.522878745
660,[*]C(C(=O)Oc1ccccc1)C([*])C(=O)OC(C)C,p_exp_O2,-9.096910013
661,[*]C(C)=C([*])C(C)C,p_exp_CH4,-6.552841969
662,[*]C(C)=C([*])C(C)C,p_exp_CO2,-6.004364805
663,[*]C(C)=C([*])C(C)C,p_exp_H2,-6.242603971
664,[*]C(C)=C([*])C(C)C,p_exp_He,-6.578396073
665,[*]C(C)=C([*])C(C)C,p_exp_N2,-6.88941029
666,[*]C(C)=C([*])C(C)C,p_exp_O2,-6.588380294
667,[*]C(C)=C([*])CCC,p_exp_CH4,-8.677780705
668,[*]C(C)=C([*])CCC,p_exp_CO2,-7.920818754
669,[*]C(C)=C([*])CCC,p_exp_H2,-7.795880017
670,[*]C(C)=C([*])CCC,p_exp_N2,-8.920818754
671,[*]C(C)=C([*])CCC,p_exp_O2,-8.408935393
672,[*]C(C)=C([*])CCCCC,p_exp_CH4,-8.292429824
673,[*]C(C)=C([*])CCCCC,p_exp_CO2,-7.698970004
674,[*]C(C)=C([*])CCCCC,p_exp_H2,-7.823908741
675,[*]C(C)=C([*])CCCCC,p_exp_N2,-8.677780705
676,[*]C(C)=C([*])CCCCC,p_exp_O2,-8.244125144
677,[*]C(C)=C([*])CCCCCC,p_exp_CH4,-8.193820026
678,[*]C(C)=C([*])CCCCCC,p_exp_CO2,-7.638272164
679,[*]C(C)=C([*])CCCCCC,p_exp_H2,-7.853871964
680,[*]C(C)=C([*])CCCCCC,p_exp_N2,-8.638272164
681,[*]C(C)=C([*])CCCCCC,p_exp_O2,-8.22184875
682,[*]C(C)=C([*])CCCCCCC,p_exp_CH4,-8.075720714
683,[*]C(C)=C([*])CCCCCCC,p_exp_CO2,-7.537602002
684,[*]C(C)=C([*])CCCCCCC,p_exp_H2,-7.823908741
685,[*]C(C)=C([*])CCCCCCC,p_exp_N2,-8.537602002
686,[*]C(C)=C([*])CCCCCCC,p_exp_O2,-8.13076828
687,[*]C(C)=C([*])CCCCCCCC,p_exp_CH4,-8.080921908
688,[*]C(C)=C([*])CCCCCCCC,p_exp_CO2,-7.537602002
689,[*]C(C)=C([*])CCCCCCCC,p_exp_H2,-7.853871964
690,[*]C(C)=C([*])CCCCCCCC,p_exp_N2,-8.537602002
691,[*]C(C)=C([*])CCCCCCCC,p_exp_O2,-8.148741651
692,[*]C(C)=C([*])SCC,p_exp_CH4,-8.698970004
693,[*]C(C)=C([*])SCC,p_exp_CO2,-7.795880017
694,[*]C(C)=C([*])SCC,p_exp_H2,-8.045757491
695,[*]C(C)=C([*])SCC,p_exp_He,-8.22184875
696,[*]C(C)=C([*])SCC,p_exp_N2,-9.045757491
697,[*]C(C)=C([*])SCC,p_exp_O2,-8.522878745
698,[*]C(C)=C([*])SCCCC,p_exp_CH4,-8.050609993
699,[*]C(C)=C([*])SCCCC,p_exp_CO2,-7.795880017
700,[*]C(C)=C([*])SCCCC,p_exp_H2,-8.161150909
701,[*]C(C)=C([*])SCCCC,p_exp_He,-8.236572006
702,[*]C(C)=C([*])SCCCC,p_exp_N2,-8.744727495
703,[*]C(C)=C([*])SCCCC,p_exp_O2,-8.102372909
704,[*]C(C)=C([*])SCCCCCC,p_exp_CH4,-8.346787486
705,[*]C(C)=C([*])SCCCCCC,p_exp_CO2,-7.823908741
706,[*]C(C)=C([*])SCCCCCC,p_exp_H2,-8.119186408
707,[*]C(C)=C([*])SCCCCCC,p_exp_He,-8.366531544
708,[*]C(C)=C([*])SCCCCCC,p_exp_N2,-8.853871964
709,[*]C(C)=C([*])SCCCCCC,p_exp_O2,-8.420216403
710,[*]C(C)=C([*])SCCCCCCCC,p_exp_CH4,-8.318758763
711,[*]C(C)=C([*])SCCCCCCCC,p_exp_CO2,-7.744727495
712,[*]C(C)=C([*])SCCCCCCCC,p_exp_H2,-8.040958608
713,[*]C(C)=C([*])SCCCCCCCC,p_exp_He,-8.244125144
714,[*]C(C)=C([*])SCCCCCCCC,p_exp_N2,-8.721246399
715,[*]C(C)=C([*])SCCCCCCCC,p_exp_O2,-8.301029996
716,[*]C(C)=C([*])SCCCCCCCCCC,p_exp_CH4,-8.236572006
717,[*]C(C)=C([*])SCCCCCCCCCC,p_exp_CO2,-7.721246399
718,[*]C(C)=C([*])SCCCCCCCCCC,p_exp_H2,-8.107905397
719,[*]C(C)=C([*])SCCCCCCCCCC,p_exp_He,-8.37675071
720,[*]C(C)=C([*])SCCCCCCCCCC,p_exp_N2,-8.795880017
721,[*]C(C)=C([*])SCCCCCCCCCC,p_exp_O2,-8.337242168
722,[*]C(C)=C([*])[Si](C)(C)C,p_exp_CH4,-5.815308569
723,[*]C(C)=C([*])[Si](C)(C)C,p_exp_CO2,-5.493494968
724,[*]C(C)=C([*])[Si](C)(C)C,p_exp_H2,-5.812479279
725,[*]C(C)=C([*])[Si](C)(C)C,p_exp_He,-6.238824187
726,[*]C(C)=C([*])[Si](C)(C)C,p_exp_N2,-6.211124884
727,[*]C(C)=C([*])[Si](C)(C)C,p_exp_O2,-6.04769199
728,[*]C(C)=C([*])c1ccc([Si](C)(C)C)cc1,p_exp_CH4,-6.795880017
729,[*]C(C)=C([*])c1ccc([Si](C)(C)C)cc1,p_exp_CO2,-6.30980392
730,[*]C(C)=C([*])c1ccc([Si](C)(C)C)cc1,p_exp_H2,-6.585026652
731,[*]C(C)=C([*])c1ccc([Si](C)(C)C)cc1,p_exp_He,-6.958607315
732,[*]C(C)=C([*])c1ccc([Si](C)(C)C)cc1,p_exp_N2,-7.251811973
733,[*]C(C)=C([*])c1ccc([Si](C)(C)C)cc1,p_exp_O2,-6.920818754
734,[*]C(Cl)=C([*])c1ccccc1,p_exp_CH4,-9.585026652
735,[*]C(Cl)=C([*])c1ccccc1,p_exp_CO2,-8.214670165
736,[*]C(Cl)=C([*])c1ccccc1,p_exp_H2,-8.348721986
737,[*]C(Cl)=C([*])c1ccccc1,p_exp_He,-8.458420756
738,[*]C(Cl)=C([*])c1ccccc1,p_exp_N2,-9.769551079
739,[*]C(Cl)=C([*])c1ccccc1,p_exp_O2,-9.096910013
740,[*]C(F)(F)C(F)(F)C(F)(F)C([*])(F)C(F)(F)F,p_exp_CH4,-9
741,[*]C(F)(F)C(F)(F)C1(F)C(F)(F)C([*])(F)OC(F)(F)C1(F)F,p_exp_CH4,-9.698970004
742,[*]C(F)(F)C(F)(F)C1(F)C(F)(F)C([*])(F)OC(F)(F)C1(F)F,p_exp_CO2,-8.455931956
743,[*]C(F)(F)C(F)(F)C1(F)C(F)(F)C([*])(F)OC(F)(F)C1(F)F,p_exp_H2,-8.229147988
744,[*]C(F)(F)C(F)(F)C1(F)C(F)(F)C([*])(F)OC(F)(F)C1(F)F,p_exp_He,-7.769551079
745,[*]C(F)(F)C(F)(F)C1(F)C(F)(F)C([*])(F)OC(F)(F)C1(F)F,p_exp_N2,-9.301029996
746,[*]C(F)(F)C(F)(F)C1(F)C(F)(F)C([*])(F)OC(F)(F)C1(F)F,p_exp_O2,-8.795880017
747,[*]C(F)(F)C(F)(F)CC1(F)OC(F)(F)OC1([*])OC(F)(F)F,p_exp_CH4,-8.920818754
748,[*]C(F)(F)C(F)(F)CC1(F)OC(F)(F)OC1([*])OC(F)(F)F,p_exp_CO2,-7.823908741
749,[*]C(F)(F)C(F)(F)CC1(F)OC(F)(F)OC1([*])OC(F)(F)F,p_exp_H2,-7.677780705
750,[*]C(F)(F)C(F)(F)CC1(F)OC(F)(F)OC1([*])OC(F)(F)F,p_exp_He,-7.366531544
751,[*]C(F)(F)C(F)(F)CC1(F)OC(F)(F)OC1([*])OC(F)(F)F,p_exp_N2,-8.619788758
752,[*]C(F)(F)C(F)(F)CC1(F)OC(F)(F)OC1([*])OC(F)(F)F,p_exp_O2,-8.173925197
753,[*]C(F)(F)C([*])(F)F,p_exp_CO2,-8.896196279
754,[*]C(F)(F)C([*])(F)F,p_exp_O2,-9.30980392
755,[*]C1=Nc2ccc(-n3c(=O)c4cc5c(=O)n(-c6ccc([*])cc6)c(=O)c5cc4c3=O)cc2C(=O)OC1,p_exp_CO2,-10.58502665
756,[*]C1=Nc2ccc(-n3c(=O)c4cc5c(=O)n(-c6ccc([*])cc6)c(=O)c5cc4c3=O)cc2C(=O)OC1,p_exp_H2,-9.591760035
757,[*]C1=Nc2ccc(-n3c(=O)c4cc5c(=O)n(-c6ccc([*])cc6)c(=O)c5cc4c3=O)cc2C(=O)OC1,p_exp_N2,-12.27572413
758,[*]C1=Nc2ccc(-n3c(=O)c4cc5c(=O)n(-c6ccc([*])cc6)c(=O)c5cc4c3=O)cc2C(=O)OC1,p_exp_O2,-11.08618615
759,[*]C1C([*])C2CC1C1C2C([Si](C)(C)C)C1[Si](C)(C)C,p_exp_CH4,-6.478861916
760,[*]C1C([*])C2CC1C1C2C([Si](C)(C)C)C1[Si](C)(C)C,p_exp_CO2,-5.946921557
761,[*]C1C([*])C2CC1C1C2C([Si](C)(C)C)C1[Si](C)(C)C,p_exp_H2,-6.388276692
762,[*]C1C([*])C2CC1C1C2C([Si](C)(C)C)C1[Si](C)(C)C,p_exp_He,-6.723538196
763,[*]C1C([*])C2CC1C1C2C([Si](C)(C)C)C1[Si](C)(C)C,p_exp_N2,-6.906578315
764,[*]C1C([*])C2CC1C1C2C([Si](C)(C)C)C1[Si](C)(C)C,p_exp_O2,-6.623423043
765,[*]C1C([*])C2CC1C1CC([Si](C)(C)C)C21,p_exp_CH4,-6.665546249
766,[*]C1C([*])C2CC1C1CC([Si](C)(C)C)C21,p_exp_CO2,-6.27572413
767,[*]C1C([*])C2CC1C1CC([Si](C)(C)C)C21,p_exp_H2,-6.68613278
768,[*]C1C([*])C2CC1C1CC([Si](C)(C)C)C21,p_exp_He,-7.031517051
769,[*]C1C([*])C2CC1C1CC([Si](C)(C)C)C21,p_exp_N2,-7.408935393
770,[*]C1C([*])C2CC1C1CC([Si](C)(C)C)C21,p_exp_O2,-7.004364805
771,[*]C1C([*])C2CC1C1CC([Si](O[Si](C)(C)C)(O[Si](C)(C)C)O[Si](C)(C)C)C21,p_exp_CH4,-6.903089987
772,[*]C1C2CC(C1[*])C([Si](C)(C)C)C2,p_exp_CH4,-7.031517051
773,[*]C1C2CC(C1[*])C([Si](C)(C)C)C2,p_exp_CO2,-6.378823718
774,[*]C1C2CC(C1[*])C([Si](C)(C)C)C2,p_exp_N2,-7.493494968
775,[*]C1C2CC(C1[*])C([Si](C)(C)C)C2,p_exp_O2,-7.076755981
776,[*]C=C([*])C(C)(C)C,p_exp_CH4,-7.795880017
777,[*]C=C([*])C(C)(C)C,p_exp_CO2,-6.866461092
778,[*]C=C([*])C(C)(C)C,p_exp_H2,-6.93930216
779,[*]C=C([*])C(C)(C)C,p_exp_He,-7.091514981
780,[*]C=C([*])C(C)(C)C,p_exp_N2,-8
781,[*]C=C([*])C(C)(C)C,p_exp_O2,-7.522878745
782,[*]C=CC1CC([*])C(C(F)(F)F)(C(F)(F)F)C1(F)F,p_exp_CH4,-9.020451625
783,[*]C=CC1CC([*])C(C(F)(F)F)(C(F)(F)F)C1(F)F,p_exp_CO2,-7.991399828
784,[*]C=CC1CC([*])C(C(F)(F)F)(C(F)(F)F)C1(F)F,p_exp_He,-7.732828272
785,[*]C=CC1CC([*])C(C(F)(F)F)(C(F)(F)F)C1(F)F,p_exp_N2,-8.970616222
786,[*]C=CC1CC([*])C(C(F)(F)F)(C(F)(F)F)C1(F)F,p_exp_O2,-8.557520231
787,[*]C=CC1CC([*])C2C(=O)N(C34CC5CC(CC(C5)C3)C4)C(=O)C12,p_exp_CH4,-10.23657201
788,[*]C=CC1CC([*])C2C(=O)N(C34CC5CC(CC(C5)C3)C4)C(=O)C12,p_exp_CO2,-9.076238039
789,[*]C=CC1CC([*])C2C(=O)N(C34CC5CC(CC(C5)C3)C4)C(=O)C12,p_exp_H2,-8.89279003
790,[*]C=CC1CC([*])C2C(=O)N(C34CC5CC(CC(C5)C3)C4)C(=O)C12,p_exp_N2,-10.30103
791,[*]C=CC1CC([*])C2C(=O)N(C34CC5CC(CC(C5)C3)C4)C(=O)C12,p_exp_O2,-9.798602876
792,[*]C=CC1CC([*])C2C(=O)N(C3CCCC3)C(=O)C12,p_exp_CH4,-10.26760624
793,[*]C=CC1CC([*])C2C(=O)N(C3CCCC3)C(=O)C12,p_exp_CO2,-9.055517328
794,[*]C=CC1CC([*])C2C(=O)N(C3CCCC3)C(=O)C12,p_exp_He,-8.812479279
795,[*]C=CC1CC([*])C2C(=O)N(C3CCCC3)C(=O)C12,p_exp_N2,-10.34678749
796,[*]C=CC1CC([*])C2C(=O)N(C3CCCC3)C(=O)C12,p_exp_O2,-9.709965389
797,[*]C=CC1CC([*])C2C(=O)N(C3CCCCC3)C(=O)C12,p_exp_CH4,-10.09691001
798,[*]C=CC1CC([*])C2C(=O)N(C3CCCCC3)C(=O)C12,p_exp_CO2,-8.863279433
799,[*]C=CC1CC([*])C2C(=O)N(C3CCCCC3)C(=O)C12,p_exp_H2,-8.793174124
800,[*]C=CC1CC([*])C2C(=O)N(C3CCCCC3)C(=O)C12,p_exp_He,-8.600326279
801,[*]C=CC1CC([*])C2C(=O)N(C3CCCCC3)C(=O)C12,p_exp_N2,-10.28399666
802,[*]C=CC1CC([*])C2C(=O)N(C3CCCCC3)C(=O)C12,p_exp_O2,-9.653647026
803,[*]C=CC1CC([*])C2C(=O)N(c3c(F)c(F)c(F)c(F)c3F)C(=O)C12,p_exp_CH4,-9.863279433
804,[*]C=CC1CC([*])C2C(=O)N(c3c(F)c(F)c(F)c(F)c3F)C(=O)C12,p_exp_CO2,-8.598599459
805,[*]C=CC1CC([*])C2C(=O)N(c3c(F)c(F)c(F)c(F)c3F)C(=O)C12,p_exp_H2,-8.41453927
806,[*]C=CC1CC([*])C2C(=O)N(c3c(F)c(F)c(F)c(F)c3F)C(=O)C12,p_exp_N2,-9.809668302
807,[*]C=CC1CC([*])C2C(=O)N(c3c(F)c(F)c(F)c(F)c3F)C(=O)C12,p_exp_O2,-9.216096421
808,[*]C=CC1CC([*])C2C(=O)N(c3cc(C(F)(F)F)cc(C(F)(F)F)c3)C(=O)C12,p_exp_CH4,-9.368556231
809,[*]C=CC1CC([*])C2C(=O)N(c3cc(C(F)(F)F)cc(C(F)(F)F)c3)C(=O)C12,p_exp_CO2,-8.171984936
810,[*]C=CC1CC([*])C2C(=O)N(c3cc(C(F)(F)F)cc(C(F)(F)F)c3)C(=O)C12,p_exp_H2,-8.241088108
811,[*]C=CC1CC([*])C2C(=O)N(c3cc(C(F)(F)F)cc(C(F)(F)F)c3)C(=O)C12,p_exp_N2,-9.37675071
812,[*]C=CC1CC([*])C2C(=O)N(c3cc(C(F)(F)F)cc(C(F)(F)F)c3)C(=O)C12,p_exp_O2,-8.869666232
813,[*]C=CC1CC([*])C2C(=O)N(c3ccccc3)C(=O)C12,p_exp_CH4,-10.26760624
814,[*]C=CC1CC([*])C2C(=O)N(c3ccccc3)C(=O)C12,p_exp_CO2,-8.943095149
815,[*]C=CC1CC([*])C2C(=O)N(c3ccccc3)C(=O)C12,p_exp_H2,-8.958607315
816,[*]C=CC1CC([*])C2C(=O)N(c3ccccc3)C(=O)C12,p_exp_N2,-10.50863831
817,[*]C=CC1CC([*])C2C(=O)N(c3ccccc3)C(=O)C12,p_exp_O2,-9.841637508
818,[*]C=CC1CC([*])C2C1C([Si](O[Si](C)(C)C)(O[Si](C)(C)C)O[Si](C)(C)C)C2[Si](O[Si](C)(C)C)(O[Si](C)(C)C)O[Si](C)(C)C,p_exp_CH4,-7.522878745
819,[*]C=CC1CC([*])C2C1C([Si](O[Si](C)(C)C)(O[Si](C)(C)C)O[Si](C)(C)C)C2[Si](O[Si](C)(C)C)(O[Si](C)(C)C)O[Si](C)(C)C,p_exp_CO2,-6.935542011
820,[*]C=CC1CC([*])C2C1C([Si](O[Si](C)(C)C)(O[Si](C)(C)C)O[Si](C)(C)C)C2[Si](O[Si](C)(C)C)(O[Si](C)(C)C)O[Si](C)(C)C,p_exp_H2,-7.161150909
821,[*]C=CC1CC([*])C2C1C([Si](O[Si](C)(C)C)(O[Si](C)(C)C)O[Si](C)(C)C)C2[Si](O[Si](C)(C)C)(O[Si](C)(C)C)O[Si](C)(C)C,p_exp_He,-7.37675071
822,[*]C=CC1CC([*])C2C1C([Si](O[Si](C)(C)C)(O[Si](C)(C)C)O[Si](C)(C)C)C2[Si](O[Si](C)(C)C)(O[Si](C)(C)C)O[Si](C)(C)C,p_exp_N2,-8
823,[*]C=CC1CC([*])C2C1C([Si](O[Si](C)(C)C)(O[Si](C)(C)C)O[Si](C)(C)C)C2[Si](O[Si](C)(C)C)(O[Si](C)(C)C)O[Si](C)(C)C,p_exp_O2,-7.530177984
824,[*]C=CC1CC([*])CC1CS(=O)(=O)c1ccc(C)cc1,p_exp_N2,-11.22184875
825,[*]C=CC1CC([*])CC1CS(=O)(=O)c1ccc(C)cc1,p_exp_O2,-10.40893539
826,[*]C=CC1CC([*])CC1[Si](C)(C)C,p_exp_CH4,-8.769551079
827,[*]C=CC1CC([*])CC1[Si](C)(C)C,p_exp_CO2,-8.050609993
828,[*]C=CC1CC([*])CC1[Si](C)(C)C,p_exp_H2,-7.853871964
829,[*]C=CC1CC([*])CC1[Si](C)(C)C,p_exp_N2,-9.142667504
830,[*]C=CC1CC([*])CC1[Si](C)(C)C,p_exp_O2,-8.522878745
831,[*]C=CC1CC([*])CC1[Si](C)(C)C[Si](C)(C)C,p_exp_CH4,-9.070581074
832,[*]C=CC1CC([*])CC1[Si](C)(C)C[Si](C)(C)C,p_exp_CO2,-8.173925197
833,[*]C=CC1CC([*])CC1[Si](C)(C)C[Si](C)(C)C,p_exp_H2,-8.13667714
834,[*]C=CC1CC([*])CC1[Si](C)(C)C[Si](C)(C)C,p_exp_N2,-9.431798276
835,[*]C=CC1CC([*])CC1[Si](C)(C)C[Si](C)(C)C,p_exp_O2,-8.795880017
836,[*]C=CC1OC(C=CC2CC([*])C3C(=O)N(c4ccccc4)C(=O)C23)C2C(=O)N(c3c(F)c(F)c(F)c(F)c3F)C(=O)C12,p_exp_CH4,-10.19382003
837,[*]C=CC1OC(C=CC2CC([*])C3C(=O)N(c4ccccc4)C(=O)C23)C2C(=O)N(c3c(F)c(F)c(F)c(F)c3F)C(=O)C12,p_exp_CO2,-8.782516056
838,[*]C=CC1OC(C=CC2CC([*])C3C(=O)N(c4ccccc4)C(=O)C23)C2C(=O)N(c3c(F)c(F)c(F)c(F)c3F)C(=O)C12,p_exp_H2,-8.709965389
839,[*]C=CC1OC(C=CC2CC([*])C3C(=O)N(c4ccccc4)C(=O)C23)C2C(=O)N(c3c(F)c(F)c(F)c(F)c3F)C(=O)C12,p_exp_N2,-10.22914799
840,[*]C=CC1OC(C=CC2CC([*])C3C(=O)N(c4ccccc4)C(=O)C23)C2C(=O)N(c3c(F)c(F)c(F)c(F)c3F)C(=O)C12,p_exp_O2,-9.575118363
841,[*]C=CC1OC([*])C2C(=O)N(c3c(F)c(F)c(F)c(F)c3F)C(=O)C12,p_exp_CH4,-9.946921557
842,[*]C=CC1OC([*])C2C(=O)N(c3c(F)c(F)c(F)c(F)c3F)C(=O)C12,p_exp_CO2,-8.787812396
843,[*]C=CC1OC([*])C2C(=O)N(c3c(F)c(F)c(F)c(F)c3F)C(=O)C12,p_exp_H2,-8.640164518
844,[*]C=CC1OC([*])C2C(=O)N(c3c(F)c(F)c(F)c(F)c3F)C(=O)C12,p_exp_N2,-9.966576245
845,[*]C=CC1OC([*])C2C(=O)N(c3c(F)c(F)c(F)c(F)c3F)C(=O)C12,p_exp_O2,-9.449771647
846,[*]C=Cc1ccc([*])cc1[Si](C)(C)C(C)(C)C,p_exp_CO2,-8.619788758
847,[*]C=Cc1ccc([*])cc1[Si](C)(C)C(C)(C)C,p_exp_N2,-9.744727495
848,[*]C=Cc1ccc([*])cc1[Si](C)(C)C(C)(C)C,p_exp_O2,-9.180456064
849,[*]C=Cc1ccc([*])cc1[Si](C)(C)CCCC,p_exp_CO2,-8.585026652
850,[*]C=Cc1ccc([*])cc1[Si](C)(C)CCCC,p_exp_N2,-9.823908741
851,[*]C=Cc1ccc([*])cc1[Si](C)(C)CCCC,p_exp_O2,-9.187086643
852,[*]C=Cc1ccc([*])cc1[Si](C)(C)CCCCCCCC,p_exp_CO2,-8.853871964
853,[*]C=Cc1ccc([*])cc1[Si](C)(C)CCCCCCCC,p_exp_N2,-9.958607315
854,[*]C=Cc1ccc([*])cc1[Si](C)(C)CCCCCCCC,p_exp_O2,-9.455931956
855,[*]C=Cc1ccc([*])cc1[Si](C)(C)CCCCCCCCCCCCCCCCCC,p_exp_CO2,-8.22184875
856,[*]C=Cc1ccc([*])cc1[Si](C)(C)CCCCCCCCCCCCCCCCCC,p_exp_N2,-9.408935393
857,[*]C=Cc1ccc([*])cc1[Si](C)(C)CCCCCCCCCCCCCCCCCC,p_exp_O2,-8.920818754
858,[*]CC(C)O[*],p_exp_CH4,-9.388276692
859,[*]CC(C)O[*],p_exp_CO2,-8.159893906
860,[*]CC(C)O[*],p_exp_H2,-8.163043263
861,[*]CC(C)O[*],p_exp_He,-7.995678626
862,[*]CC(C)O[*],p_exp_N2,-9.42365865
863,[*]CC(C)O[*],p_exp_O2,-8.821023053
864,[*]CC(CCl)O[*],p_exp_CH4,-10.18243463
865,[*]CC(CCl)O[*],p_exp_CO2,-9.096910013
866,[*]CC(CCl)O[*],p_exp_He,-9.316052869
867,[*]CC(CCl)O[*],p_exp_N2,-10.61978876
868,[*]CC(F)(F)C(F)(F)C1(F)OC(C(F)(F)F)(C(F)(F)F)OC1([*])F,p_exp_CH4,-7.408935393
869,[*]CC(F)(F)C(F)(F)C1(F)OC(C(F)(F)F)(C(F)(F)F)OC1([*])F,p_exp_CO2,-6.657577319
870,[*]CC(F)(F)C(F)(F)C1(F)OC(C(F)(F)F)(C(F)(F)F)OC1([*])F,p_exp_H2,-6.679853714
871,[*]CC(F)(F)C(F)(F)C1(F)OC(C(F)(F)F)(C(F)(F)F)OC1([*])F,p_exp_N2,-7.318758763
872,[*]CC(F)(F)C(F)(F)C1(F)OC(C(F)(F)F)(C(F)(F)F)OC1([*])F,p_exp_O2,-7.017728767
873,[*]CC([*])(C)C#N,p_exp_CO2,-12.49485002
874,[*]CC([*])(C)C#N,p_exp_O2,-12.92081875
875,[*]CC([*])(C)C(=O)CC(F)(F)C(F)(F)C(F)(F)C(F)(F)C(F)(F)C(F)(F)C(F)(F)F,p_exp_CH4,-8.853871964
876,[*]CC([*])(C)C(=O)CC(F)(F)C(F)(F)C(F)(F)C(F)(F)C(F)(F)C(F)(F)C(F)(F)F,p_exp_CO2,-7.886056648
877,[*]CC([*])(C)C(=O)CC(F)(F)C(F)(F)C(F)(F)C(F)(F)C(F)(F)C(F)(F)C(F)(F)F,p_exp_H2,-8.086186148
878,[*]CC([*])(C)C(=O)CC(F)(F)C(F)(F)C(F)(F)C(F)(F)C(F)(F)C(F)(F)C(F)(F)F,p_exp_N2,-8.823908741
879,[*]CC([*])(C)C(=O)CC(F)(F)C(F)(F)C(F)(F)C(F)(F)C(F)(F)C(F)(F)C(F)(F)F,p_exp_O2,-8.522878745
880,[*]CC([*])(C)C(=O)OC,p_exp_CH4,-12.33068312
881,[*]CC([*])(C)C(=O)OC,p_exp_CO2,-10.53461715
882,[*]CC([*])(C)C(=O)OC,p_exp_H2,-9.449771647
883,[*]CC([*])(C)C(=O)OC,p_exp_He,-9.119758224
884,[*]CC([*])(C)C(=O)OC,p_exp_N2,-12.03245202
885,[*]CC([*])(C)C(=O)OC,p_exp_O2,-11.1266794
886,[*]CC([*])(C)C(=O)OC(C)(C)C,p_exp_CH4,-10.14327111
887,[*]CC([*])(C)C(=O)OC(C)(C)C,p_exp_CO2,-8.821023053
888,[*]CC([*])(C)C(=O)OC(C)(C)C,p_exp_H2,-8.206209615
889,[*]CC([*])(C)C(=O)OC(C)(C)C,p_exp_He,-8.127261173
890,[*]CC([*])(C)C(=O)OC(C)(C)C,p_exp_N2,-10.11463878
891,[*]CC([*])(C)C(=O)OC(C)(C)C,p_exp_O2,-9.343901798
892,[*]CC([*])(C)C(=O)OCC,p_exp_CH4,-10.45967053
893,[*]CC([*])(C)C(=O)OCC,p_exp_CO2,-9.154281982
894,[*]CC([*])(C)C(=O)OCC,p_exp_H2,-8.661543506
895,[*]CC([*])(C)C(=O)OCC,p_exp_He,-8.623423043
896,[*]CC([*])(C)C(=O)OCC,p_exp_N2,-10.4867824
897,[*]CC([*])(C)C(=O)OCC,p_exp_O2,-9.730487056
898,[*]CC([*])(C)C(=O)OCCOCC,p_exp_CH4,-9.910094889
899,[*]CC([*])(C)C(=O)OCCOCC,p_exp_CO2,-9.067526235
900,[*]CC([*])(C)C(=O)OCCOCC,p_exp_N2,-10.41453927
901,[*]CC([*])(C)C(=O)OCCOCC,p_exp_O2,-9.838631998
902,[*]CC([*])(C)C(=O)OCCOCCOCC,p_exp_CH4,-8.943095149
903,[*]CC([*])(C)C(=O)OCCOCCOCC,p_exp_CO2,-7.876148359
904,[*]CC([*])(C)C(=O)OCCOCCOCC,p_exp_N2,-9.443697499
905,[*]CC([*])(C)C(=O)OCCOCCOCC,p_exp_O2,-8.943095149
906,[*]CC([*])(C)C(=O)OCCOCCOCCOCC,p_exp_CH4,-9.318758763
907,[*]CC([*])(C)C(=O)OCCOCCOCCOCC,p_exp_CO2,-8.128427064
908,[*]CC([*])(C)C(=O)OCCOCCOCCOCC,p_exp_N2,-9.698970004
909,[*]CC([*])(C)C(=O)OCCOCCOCCOCC,p_exp_O2,-9.408935393
910,[*]CC([*])(C)c1ccccc1,p_exp_CH4,-10.85387196
911,[*]CC([*])(C)c1ccccc1,p_exp_CO2,-9.522878745
912,[*]CC([*])(C)c1ccccc1,p_exp_He,-8.838631998
913,[*]CC([*])(C)c1ccccc1,p_exp_N2,-10.82390874
914,[*]CC([*])(C)c1ccccc1,p_exp_O2,-10.08618615
915,[*]CC([*])(Cl)Cl,p_exp_CO2,-11.537602
916,[*]CC([*])(Cl)Cl,p_exp_N2,-13.02733441
917,[*]CC([*])(Cl)Cl,p_exp_O2,-12.28399666
918,[*]CC([*])(F)F,p_exp_CH4,-11.69897
919,[*]CC([*])(F)F,p_exp_CO2,-10.28650946
920,[*]CC([*])(F)F,p_exp_H2,-10.26921772
921,[*]CC([*])(F)F,p_exp_He,-9.764471553
922,[*]CC([*])(F)F,p_exp_N2,-11.65169514
923,[*]CC([*])(F)F,p_exp_O2,-11.08301995
924,[*]CC([*])C,p_exp_CO2,-9.036212173
925,[*]CC([*])C,p_exp_N2,-10.30103
926,[*]CC([*])C,p_exp_O2,-9.698970004
927,[*]CC([*])C#N,p_exp_CO2,-12.74472749
928,[*]CC([*])C#N,p_exp_He,-10.27572413
929,[*]CC([*])C#N,p_exp_N2,-13.79588002
930,[*]CC([*])C#N,p_exp_O2,-13.55284197
931,[*]CC([*])C(=O)CC(F)(F)C(F)(F)C(F)(F)C(F)(F)C(F)(F)C(F)(F)C(F)(F)F,p_exp_CH4,-8.244125144
932,[*]CC([*])C(=O)CC(F)(F)C(F)(F)C(F)(F)C(F)(F)C(F)(F)C(F)(F)C(F)(F)F,p_exp_CO2,-7.283996656
933,[*]CC([*])C(=O)CC(F)(F)C(F)(F)C(F)(F)C(F)(F)C(F)(F)C(F)(F)C(F)(F)F,p_exp_H2,-7.522878745
934,[*]CC([*])C(=O)CC(F)(F)C(F)(F)C(F)(F)C(F)(F)C(F)(F)C(F)(F)C(F)(F)F,p_exp_N2,-8.26760624
935,[*]CC([*])C(=O)CC(F)(F)C(F)(F)C(F)(F)C(F)(F)C(F)(F)C(F)(F)C(F)(F)F,p_exp_O2,-7.869666232
936,[*]CC([*])C(=O)OC,p_exp_CH4,-10.58169871
937,[*]CC([*])C(=O)OC,p_exp_CO2,-9.086716098
938,[*]CC([*])C(=O)OC,p_exp_H2,-8.974694135
939,[*]CC([*])C(=O)OC,p_exp_He,-8.93930216
940,[*]CC([*])C(=O)OC,p_exp_N2,-10.66958623
941,[*]CC([*])C(=O)OC,p_exp_O2,-9.974694135
942,[*]CC([*])C(=O)OCC,p_exp_CH4,-8.826813732
943,[*]CC([*])C(=O)OCC,p_exp_CO2,-7.754487332
944,[*]CC([*])C(=O)OCC,p_exp_H2,-8.218963061
945,[*]CC([*])C(=O)OCC,p_exp_He,-8.356547324
946,[*]CC([*])C(=O)OCC,p_exp_N2,-9.189767482
947,[*]CC([*])C(=O)OCC,p_exp_O2,-8.721246399
948,[*]CC([*])C(=O)OCCCCCCCCCC,p_exp_CH4,-8.320572103
949,[*]CC([*])C(=O)OCCCCCCCCCC,p_exp_CO2,-7.583359493
950,[*]CC([*])C(=O)OCCCCCCCCCC,p_exp_H2,-8.032920266
951,[*]CC([*])C(=O)OCCCCCCCCCC,p_exp_He,-8.244125144
952,[*]CC([*])C(=O)OCCCCCCCCCC,p_exp_N2,-8.721246399
953,[*]CC([*])C(=O)OCCCCCCCCCC,p_exp_O2,-8.322393047
954,[*]CC([*])C(=O)OCCCCCCCCCCCCCC,p_exp_CH4,-8.186419011
955,[*]CC([*])C(=O)OCCCCCCCCCCCCCC,p_exp_CO2,-7.527243551
956,[*]CC([*])C(=O)OCCCCCCCCCCCCCC,p_exp_H2,-8.016824928
957,[*]CC([*])C(=O)OCCCCCCCCCCCCCC,p_exp_He,-8.276544328
958,[*]CC([*])C(=O)OCCCCCCCCCCCCCC,p_exp_N2,-8.655607726
959,[*]CC([*])C(=O)OCCCCCCCCCCCCCC,p_exp_O2,-8.243363892
960,[*]CC([*])CC(C)C,p_exp_CH4,-8.70333481
961,[*]CC([*])CC(C)C,p_exp_CO2,-8
962,[*]CC([*])CC(C)C,p_exp_H2,-7.835647144
963,[*]CC([*])CC(C)C,p_exp_He,-7.950781977
964,[*]CC([*])CC(C)C,p_exp_N2,-9.033389013
965,[*]CC([*])CC(C)C,p_exp_O2,-8.477555766
966,[*]CC([*])Cl,p_exp_CH4,-11.56066731
967,[*]CC([*])Cl,p_exp_CO2,-10.74958
968,[*]CC([*])Cl,p_exp_H2,-9.853871964
969,[*]CC([*])Cl,p_exp_He,-9.823908741
970,[*]CC([*])Cl,p_exp_N2,-12.02045163
971,[*]CC([*])Cl,p_exp_O2,-11.32239305
972,[*]CC([*])F,p_exp_CO2,-11.10127482
973,[*]CC([*])F,p_exp_H2,-10.45593196
974,[*]CC([*])F,p_exp_He,-10.1655793
975,[*]CC([*])F,p_exp_N2,-12.8096683
976,[*]CC([*])F,p_exp_O2,-11.7235382
977,[*]CC([*])OC(=O)C1CCCCC1,p_exp_CO2,-9.080921908
978,[*]CC([*])OC(=O)C1CCCCC1,p_exp_He,-8.801342913
979,[*]CC([*])OC(=O)C1CCCCC1,p_exp_N2,-10.34969248
980,[*]CC([*])OC(=O)C1CCCCC1,p_exp_O2,-9.657577319
981,[*]CC([*])OC(=O)c1ccc(C)cc1,p_exp_CH4,-10.37986395
982,[*]CC([*])OC(=O)c1ccc(C)cc1,p_exp_CO2,-9.171984936
983,[*]CC([*])OC(=O)c1ccc(C)cc1,p_exp_He,-8.835647144
984,[*]CC([*])OC(=O)c1ccc(C)cc1,p_exp_N2,-10.4698003
985,[*]CC([*])OC(=O)c1ccc(C)cc1,p_exp_O2,-9.764471553
986,[*]CC([*])OC(=O)c1cccc(C)c1,p_exp_CH4,-10.92811799
987,[*]CC([*])OC(=O)c1cccc(C)c1,p_exp_CO2,-9.671620397
988,[*]CC([*])OC(=O)c1cccc(C)c1,p_exp_He,-9.084600165
989,[*]CC([*])OC(=O)c1cccc(C)c1,p_exp_N2,-11.05799195
990,[*]CC([*])OC(=O)c1cccc(C)c1,p_exp_O2,-10.30451832
991,[*]CC([*])OC(=O)c1ccccc1,p_exp_CO2,-9.199282922
992,[*]CC([*])OC(=O)c1ccccc1,p_exp_He,-8.970616222
993,[*]CC([*])OC(=O)c1ccccc1C,p_exp_CH4,-10.93930216
994,[*]CC([*])OC(=O)c1ccccc1C,p_exp_CO2,-9.651695137
995,[*]CC([*])OC(=O)c1ccccc1C,p_exp_He,-9.151195299
996,[*]CC([*])OC(=O)c1ccccc1C,p_exp_N2,-11.06600684
997,[*]CC([*])OC(=O)c1ccccc1C,p_exp_O2,-10.32790214
998,[*]CC([*])OC(C)=O,p_exp_H2,-9.036684489
999,[*]CC([*])OC(C)=O,p_exp_He,-8.899629455
1000,[*]CC([*])OC(C)=O,p_exp_O2,-10.31158018
1001,[*]CC([*])OC1C2CC3CC(C2)CC1C3,p_exp_CO2,-8.598599459
1002,[*]CC([*])OC1C2CC3CC(C2)CC1C3,p_exp_N2,-9.772113295
1003,[*]CC([*])OC1C2CC3CC(C2)CC1C3,p_exp_O2,-9.221125528
1004,[*]CC([*])OC1CC2CC1C1CCCC21,p_exp_CO2,-8.899629455
1005,[*]CC([*])OC1CC2CC1C1CCCC21,p_exp_N2,-9.920818754
1006,[*]CC([*])OC1CC2CC1C1CCCC21,p_exp_O2,-9.514278574
1007,[*]CC([*])OC1CC2CCC1C2,p_exp_CO2,-8.602059991
1008,[*]CC([*])OC1CC2CCC1C2,p_exp_N2,-10.01772877
1009,[*]CC([*])OC1CC2CCC1C2,p_exp_O2,-9.449771647
1010,[*]CC([*])OC1CCCCC1,p_exp_CO2,-8.866461092
1011,[*]CC([*])OC1CCCCC1,p_exp_N2,-10.00436481
1012,[*]CC([*])OC1CCCCC1,p_exp_O2,-9.432973634
1013,[*]CC([*])OCC1CC2CC1C1CCCC21,p_exp_CO2,-9.54515514
1014,[*]CC([*])OCC1CC2CC1C1CCCC21,p_exp_N2,-10.88605665
1015,[*]CC([*])OCC1CC2CC1C1CCCC21,p_exp_O2,-10.09151498
1016,[*]CC([*])OCC1CCCCC1,p_exp_CO2,-9.229884705
1017,[*]CC([*])OCC1CCCCC1,p_exp_N2,-10.39794001
1018,[*]CC([*])OCC1CCCCC1,p_exp_O2,-9.809668302
1019,[*]CC([*])OCc1ccccc1,p_exp_CO2,-8.954677021
1020,[*]CC([*])OCc1ccccc1,p_exp_N2,-10.10237291
1021,[*]CC([*])OCc1ccccc1,p_exp_O2,-9.632644079
1022,[*]CC([*])[Si](C)(C)C,p_exp_CH4,-8.744727495
1023,[*]CC([*])[Si](C)(C)C,p_exp_CO2,-7.721246399
1024,[*]CC([*])[Si](C)(C)C,p_exp_H2,-7.698970004
1025,[*]CC([*])[Si](C)(C)C,p_exp_He,-7.744727495
1026,[*]CC([*])[Si](C)(C)C,p_exp_N2,-8.958607315
1027,[*]CC([*])[Si](C)(C)C,p_exp_O2,-8.356547324
1028,[*]CC([*])[Si](C)(C)c1ccccc1,p_exp_CO2,-8.910094889
1029,[*]CC([*])[Si](C)(C)c1ccccc1,p_exp_N2,-10.34678749
1030,[*]CC([*])[Si](C)(C)c1ccccc1,p_exp_O2,-9.607303047
1031,[*]CC([*])c1ccc(Br)cc1,p_exp_CH4,-10.31875876
1032,[*]CC([*])c1ccc(Br)cc1,p_exp_CO2,-9.070581074
1033,[*]CC([*])c1ccc(Br)cc1,p_exp_He,-8.785156152
1034,[*]CC([*])c1ccc(Br)cc1,p_exp_N2,-10.49485002
1035,[*]CC([*])c1ccc(Br)cc1,p_exp_O2,-9.721246399
1036,[*]CC([*])c1ccc(C(C)(C)C)cc1,p_exp_CH4,-8.777283529
1037,[*]CC([*])c1ccc(C(C)(C)C)cc1,p_exp_CO2,-7.853871964
1038,[*]CC([*])c1ccc(C(C)(C)C)cc1,p_exp_He,-7.982966661
1039,[*]CC([*])c1ccc(C(C)(C)C)cc1,p_exp_N2,-9.075720714
1040,[*]CC([*])c1ccc(C(C)(C)C)cc1,p_exp_O2,-8.449771647
1041,[*]CC([*])c1ccc(C)cc1,p_exp_CH4,-9.657577319
1042,[*]CC([*])c1ccc(C)cc1,p_exp_CO2,-8.525783736
1043,[*]CC([*])c1ccc(C)cc1,p_exp_He,-8.43062609
1044,[*]CC([*])c1ccc(C)cc1,p_exp_N2,-9.823908741
1045,[*]CC([*])c1ccc(C)cc1,p_exp_O2,-9.142667504
1046,[*]CC([*])c1ccc(C[Si](C)(C)C)cc1,p_exp_CH4,-9.107905397
1047,[*]CC([*])c1ccc(C[Si](C)(C)C)cc1,p_exp_CO2,-8.251811973
1048,[*]CC([*])c1ccc(C[Si](C)(C)C)cc1,p_exp_H2,-8.26760624
1049,[*]CC([*])c1ccc(C[Si](C)(C)C)cc1,p_exp_He,-8.337242168
1050,[*]CC([*])c1ccc(C[Si](C)(C)C)cc1,p_exp_N2,-8.346787486
1051,[*]CC([*])c1ccc(C[Si](C)(C)C)cc1,p_exp_O2,-8.853871964
1052,[*]CC([*])c1ccc(Cl)cc1,p_exp_CH4,-10.58502665
1053,[*]CC([*])c1ccc(Cl)cc1,p_exp_CO2,-9.366531544
1054,[*]CC([*])c1ccc(Cl)cc1,p_exp_He,-8.785156152
1055,[*]CC([*])c1ccc(Cl)cc1,p_exp_N2,-10.63827216
1056,[*]CC([*])c1ccc(Cl)cc1,p_exp_O2,-9.920818754
1057,[*]CC([*])c1ccc(F)cc1,p_exp_CH4,-9.974694135
1058,[*]CC([*])c1ccc(F)cc1,p_exp_CO2,-8.764471553
1059,[*]CC([*])c1ccc(F)cc1,p_exp_He,-8.463441557
1060,[*]CC([*])c1ccc(F)cc1,p_exp_N2,-10.08092191
1061,[*]CC([*])c1ccc(F)cc1,p_exp_O2,-9.356547324
1062,[*]CC([*])c1ccc(O)cc1,p_exp_He,-9.468521083
1063,[*]CC([*])c1ccc(O)cc1,p_exp_N2,-11.82390874
1064,[*]CC([*])c1ccc(O)cc1,p_exp_O2,-10.92081875
1065,[*]CC([*])c1ccc(OC(C)=O)cc1,p_exp_CH4,-10.00436481
1066,[*]CC([*])c1ccc(OC(C)=O)cc1,p_exp_CO2,-8.787812396
1067,[*]CC([*])c1ccc(OC(C)=O)cc1,p_exp_He,-8.730487056
1068,[*]CC([*])c1ccc(OC(C)=O)cc1,p_exp_N2,-10.19382003
1069,[*]CC([*])c1ccc(OC(C)=O)cc1,p_exp_O2,-9.508638306
1070,[*]CC([*])c1ccc(OC)cc1,p_exp_CH4,-10.04095861
1071,[*]CC([*])c1ccc(OC)cc1,p_exp_CO2,-8.723538196
1072,[*]CC([*])c1ccc(OC)cc1,p_exp_He,-8.823908741
1073,[*]CC([*])c1ccc(OC)cc1,p_exp_N2,-10.21467016
1074,[*]CC([*])c1ccc(OC)cc1,p_exp_O2,-9.585026652
1075,[*]CC([*])c1ccc([Si](C)(C)C)cc1,p_exp_CH4,-8.468521083
1076,[*]CC([*])c1ccc([Si](C)(C)C)cc1,p_exp_CO2,-7.643974143
1077,[*]CC([*])c1ccc([Si](C)(C)C)cc1,p_exp_H2,-7.739928612
1078,[*]CC([*])c1ccc([Si](C)(C)C)cc1,p_exp_He,-7.931814138
1079,[*]CC([*])c1ccc([Si](C)(C)C)cc1,p_exp_N2,-8.795880017
1080,[*]CC([*])c1ccc([Si](C)(C)C)cc1,p_exp_O2,-8.251811973
1081,[*]CC([*])c1ccc([Si](C)(C)CCC(F)(F)F)cc1,p_exp_CH4,-8.657577319
1082,[*]CC([*])c1ccc([Si](C)(C)CCC(F)(F)F)cc1,p_exp_CO2,-7.54668166
1083,[*]CC([*])c1ccc([Si](C)(C)CCC(F)(F)F)cc1,p_exp_H2,-7.962573502
1084,[*]CC([*])c1ccc([Si](C)(C)CCC(F)(F)F)cc1,p_exp_He,-8.022276395
1085,[*]CC([*])c1ccc([Si](C)(C)CCC(F)(F)F)cc1,p_exp_N2,-8.928117993
1086,[*]CC([*])c1ccc([Si](C)(C)CCC(F)(F)F)cc1,p_exp_O2,-8.419075024
1087,[*]CC([*])c1ccccc1,p_exp_CH4,-10.10513034
1088,[*]CC([*])c1ccccc1,p_exp_CO2,-8.910094889
1089,[*]CC([*])c1ccccc1,p_exp_H2,-8.573488739
1090,[*]CC([*])c1ccccc1,p_exp_He,-8.655607726
1091,[*]CC([*])c1ccccc1,p_exp_N2,-10.27164622
1092,[*]CC([*])c1ccccc1,p_exp_O2,-9.638272164
1093,[*]CC([*])c1ccncc1,p_exp_CH4,-10.85387196
1094,[*]CC([*])c1ccncc1,p_exp_CO2,-9.480172006
1095,[*]CC([*])c1ccncc1,p_exp_H2,-8.899629455
1096,[*]CC([*])c1ccncc1,p_exp_He,-8.906578315
1097,[*]CC([*])c1ccncc1,p_exp_N2,-10.88605665
1098,[*]CC([*])c1ccncc1,p_exp_O2,-10.07572071
1099,[*]CC1CC([*])OCO1,p_exp_H2,-10.03151705
1100,[*]CC1CC([*])OCO1,p_exp_He,-9.795880017
1101,[*]CC1CC([*])OCO1,p_exp_N2,-11.74472749
1102,[*]CC1CC([*])OCO1,p_exp_O2,-11.61978876
1103,[*]CCC(F)(Cl)C([*])(F)F,p_exp_CO2,-10.21681131
1104,[*]CCC(F)(Cl)C([*])(F)F,p_exp_He,-9.274088368
1105,[*]CCC(F)(Cl)C([*])(F)F,p_exp_N2,-11.21467016
1106,[*]CCC(F)(Cl)C([*])(F)F,p_exp_O2,-10.81815641
1107,[*]CCC(F)(F)C([*])(F)F,p_exp_CO2,-9.70333481
1108,[*]CCC(F)(F)C([*])(F)F,p_exp_He,-9.249491605
1109,[*]CCC(F)(F)C([*])(F)F,p_exp_N2,-10.73992861
1110,[*]CCC(F)(F)C([*])(F)F,p_exp_O2,-10.27408837
1111,[*]CCC1CC([*])C2C1C([Si](O[Si](C)(C)C)(O[Si](C)(C)C)O[Si](C)(C)C)C2[Si](O[Si](C)(C)C)(O[Si](C)(C)C)O[Si](C)(C)C,p_exp_CH4,-7.66756154
1112,[*]CCC1CC([*])C2C1C([Si](O[Si](C)(C)C)(O[Si](C)(C)C)O[Si](C)(C)C)C2[Si](O[Si](C)(C)C)(O[Si](C)(C)C)O[Si](C)(C)C,p_exp_CO2,-7.075720714
1113,[*]CCC1CC([*])C2C1C([Si](O[Si](C)(C)C)(O[Si](C)(C)C)O[Si](C)(C)C)C2[Si](O[Si](C)(C)C)(O[Si](C)(C)C)O[Si](C)(C)C,p_exp_H2,-7.337242168
1114,[*]CCC1CC([*])C2C1C([Si](O[Si](C)(C)C)(O[Si](C)(C)C)O[Si](C)(C)C)C2[Si](O[Si](C)(C)C)(O[Si](C)(C)C)O[Si](C)(C)C,p_exp_He,-7.522878745
1115,[*]CCC1CC([*])C2C1C([Si](O[Si](C)(C)C)(O[Si](C)(C)C)O[Si](C)(C)C)C2[Si](O[Si](C)(C)C)(O[Si](C)(C)C)O[Si](C)(C)C,p_exp_N2,-8.124938737
1116,[*]CCC1CC([*])C2C1C([Si](O[Si](C)(C)C)(O[Si](C)(C)C)O[Si](C)(C)C)C2[Si](O[Si](C)(C)C)(O[Si](C)(C)C)O[Si](C)(C)C,p_exp_O2,-7.657577319
1117,[*]CCCCCCCCCCNC([*])=O,p_exp_CO2,-10
1118,[*]CCCCCCCCCCNC([*])=O,p_exp_H2,-9.580044252
1119,[*]CCCCCCCCCCNC([*])=O,p_exp_He,-9.552841969
1120,[*]CCCCCCCC[Si](C)(C)O[Si]([*])(C)C,p_exp_CH4,-7.443697499
1121,[*]CCCCCCCC[Si](C)(C)O[Si]([*])(C)C,p_exp_CO2,-6.920818754
1122,[*]CCCCCCCC[Si](C)(C)O[Si]([*])(C)C,p_exp_He,-7.759450752
1123,[*]CCCCCCCC[Si](C)(C)O[Si]([*])(C)C,p_exp_O2,-7.625251654
1124,[*]CCCCCC[Si](C)(C)O[Si]([*])(C)C,p_exp_CH4,-7.403402904
1125,[*]CCCCCC[Si](C)(C)O[Si]([*])(C)C,p_exp_CO2,-6.882728704
1126,[*]CCCCCC[Si](C)(C)O[Si]([*])(C)C,p_exp_He,-7.71219827
1127,[*]CCCCCC[Si](C)(C)O[Si]([*])(C)C,p_exp_O2,-7.576754126
1128,[*]CCCCCNC(=O)CCCCCC([*])=O,p_exp_CO2,-10.76955108
1129,[*]CCCCCNC(=O)CCCCCC([*])=O,p_exp_O2,-11.46852108
1130,[*]CCCCCNC([*])=O,p_exp_CO2,-10.79588002
1131,[*]CCCCCNC([*])=O,p_exp_O2,-11.4202164
1132,[*]CCCCCOC([*])=O,p_exp_CH4,-9.804100348
1133,[*]CCCCCOC([*])=O,p_exp_CO2,-8.774690718
1134,[*]CCCCCOC([*])=O,p_exp_H2,-9.295849483
1135,[*]CCCCCOC([*])=O,p_exp_He,-9.261219442
1136,[*]CCCCCOC([*])=O,p_exp_N2,-10.22914799
1137,[*]CCCCCOC([*])=O,p_exp_O2,-9.779891912
1138,[*]CCC[Si]([*])(C)C,p_exp_CH4,-9.075720714
1139,[*]CCC[Si]([*])(C)C,p_exp_N2,-9.522878745
1140,[*]CCC[Si]([*])(C)C,p_exp_O2,-9.022276395
1141,[*]CC[Si](C)(C)O[Si]([*])(C)C,p_exp_CH4,-7.224025669
1142,[*]CC[Si](C)(C)O[Si]([*])(C)C,p_exp_CO2,-6.725842151
1143,[*]CC[Si](C)(C)O[Si]([*])(C)C,p_exp_He,-7.565431096
1144,[*]CC[Si](C)(C)O[Si]([*])(C)C,p_exp_O2,-7.404503778
1145,[*]CC[Si](C)(C)c1ccc([Si](C)(C)CC[Si]([*])(C)C)cc1,p_exp_CH4,-10.27572413
1146,[*]CC[Si](C)(C)c1ccc([Si](C)(C)CC[Si]([*])(C)C)cc1,p_exp_CO2,-9.396855627
1147,[*]CC[Si](C)(C)c1ccc([Si](C)(C)CC[Si]([*])(C)C)cc1,p_exp_He,-8.974694135
1148,[*]CC[Si](C)(C)c1ccc([Si](C)(C)CC[Si]([*])(C)C)cc1,p_exp_N2,-10.59006688
1149,[*]CC[Si](C)(C)c1ccc([Si](C)(C)CC[Si]([*])(C)C)cc1,p_exp_O2,-9.954677021
1150,[*]CCc1c(Cl)cc([*])cc1Cl,p_exp_CO2,-10.10623824
1151,[*]CCc1c(Cl)cc([*])cc1Cl,p_exp_N2,-11.56703071
1152,[*]CCc1c(Cl)cc([*])cc1Cl,p_exp_O2,-10.74232143
1153,[*]CCc1ccc([*])cc1,p_exp_CO2,-9.879426069
1154,[*]CCc1ccc([*])cc1,p_exp_H2,-9.607303047
1155,[*]CCc1ccc([*])cc1,p_exp_He,-9.602059991
1156,[*]CCc1ccc([*])cc1,p_exp_N2,-11.30189945
1157,[*]CCc1ccc([*])cc1,p_exp_O2,-10.67366414
1158,[*]CCc1ccc([*])cc1Br,p_exp_CO2,-11.4436975
1159,[*]CCc1ccc([*])cc1Br,p_exp_H2,-10.34486157
1160,[*]CCc1ccc([*])cc1Br,p_exp_N2,-13.21467016
1161,[*]CCc1ccc([*])cc1Br,p_exp_O2,-11.61798296
1162,[*]CCc1ccc([*])cc1C,p_exp_CO2,-10.57675413
1163,[*]CCc1ccc([*])cc1C,p_exp_H2,-10.00261362
1164,[*]CCc1ccc([*])cc1C,p_exp_N2,-11.80410035
1165,[*]CCc1ccc([*])cc1C,p_exp_O2,-11.24260397
1166,[*]CCc1ccc([*])cc1C#N,p_exp_CO2,-10.5214335
1167,[*]CCc1ccc([*])cc1C#N,p_exp_H2,-9.749579998
1168,[*]CCc1ccc([*])cc1C#N,p_exp_O2,-11.04383157
1169,[*]CCc1ccc([*])cc1CC,p_exp_CO2,-9.723538196
1170,[*]CCc1ccc([*])cc1CC,p_exp_H2,-9.36552273
1171,[*]CCc1ccc([*])cc1CC,p_exp_N2,-11.04383157
1172,[*]CCc1ccc([*])cc1CC,p_exp_O2,-10.30103
1173,[*]CCc1ccc([*])cc1Cl,p_exp_CO2,-11.04431225
1174,[*]CCc1ccc([*])cc1Cl,p_exp_H2,-10.02733441
1175,[*]CCc1ccc([*])cc1Cl,p_exp_He,-9.931814138
1176,[*]CCc1ccc([*])cc1Cl,p_exp_N2,-12.16304326
1177,[*]CCc1ccc([*])cc1Cl,p_exp_O2,-11.34872199
1178,[*]CN1C(=O)c2cc3c(cc2C1=O)S(=O)(=O)c1cc2c(cc1S3(=O)=O)C(=O)N(c1cc3c(cc1C)-c1cc(C)c([*])cc1S3(=O)=O)C2=O,p_exp_CH4,-10.22914799
1179,[*]CN1C(=O)c2cc3c(cc2C1=O)S(=O)(=O)c1cc2c(cc1S3(=O)=O)C(=O)N(c1cc3c(cc1C)-c1cc(C)c([*])cc1S3(=O)=O)C2=O,p_exp_CO2,-8.619788758
1180,[*]CN1C(=O)c2cc3c(cc2C1=O)S(=O)(=O)c1cc2c(cc1S3(=O)=O)C(=O)N(c1cc3c(cc1C)-c1cc(C)c([*])cc1S3(=O)=O)C2=O,p_exp_N2,-10.15490196
1181,[*]CN1C(=O)c2ccc(C(c3ccc4c(c3)C(=O)N(Cc3ccc(-c5cc(C)c(-c6ccc([*])cc6C)cc5C)c(C)c3)C4=O)C(F)(F)F)cc2C1=O.CC(F)(F)F,p_exp_CH4,-10.05551733
1182,[*]CN1C(=O)c2ccc(C(c3ccc4c(c3)C(=O)N(Cc3ccc(-c5cc(C)c(-c6ccc([*])cc6C)cc5C)c(C)c3)C4=O)C(F)(F)F)cc2C1=O.CC(F)(F)F,p_exp_CO2,-8.494850022
1183,[*]CN1C(=O)c2ccc(C(c3ccc4c(c3)C(=O)N(Cc3ccc(-c5cc(C)c(-c6ccc([*])cc6C)cc5C)c(C)c3)C4=O)C(F)(F)F)cc2C1=O.CC(F)(F)F,p_exp_H2,-8.142667504
1184,[*]CN1C(=O)c2ccc(C(c3ccc4c(c3)C(=O)N(Cc3ccc(-c5cc(C)c(-c6ccc([*])cc6C)cc5C)c(C)c3)C4=O)C(F)(F)F)cc2C1=O.CC(F)(F)F,p_exp_He,-8.148741651
1185,[*]CN1C(=O)c2ccc(C(c3ccc4c(c3)C(=O)N(Cc3ccc(-c5cc(C)c(-c6ccc([*])cc6C)cc5C)c(C)c3)C4=O)C(F)(F)F)cc2C1=O.CC(F)(F)F,p_exp_N2,-9.853871964
1186,[*]CN1C(=O)c2ccc(C(c3ccc4c(c3)C(=O)N(Cc3ccc(-c5cc(C)c(-c6ccc([*])cc6C)cc5C)c(C)c3)C4=O)C(F)(F)F)cc2C1=O.CC(F)(F)F,p_exp_O2,-9.142667504
1187,[*]CN1C(=O)c2ccc(S(=O)(=O)c3ccc4c(c3)C(=O)N(c3cc5c(cc3C)-c3cc(C)c([*])cc3S5(=O)=O)C4=O)cc2C1=O,p_exp_CH4,-10.63827216
1188,[*]CN1C(=O)c2ccc(S(=O)(=O)c3ccc4c(c3)C(=O)N(c3cc5c(cc3C)-c3cc(C)c([*])cc3S5(=O)=O)C4=O)cc2C1=O,p_exp_CO2,-8.838631998
1189,[*]CN1C(=O)c2ccc(S(=O)(=O)c3ccc4c(c3)C(=O)N(c3cc5c(cc3C)-c3cc(C)c([*])cc3S5(=O)=O)C4=O)cc2C1=O,p_exp_N2,-10.43179828
1190,[*]CN1C(=O)c2ccc(S(=O)(=O)c3ccc4c(c3)C(=O)N(c3cc5c(cc3C)-c3cc(C)c([*])cc3S5(=O)=O)C4=O)cc2C1=O,p_exp_O2,-9.482804102
1191,[*]COCC([*])O,p_exp_CO2,-11.92081875
1192,[*]COCC([*])O,p_exp_H2,-11.64206515
1193,[*]COCC([*])O,p_exp_He,-11.26121944
1194,[*]COCC([*])O,p_exp_O2,-12.4202164
1195,[*]COC[*],p_exp_CH4,-10.22184875
1196,[*]COC[*],p_exp_CO2,-8.920818754
1197,[*]COC[*],p_exp_H2,-9.744727495
1198,[*]COC[*],p_exp_He,-9.769551079
1199,[*]COC[*],p_exp_N2,-10.60205999
1200,[*]COC[*],p_exp_O2,-10.16749109
1201,[*]CO[*],p_exp_CO2,-10.34678749
1202,[*]CO[*],p_exp_N2,-11.61978876
1203,[*]CO[*],p_exp_O2,-11.04575749
1204,[*]COc1c(Br)cc(C(c2cc(Br)c(OC(=O)c3cccc(C([*])=O)c3)c(Br)c2)(C(F)(F)F)C(F)(F)F)cc1Br,p_exp_CH4,-10.22402567
1205,[*]COc1c(Br)cc(C(c2cc(Br)c(OC(=O)c3cccc(C([*])=O)c3)c(Br)c2)(C(F)(F)F)C(F)(F)F)cc1Br,p_exp_CO2,-8.448550002
1206,[*]COc1c(Br)cc(C(c2cc(Br)c(OC(=O)c3cccc(C([*])=O)c3)c(Br)c2)(C(F)(F)F)C(F)(F)F)cc1Br,p_exp_H2,-8.187086643
1207,[*]COc1c(Br)cc(C(c2cc(Br)c(OC(=O)c3cccc(C([*])=O)c3)c(Br)c2)(C(F)(F)F)C(F)(F)F)cc1Br,p_exp_He,-8.178486472
1208,[*]COc1c(Br)cc(C(c2cc(Br)c(OC(=O)c3cccc(C([*])=O)c3)c(Br)c2)(C(F)(F)F)C(F)(F)F)cc1Br,p_exp_N2,-9.970616222
1209,[*]COc1c(Br)cc(C(c2cc(Br)c(OC(=O)c3cccc(C([*])=O)c3)c(Br)c2)(C(F)(F)F)C(F)(F)F)cc1Br,p_exp_O2,-9.170696227
1210,[*]C[*],p_exp_CH4,-9.278189385
1211,[*]C[*],p_exp_CO2,-8.793174124
1212,[*]C[*],p_exp_He,-9.248720896
1213,[*]C[*],p_exp_N2,-10.05158703
1214,[*]C[*],p_exp_O2,-9.549750892
1215,[*]C[Si]([*])(C)C,p_exp_CH4,-7.886056648
1216,[*]C[Si]([*])(C)C,p_exp_N2,-8.397940009
1217,[*]C[Si]([*])(C)C,p_exp_O2,-8.004364805
1218,[*]Cc1cc(C)c(-n2c(=O)c3cc4c(=O)n(-c5c(C)cc([*])cc5C)c(=O)c4cc3c2=O)c(C)c1,p_exp_CH4,-9.085656843
1219,[*]Cc1cc(C)c(-n2c(=O)c3cc4c(=O)n(-c5c(C)cc([*])cc5C)c(=O)c4cc3c2=O)c(C)c1,p_exp_CO2,-8.010550182
1220,[*]Cc1cc(C)c(-n2c(=O)c3cc4c(=O)n(-c5c(C)cc([*])cc5C)c(=O)c4cc3c2=O)c(C)c1,p_exp_He,-8.060480747
1221,[*]Cc1cc(C)c(-n2c(=O)c3cc4c(=O)n(-c5c(C)cc([*])cc5C)c(=O)c4cc3c2=O)c(C)c1,p_exp_N2,-9.149966742
1222,[*]Cc1cc(C)c(-n2c(=O)c3cc4c(=O)n(-c5c(C)cc([*])cc5C)c(=O)c4cc3c2=O)c(C)c1,p_exp_O2,-8.562249437
1223,[*]Cc1cc(C)c(N2C(=O)c3ccc(-c4ccc5c(c4)C(=O)N(c4c(C)cc([*])cc4C)C5=O)cc3C2=O)c(C)c1,p_exp_CH4,-10.0872467
1224,[*]Cc1cc(C)c(N2C(=O)c3ccc(-c4ccc5c(c4)C(=O)N(c4c(C)cc([*])cc4C)C5=O)cc3C2=O)c(C)c1,p_exp_CO2,-8.649751982
1225,[*]Cc1cc(C)c(N2C(=O)c3ccc(-c4ccc5c(c4)C(=O)N(c4c(C)cc([*])cc4C)C5=O)cc3C2=O)c(C)c1,p_exp_He,-8.49757288
1226,[*]Cc1cc(C)c(N2C(=O)c3ccc(-c4ccc5c(c4)C(=O)N(c4c(C)cc([*])cc4C)C5=O)cc3C2=O)c(C)c1,p_exp_N2,-10.03952922
1227,[*]Cc1cc(C)c(N2C(=O)c3ccc(-c4ccc5c(c4)C(=O)N(c4c(C)cc([*])cc4C)C5=O)cc3C2=O)c(C)c1,p_exp_O2,-9.325138859
1228,[*]Cc1cc(C)c(N2C(=O)c3ccc(C(c4ccc5c(c4)C(=O)N(c4c(C)cc([*])cc4C)C5=O)(C(F)(F)F)C(F)(F)F)cc3C2=O)c(C)c1,p_exp_CH4,-9.838631998
1229,[*]Cc1cc(C)c(N2C(=O)c3ccc(C(c4ccc5c(c4)C(=O)N(c4c(C)cc([*])cc4C)C5=O)(C(F)(F)F)C(F)(F)F)cc3C2=O)c(C)c1,p_exp_CO2,-8.35753548
1230,[*]Cc1cc(C)c(N2C(=O)c3ccc(C(c4ccc5c(c4)C(=O)N(c4c(C)cc([*])cc4C)C5=O)(C(F)(F)F)C(F)(F)F)cc3C2=O)c(C)c1,p_exp_He,-8.128427064
1231,[*]Cc1cc(C)c(N2C(=O)c3ccc(C(c4ccc5c(c4)C(=O)N(c4c(C)cc([*])cc4C)C5=O)(C(F)(F)F)C(F)(F)F)cc3C2=O)c(C)c1,p_exp_N2,-9.671620397
1232,[*]Cc1cc(C)c(N2C(=O)c3ccc(C(c4ccc5c(c4)C(=O)N(c4c(C)cc([*])cc4C)C5=O)(C(F)(F)F)C(F)(F)F)cc3C2=O)c(C)c1,p_exp_O2,-8.987162775
1233,[*]Cc1cc(C)c(Oc2ccc(C(C)(C)c3ccc(Oc4c(C)cc([*])cc4C)cc3)cc2)c(C)c1,p_exp_CH4,-10.23882419
1234,[*]Cc1cc(C)c(Oc2ccc(C(C)(C)c3ccc(Oc4c(C)cc([*])cc4C)cc3)cc2)c(C)c1,p_exp_CO2,-8.823908741
1235,[*]Cc1cc(C)c(Oc2ccc(C(C)(C)c3ccc(Oc4c(C)cc([*])cc4C)cc3)cc2)c(C)c1,p_exp_H2,-8.462180905
1236,[*]Cc1cc(C)c(Oc2ccc(C(C)(C)c3ccc(Oc4c(C)cc([*])cc4C)cc3)cc2)c(C)c1,p_exp_He,-8.537602002
1237,[*]Cc1cc(C)c(Oc2ccc(C(C)(C)c3ccc(Oc4c(C)cc([*])cc4C)cc3)cc2)c(C)c1,p_exp_N2,-10.21395879
1238,[*]Cc1cc(C)c(Oc2ccc(C(C)(C)c3ccc(Oc4c(C)cc([*])cc4C)cc3)cc2)c(C)c1,p_exp_O2,-9.48148606
1239,[*]Cc1cc(C)c(Oc2ccc(S(=O)(=O)c3ccc(Oc4c(C)cc([*])cc4C)cc3)cc2)c(C)c1,p_exp_CH4,-10.09474395
1240,[*]Cc1cc(C)c(Oc2ccc(S(=O)(=O)c3ccc(Oc4c(C)cc([*])cc4C)cc3)cc2)c(C)c1,p_exp_CO2,-8.774690718
1241,[*]Cc1cc(C)c(Oc2ccc(S(=O)(=O)c3ccc(Oc4c(C)cc([*])cc4C)cc3)cc2)c(C)c1,p_exp_H2,-8.642065153
1242,[*]Cc1cc(C)c(Oc2ccc(S(=O)(=O)c3ccc(Oc4c(C)cc([*])cc4C)cc3)cc2)c(C)c1,p_exp_He,-8.511449283
1243,[*]Cc1cc(C)c(Oc2ccc(S(=O)(=O)c3ccc(Oc4c(C)cc([*])cc4C)cc3)cc2)c(C)c1,p_exp_N2,-9.89279003
1244,[*]Cc1cc(C)c(Oc2ccc(S(=O)(=O)c3ccc(Oc4c(C)cc([*])cc4C)cc3)cc2)c(C)c1,p_exp_O2,-9.40560745
1245,[*]Cc1ccc(N2C(=O)c3ccc(C(c4ccc5c(c4)C(=O)N(c4ccc([*])cc4C)C5=O)(C(F)(F)F)C(F)(F)F)cc3C2=O)c(C)c1,p_exp_CH4,-10.70333481
1246,[*]Cc1ccc(N2C(=O)c3ccc(C(c4ccc5c(c4)C(=O)N(c4ccc([*])cc4C)C5=O)(C(F)(F)F)C(F)(F)F)cc3C2=O)c(C)c1,p_exp_CO2,-9.057991947
1247,[*]Cc1ccc(N2C(=O)c3ccc(C(c4ccc5c(c4)C(=O)N(c4ccc([*])cc4C)C5=O)(C(F)(F)F)C(F)(F)F)cc3C2=O)c(C)c1,p_exp_He,-8.454692884
1248,[*]Cc1ccc(N2C(=O)c3ccc(C(c4ccc5c(c4)C(=O)N(c4ccc([*])cc4C)C5=O)(C(F)(F)F)C(F)(F)F)cc3C2=O)c(C)c1,p_exp_N2,-10.39147397
1249,[*]Cc1ccc(N2C(=O)c3ccc(C(c4ccc5c(c4)C(=O)N(c4ccc([*])cc4C)C5=O)(C(F)(F)F)C(F)(F)F)cc3C2=O)c(C)c1,p_exp_O2,-9.600326279
1250,[*]Cc1ccc(N2C(=O)c3ccc(Oc4ccc(Oc5ccc6c(c5)C(=O)N(c5ccc([*])cc5C)C6=O)cc4)cc3C2=O)c(C)c1,p_exp_CH4,-11.67985371
1251,[*]Cc1ccc(N2C(=O)c3ccc(Oc4ccc(Oc5ccc6c(c5)C(=O)N(c5ccc([*])cc5C)C6=O)cc4)cc3C2=O)c(C)c1,p_exp_CO2,-9.779891912
1252,[*]Cc1ccc(N2C(=O)c3ccc(Oc4ccc(Oc5ccc6c(c5)C(=O)N(c5ccc([*])cc5C)C6=O)cc4)cc3C2=O)c(C)c1,p_exp_H2,-9.106238238
1253,[*]Cc1ccc(N2C(=O)c3ccc(Oc4ccc(Oc5ccc6c(c5)C(=O)N(c5ccc([*])cc5C)C6=O)cc4)cc3C2=O)c(C)c1,p_exp_N2,-11.44733178
1254,[*]Cc1ccc(N2C(=O)c3ccc(Oc4ccc(Oc5ccc6c(c5)C(=O)N(c5ccc([*])cc5C)C6=O)cc4)cc3C2=O)c(C)c1,p_exp_O2,-10.44611697
1255,[*]N=P([*])(C)C,p_exp_CO2,-8.53165267
1256,[*]N=P([*])(C)C,p_exp_N2,-9.896196279
1257,[*]N=P([*])(C)C,p_exp_O2,-9.452225295
1258,[*]N=P([*])(C)c1ccccc1,p_exp_CH4,-10.15490196
1259,[*]N=P([*])(C)c1ccccc1,p_exp_CO2,-9.187086643
1260,[*]N=P([*])(C)c1ccccc1,p_exp_N2,-10.22184875
1261,[*]N=P([*])(C)c1ccccc1,p_exp_O2,-9.744727495
1262,[*]N=P([*])(OCC(C)(C)C)OC(C)(C)C,p_exp_CH4,-9.124360063
1263,[*]N=P([*])(OCC(C)(C)C)OC(C)(C)C,p_exp_CO2,-8.312471039
1264,[*]N=P([*])(OCC(C)(C)C)OC(C)(C)C,p_exp_H2,-8.18243463
1265,[*]N=P([*])(OCC(C)(C)C)OC(C)(C)C,p_exp_He,-8.220403509
1266,[*]N=P([*])(OCC(C)(C)C)OC(C)(C)C,p_exp_N2,-9.460923901
1267,[*]N=P([*])(OCC(C)(C)C)OC(C)(C)C,p_exp_O2,-8.812479279
1268,[*]N=P([*])(OCC(C)C)OC(C)C,p_exp_CH4,-8.005682847
1269,[*]N=P([*])(OCC(C)C)OC(C)C,p_exp_CO2,-7.403402904
1270,[*]N=P([*])(OCC(C)C)OC(C)C,p_exp_H2,-7.777283529
1271,[*]N=P([*])(OCC(C)C)OC(C)C,p_exp_He,-8.17327748
1272,[*]N=P([*])(OCC(C)C)OC(C)C,p_exp_N2,-8.498940738
1273,[*]N=P([*])(OCC(C)C)OC(C)C,p_exp_O2,-8.062482108
1274,[*]N=P([*])(OCC(C)CC)OC(C)CC,p_exp_CH4,-8.407823243
1275,[*]N=P([*])(OCC(C)CC)OC(C)CC,p_exp_CO2,-7.752026734
1276,[*]N=P([*])(OCC(C)CC)OC(C)CC,p_exp_H2,-8.022276395
1277,[*]N=P([*])(OCC(C)CC)OC(C)CC,p_exp_He,-7.974694135
1278,[*]N=P([*])(OCC(C)CC)OC(C)CC,p_exp_N2,-8.872895202
1279,[*]N=P([*])(OCC(C)CC)OC(C)CC,p_exp_O2,-8.390405591
1280,[*]N=P([*])(OCC(F)(F)F)OCC(F)(F)F,p_exp_CH4,-8.238824187
1281,[*]N=P([*])(OCC(F)(F)F)OCC(F)(F)F,p_exp_CO2,-7.238072162
1282,[*]N=P([*])(OCC(F)(F)F)OCC(F)(F)F,p_exp_He,-7.571865206
1283,[*]N=P([*])(OCC(F)(F)F)OCC(F)(F)F,p_exp_N2,-8.284832642
1284,[*]N=P([*])(OCC(F)(F)F)OCC(F)(F)F,p_exp_O2,-7.935542011
1285,[*]N=P([*])(OCCC)OCCCC,p_exp_CH4,-7.707743929
1286,[*]N=P([*])(OCCC)OCCCC,p_exp_CO2,-7.189095719
1287,[*]N=P([*])(OCCC)OCCCC,p_exp_H2,-7.769551079
1288,[*]N=P([*])(OCCC)OCCCC,p_exp_He,-8.07211659
1289,[*]N=P([*])(OCCC)OCCCC,p_exp_N2,-8.252588192
1290,[*]N=P([*])(OCCC)OCCCC,p_exp_O2,-7.89279003
1291,[*]N=P([*])(Oc1ccc(Br)cc1)Oc1ccc(Br)cc1,p_exp_CH4,-10.45593196
1292,[*]N=P([*])(Oc1ccc(Br)cc1)Oc1ccc(Br)cc1,p_exp_CO2,-9.387216143
1293,[*]N=P([*])(Oc1ccc(Br)cc1)Oc1ccc(Br)cc1,p_exp_He,-9.236572006
1294,[*]N=P([*])(Oc1ccc(Br)cc1)Oc1ccc(Br)cc1,p_exp_N2,-10.74472749
1295,[*]N=P([*])(Oc1ccc(Br)cc1)Oc1ccc(Br)cc1,p_exp_O2,-10.04095861
1296,[*]N=P([*])(Oc1ccc(C(C)(C)C)cc1)Oc1ccc(C(C)(C)C)cc1,p_exp_CH4,-9.769551079
1297,[*]N=P([*])(Oc1ccc(C(C)(C)C)cc1)Oc1ccc(C(C)(C)C)cc1,p_exp_CO2,-8.769551079
1298,[*]N=P([*])(Oc1ccc(C(C)(C)C)cc1)Oc1ccc(C(C)(C)C)cc1,p_exp_H2,-8.638272164
1299,[*]N=P([*])(Oc1ccc(C(C)(C)C)cc1)Oc1ccc(C(C)(C)C)cc1,p_exp_N2,-9.619788758
1300,[*]N=P([*])(Oc1ccc(C(C)(C)C)cc1)Oc1ccc(C(C)(C)C)cc1,p_exp_O2,-9.086186148
1301,[*]N=P([*])(Oc1ccccc1)Oc1ccccc1,p_exp_CH4,-9.886056648
1302,[*]N=P([*])(Oc1ccccc1)Oc1ccccc1,p_exp_CO2,-8.958607315
1303,[*]N=P([*])(Oc1ccccc1)Oc1ccccc1,p_exp_H2,-9.124938737
1304,[*]N=P([*])(Oc1ccccc1)Oc1ccccc1,p_exp_He,-8.987162775
1305,[*]N=P([*])(Oc1ccccc1)Oc1ccccc1,p_exp_N2,-10.02227639
1306,[*]N=P([*])(Oc1ccccc1)Oc1ccccc1,p_exp_O2,-9.66756154
1307,[*]NC(=O)c1cc(C(c2ccc(C(=O)O)c(C(=O)Nc3cc(Oc4ccc(N)c([*])c4)ccc3N)c2)(C(F)(F)F)C(F)(F)F)ccc1C(=O)O,p_exp_CH4,-11.06048075
1308,[*]NC(=O)c1cc(C(c2ccc(C(=O)O)c(C(=O)Nc3cc(Oc4ccc(N)c([*])c4)ccc3N)c2)(C(F)(F)F)C(F)(F)F)ccc1C(=O)O,p_exp_CO2,-9.432973634
1309,[*]NC(=O)c1cc(C(c2ccc(C(=O)O)c(C(=O)Nc3cc(Oc4ccc(N)c([*])c4)ccc3N)c2)(C(F)(F)F)C(F)(F)F)ccc1C(=O)O,p_exp_He,-8.723538196
1310,[*]NC(=O)c1cc(C(c2ccc(C(=O)O)c(C(=O)Nc3cc(Oc4ccc(N)c([*])c4)ccc3N)c2)(C(F)(F)F)C(F)(F)F)ccc1C(=O)O,p_exp_N2,-10.76955108
1311,[*]NC(=O)c1cc(C(c2ccc(C(=O)O)c(C(=O)Nc3cc(Oc4ccc(N)c([*])c4)ccc3N)c2)(C(F)(F)F)C(F)(F)F)ccc1C(=O)O,p_exp_O2,-10.01322827
1312,[*]NC(=O)c1ccc(Oc2cc(C(C)(C)C)c(Oc3ccc(C(=O)Nc4c(C)cc(Cc5cc(C)c([*])c(C(C)C)c5)cc4C(C)C)cc3)cc2C(C)(C)C)cc1,p_exp_CH4,-9.91721463
1313,[*]NC(=O)c1ccc(Oc2cc(C(C)(C)C)c(Oc3ccc(C(=O)Nc4c(C)cc(Cc5cc(C)c([*])c(C(C)C)c5)cc4C(C)C)cc3)cc2C(C)(C)C)cc1,p_exp_CO2,-8.568636236
1314,[*]NC(=O)c1ccc(Oc2cc(C(C)(C)C)c(Oc3ccc(C(=O)Nc4c(C)cc(Cc5cc(C)c([*])c(C(C)C)c5)cc4C(C)C)cc3)cc2C(C)(C)C)cc1,p_exp_He,-8.30980392
1315,[*]NC(=O)c1ccc(Oc2cc(C(C)(C)C)c(Oc3ccc(C(=O)Nc4c(C)cc(Cc5cc(C)c([*])c(C(C)C)c5)cc4C(C)C)cc3)cc2C(C)(C)C)cc1,p_exp_N2,-9.928117993
1316,[*]NC(=O)c1ccc(Oc2cc(C(C)(C)C)c(Oc3ccc(C(=O)Nc4c(C)cc(Cc5cc(C)c([*])c(C(C)C)c5)cc4C(C)C)cc3)cc2C(C)(C)C)cc1,p_exp_O2,-9.189095719
1317,[*]Nc1ccc(C(c2ccc(NC(=O)c3cc(C([*])=O)cc(-c4ccccc4)c3)cc2)(C(F)(F)F)C(F)(F)F)cc1,p_exp_CH4,-10.1079054
1318,[*]Nc1ccc(C(c2ccc(NC(=O)c3cc(C([*])=O)cc(-c4ccccc4)c3)cc2)(C(F)(F)F)C(F)(F)F)cc1,p_exp_CO2,-8.677780705
1319,[*]Nc1ccc(C(c2ccc(NC(=O)c3cc(C([*])=O)cc(-c4ccccc4)c3)cc2)(C(F)(F)F)C(F)(F)F)cc1,p_exp_H2,-8.37675071
1320,[*]Nc1ccc(C(c2ccc(NC(=O)c3cc(C([*])=O)cc(-c4ccccc4)c3)cc2)(C(F)(F)F)C(F)(F)F)cc1,p_exp_He,-8.318758763
1321,[*]Nc1ccc(C(c2ccc(NC(=O)c3cc(C([*])=O)cc(-c4ccccc4)c3)cc2)(C(F)(F)F)C(F)(F)F)cc1,p_exp_N2,-9.920818754
1322,[*]Nc1ccc(C(c2ccc(NC(=O)c3cc(C([*])=O)cc(-c4ccccc4)c3)cc2)(C(F)(F)F)C(F)(F)F)cc1,p_exp_O2,-9.259637311
1323,[*]Nc1ccc(C(c2ccc(NC(=O)c3cccc(C([*])=O)c3)cc2)(C(F)(F)F)C(F)(F)F)cc1,p_exp_CH4,-10.69897
1324,[*]Nc1ccc(C(c2ccc(NC(=O)c3cccc(C([*])=O)c3)cc2)(C(F)(F)F)C(F)(F)F)cc1,p_exp_CO2,-9.045757491
1325,[*]Nc1ccc(C(c2ccc(NC(=O)c3cccc(C([*])=O)c3)cc2)(C(F)(F)F)C(F)(F)F)cc1,p_exp_H2,-8.537602002
1326,[*]Nc1ccc(C(c2ccc(NC(=O)c3cccc(C([*])=O)c3)cc2)(C(F)(F)F)C(F)(F)F)cc1,p_exp_He,-8.455931956
1327,[*]Nc1ccc(C(c2ccc(NC(=O)c3cccc(C([*])=O)c3)cc2)(C(F)(F)F)C(F)(F)F)cc1,p_exp_N2,-10.37675071
1328,[*]Nc1ccc(C(c2ccc(NC(=O)c3cccc(C([*])=O)c3)cc2)(C(F)(F)F)C(F)(F)F)cc1,p_exp_O2,-9.619788758
1329,[*]Nc1ccc(C2(c3ccc(NC(=O)c4ccc(C([*])=O)cc4)cc3)c3ccccc3-c3ccccc32)cc1,p_exp_CH4,-10.26121944
1330,[*]Nc1ccc(C2(c3ccc(NC(=O)c4ccc(C([*])=O)cc4)cc3)c3ccccc3-c3ccccc32)cc1,p_exp_CO2,-8.815308569
1331,[*]Nc1ccc(C2(c3ccc(NC(=O)c4ccc(C([*])=O)cc4)cc3)c3ccccc3-c3ccccc32)cc1,p_exp_He,-8.607303047
1332,[*]Nc1ccc(C2(c3ccc(NC(=O)c4ccc(C([*])=O)cc4)cc3)c3ccccc3-c3ccccc32)cc1,p_exp_N2,-10.28650946
1333,[*]Nc1ccc(C2(c3ccc(NC(=O)c4ccc(C([*])=O)cc4)cc3)c3ccccc3-c3ccccc32)cc1,p_exp_O2,-9.522878745
1334,[*]Nc1ccc(C2(c3ccc(NC(=O)c4cccc(C([*])=O)c4)cc3)c3ccccc3-c3ccccc32)cc1,p_exp_CH4,-10.89279003
1335,[*]Nc1ccc(C2(c3ccc(NC(=O)c4cccc(C([*])=O)c4)cc3)c3ccccc3-c3ccccc32)cc1,p_exp_CO2,-9.27572413
1336,[*]Nc1ccc(C2(c3ccc(NC(=O)c4cccc(C([*])=O)c4)cc3)c3ccccc3-c3ccccc32)cc1,p_exp_He,-8.801342913
1337,[*]Nc1ccc(C2(c3ccc(NC(=O)c4cccc(C([*])=O)c4)cc3)c3ccccc3-c3ccccc32)cc1,p_exp_N2,-10.70553377
1338,[*]Nc1ccc(C2(c3ccc(NC(=O)c4cccc(C([*])=O)c4)cc3)c3ccccc3-c3ccccc32)cc1,p_exp_O2,-9.920818754
1339,[*]Nc1ccc(Cc2ccc(NC(=O)c3cccc(C([*])=O)c3)cc2)cc1,p_exp_CO2,-10.49485002
1340,[*]Nc1ccc(Cc2ccc(NC(=O)c3cccc(C([*])=O)c3)cc2)cc1,p_exp_He,-9.374687549
1341,[*]Nc1ccc(Cc2ccc(NC(=O)c3cccc(C([*])=O)c3)cc2)cc1,p_exp_O2,-11.16115091
1342,[*]Nc1ccc(Oc2ccc(N3C(=O)c4ccc(C(=O)Nc5cccc(N6C(=O)c7ccc(C(=O)Nc8ccc(Oc9ccc(N%10C(=O)c%11ccc(C([*])=O)cc%11C%10=O)cc9)cc8)cc7C6=O)c5)cc4C3=O)cc2)cc1,p_exp_CH4,-11.52287875
1343,[*]Nc1ccc(Oc2ccc(N3C(=O)c4ccc(C(=O)Nc5cccc(N6C(=O)c7ccc(C(=O)Nc8ccc(Oc9ccc(N%10C(=O)c%11ccc(C([*])=O)cc%11C%10=O)cc9)cc8)cc7C6=O)c5)cc4C3=O)cc2)cc1,p_exp_CO2,-10.08092191
1344,[*]Nc1ccc(Oc2ccc(N3C(=O)c4ccc(C(=O)Nc5cccc(N6C(=O)c7ccc(C(=O)Nc8ccc(Oc9ccc(N%10C(=O)c%11ccc(C([*])=O)cc%11C%10=O)cc9)cc8)cc7C6=O)c5)cc4C3=O)cc2)cc1,p_exp_H2,-9.35261703
1345,[*]Nc1ccc(Oc2ccc(N3C(=O)c4ccc(C(=O)Nc5cccc(N6C(=O)c7ccc(C(=O)Nc8ccc(Oc9ccc(N%10C(=O)c%11ccc(C([*])=O)cc%11C%10=O)cc9)cc8)cc7C6=O)c5)cc4C3=O)cc2)cc1,p_exp_He,-9.257274869
1346,[*]Nc1ccc(Oc2ccc(N3C(=O)c4ccc(C(=O)Nc5cccc(N6C(=O)c7ccc(C(=O)Nc8ccc(Oc9ccc(N%10C(=O)c%11ccc(C([*])=O)cc%11C%10=O)cc9)cc8)cc7C6=O)c5)cc4C3=O)cc2)cc1,p_exp_N2,-11.43179828
1347,[*]Nc1ccc(Oc2ccc(N3C(=O)c4ccc(C(=O)Nc5cccc(N6C(=O)c7ccc(C(=O)Nc8ccc(Oc9ccc(N%10C(=O)c%11ccc(C([*])=O)cc%11C%10=O)cc9)cc8)cc7C6=O)c5)cc4C3=O)cc2)cc1,p_exp_O2,-10.67366414
1348,[*]Nc1ccc(S(=O)(=O)c2ccc(NC(=O)c3cc(C([*])=O)cc(-c4ccccc4)c3)cc2)cc1,p_exp_CH4,-10.95860731
1349,[*]Nc1ccc(S(=O)(=O)c2ccc(NC(=O)c3cc(C([*])=O)cc(-c4ccccc4)c3)cc2)cc1,p_exp_CO2,-9.494850022
1350,[*]Nc1ccc(S(=O)(=O)c2ccc(NC(=O)c3cc(C([*])=O)cc(-c4ccccc4)c3)cc2)cc1,p_exp_H2,-9.119186408
1351,[*]Nc1ccc(S(=O)(=O)c2ccc(NC(=O)c3cc(C([*])=O)cc(-c4ccccc4)c3)cc2)cc1,p_exp_He,-9
1352,[*]Nc1ccc(S(=O)(=O)c2ccc(NC(=O)c3cc(C([*])=O)cc(-c4ccccc4)c3)cc2)cc1,p_exp_N2,-10.88605665
1353,[*]Nc1ccc(S(=O)(=O)c2ccc(NC(=O)c3cc(C([*])=O)cc(-c4ccccc4)c3)cc2)cc1,p_exp_O2,-10.12493874
1354,[*]Nc1ccc(S(=O)(=O)c2ccc(NC(=O)c3cccc(C([*])=O)c3)cc2)cc1,p_exp_CH4,-11.85387196
1355,[*]Nc1ccc(S(=O)(=O)c2ccc(NC(=O)c3cccc(C([*])=O)c3)cc2)cc1,p_exp_CO2,-10.1079054
1356,[*]Nc1ccc(S(=O)(=O)c2ccc(NC(=O)c3cccc(C([*])=O)c3)cc2)cc1,p_exp_H2,-9.366531544
1357,[*]Nc1ccc(S(=O)(=O)c2ccc(NC(=O)c3cccc(C([*])=O)c3)cc2)cc1,p_exp_He,-9.283996656
1358,[*]Nc1ccc(S(=O)(=O)c2ccc(NC(=O)c3cccc(C([*])=O)c3)cc2)cc1,p_exp_N2,-11.50863831
1359,[*]Nc1ccc(S(=O)(=O)c2ccc(NC(=O)c3cccc(C([*])=O)c3)cc2)cc1,p_exp_O2,-10.7212464
1360,[*]Nc1ccc([*])cc1,p_exp_CO2,-10.04095861
1361,[*]Nc1ccc([*])cc1,p_exp_H2,-9.436518915
1362,[*]Nc1ccc([*])cc1,p_exp_He,-9.381951903
1363,[*]Nc1ccc([*])cc1,p_exp_N2,-11.52287875
1364,[*]Nc1ccc([*])cc1,p_exp_O2,-10.7212464
1365,[*]Nc1cccc(NC(=O)c2ccc(C(c3ccc(C([*])=O)cc3)(C(F)(F)F)C(F)(F)F)cc2)c1,p_exp_CH4,-10.61978876
1366,[*]Nc1cccc(NC(=O)c2ccc(C(c3ccc(C([*])=O)cc3)(C(F)(F)F)C(F)(F)F)cc2)c1,p_exp_CO2,-9.075720714
1367,[*]Nc1cccc(NC(=O)c2ccc(C(c3ccc(C([*])=O)cc3)(C(F)(F)F)C(F)(F)F)cc2)c1,p_exp_H2,-8.638272164
1368,[*]Nc1cccc(NC(=O)c2ccc(C(c3ccc(C([*])=O)cc3)(C(F)(F)F)C(F)(F)F)cc2)c1,p_exp_He,-8.508638306
1369,[*]Nc1cccc(NC(=O)c2ccc(C(c3ccc(C([*])=O)cc3)(C(F)(F)F)C(F)(F)F)cc2)c1,p_exp_N2,-10.39794001
1370,[*]Nc1cccc(NC(=O)c2ccc(C(c3ccc(C([*])=O)cc3)(C(F)(F)F)C(F)(F)F)cc2)c1,p_exp_O2,-9.657577319
1371,[*]OC(=O)Oc1ccc(C(=O)Oc2ccc3c(c2)C2(Cc4cc([*])ccc4C2(C)C)CC3(C)C)cc1,p_exp_CH4,-9.943095149
1372,[*]OC(=O)Oc1ccc(C(=O)Oc2ccc3c(c2)C2(Cc4cc([*])ccc4C2(C)C)CC3(C)C)cc1,p_exp_CO2,-8.723538196
1373,[*]OC(=O)Oc1ccc(C(=O)Oc2ccc3c(c2)C2(Cc4cc([*])ccc4C2(C)C)CC3(C)C)cc1,p_exp_He,-8.407823243
1374,[*]OC(=O)Oc1ccc(C(=O)Oc2ccc3c(c2)C2(Cc4cc([*])ccc4C2(C)C)CC3(C)C)cc1,p_exp_N2,-10
1375,[*]OC(=O)Oc1ccc(C(=O)Oc2ccc3c(c2)C2(Cc4cc([*])ccc4C2(C)C)CC3(C)C)cc1,p_exp_O2,-9.274905479
1376,[*]OC(=O)Oc1ccc2c(c1)C1(CC(C)(C)c3ccc([*])cc31)CC2(C)C,p_exp_CH4,-9.698970004
1377,[*]OC(=O)Oc1ccc2c(c1)C1(CC(C)(C)c3ccc([*])cc31)CC2(C)C,p_exp_CO2,-8.522878745
1378,[*]OC(=O)Oc1ccc2c(c1)C1(CC(C)(C)c3ccc([*])cc31)CC2(C)C,p_exp_H2,-8.244125144
1379,[*]OC(=O)Oc1ccc2c(c1)C1(CC(C)(C)c3ccc([*])cc31)CC2(C)C,p_exp_He,-8.30980392
1380,[*]OC(=O)Oc1ccc2c(c1)C1(CC(C)(C)c3ccc([*])cc31)CC2(C)C,p_exp_N2,-9.853871964
1381,[*]OC(=O)Oc1ccc2c(c1)C1(CC(C)(C)c3ccc([*])cc31)CC2(C)C,p_exp_O2,-9.15490196
1382,[*]OC(=O)c1cc(C(=O)COc2c(Br)cc3c(c2Br)C(=C)OC32c3cc(Br)c([*])c(Br)c32)cc(C(C)(C)C)c1,p_exp_CH4,-9.962573502
1383,[*]OC(=O)c1cc(C(=O)COc2c(Br)cc3c(c2Br)C(=C)OC32c3cc(Br)c([*])c(Br)c32)cc(C(C)(C)C)c1,p_exp_CO2,-8.514278574
1384,[*]OC(=O)c1cc(C(=O)COc2c(Br)cc3c(c2Br)C(=C)OC32c3cc(Br)c([*])c(Br)c32)cc(C(C)(C)C)c1,p_exp_H2,-8.170696227
1385,[*]OC(=O)c1cc(C(=O)COc2c(Br)cc3c(c2Br)C(=C)OC32c3cc(Br)c([*])c(Br)c32)cc(C(C)(C)C)c1,p_exp_He,-8.212539525
1386,[*]OC(=O)c1cc(C(=O)COc2c(Br)cc3c(c2Br)C(=C)OC32c3cc(Br)c([*])c(Br)c32)cc(C(C)(C)C)c1,p_exp_N2,-9.89279003
1387,[*]OC(=O)c1cc(C(=O)COc2c(Br)cc3c(c2Br)C(=C)OC32c3cc(Br)c([*])c(Br)c32)cc(C(C)(C)C)c1,p_exp_O2,-9.130181792
1388,[*]OC(=O)c1ccc(C(=O)Oc2ccc3c(c2)C2(CC(C)(C)c4ccc([*])cc42)CC3(C)C)cc1,p_exp_CH4,-9.37675071
1389,[*]OC(=O)c1ccc(C(=O)Oc2ccc3c(c2)C2(CC(C)(C)c4ccc([*])cc42)CC3(C)C)cc1,p_exp_CO2,-8.254144805
1390,[*]OC(=O)c1ccc(C(=O)Oc2ccc3c(c2)C2(CC(C)(C)c4ccc([*])cc42)CC3(C)C)cc1,p_exp_He,-8.167491087
1391,[*]OC(=O)c1ccc(C(=O)Oc2ccc3c(c2)C2(CC(C)(C)c4ccc([*])cc42)CC3(C)C)cc1,p_exp_N2,-9.525783736
1392,[*]OC(=O)c1ccc(C(=O)Oc2ccc3c(c2)C2(CC(C)(C)c4ccc([*])cc42)CC3(C)C)cc1,p_exp_O2,-8.872895202
1393,[*]OC(=O)c1ccc(C(=O)Oc2ccc3c(c2)C2(Cc4ccc([*])cc4C2(C)C)CC3(C)C)cc1,p_exp_CH4,-9.374687549
1394,[*]OC(=O)c1ccc(C(=O)Oc2ccc3c(c2)C2(Cc4ccc([*])cc4C2(C)C)CC3(C)C)cc1,p_exp_CO2,-8.254144805
1395,[*]OC(=O)c1ccc(C(=O)Oc2ccc3c(c2)C2(Cc4ccc([*])cc4C2(C)C)CC3(C)C)cc1,p_exp_He,-8.167491087
1396,[*]OC(=O)c1ccc(C(=O)Oc2ccc3c(c2)C2(Cc4ccc([*])cc4C2(C)C)CC3(C)C)cc1,p_exp_N2,-9.525783736
1397,[*]OC(=O)c1ccc(C(=O)Oc2ccc3c(c2)C2(Cc4ccc([*])cc4C2(C)C)CC3(C)C)cc1,p_exp_O2,-8.872895202
1398,[*]OC(=O)c1cccc(C(=O)COc2c(Br)cc3c(c2Br)C(=C)OC32c3cc(Br)c([*])c(Br)c32)c1,p_exp_CH4,-10.68613278
1399,[*]OC(=O)c1cccc(C(=O)COc2c(Br)cc3c(c2Br)C(=C)OC32c3cc(Br)c([*])c(Br)c32)c1,p_exp_CO2,-9.078833949
1400,[*]OC(=O)c1cccc(C(=O)COc2c(Br)cc3c(c2Br)C(=C)OC32c3cc(Br)c([*])c(Br)c32)c1,p_exp_H2,-8.554395797
1401,[*]OC(=O)c1cccc(C(=O)COc2c(Br)cc3c(c2Br)C(=C)OC32c3cc(Br)c([*])c(Br)c32)c1,p_exp_He,-8.630784143
1402,[*]OC(=O)c1cccc(C(=O)COc2c(Br)cc3c(c2Br)C(=C)OC32c3cc(Br)c([*])c(Br)c32)c1,p_exp_N2,-10.537602
1403,[*]OC(=O)c1cccc(C(=O)COc2c(Br)cc3c(c2Br)C(=C)OC32c3cc(Br)c([*])c(Br)c32)c1,p_exp_O2,-9.707743929
1404,[*]OC(=O)c1cccc(C(=O)Oc2c(C)cc(C(C)(C)c3cc(C)c([*])c(Br)c3)cc2Br)c1,p_exp_CH4,-10.82102305
1405,[*]OC(=O)c1cccc(C(=O)Oc2c(C)cc(C(C)(C)c3cc(C)c([*])c(Br)c3)cc2Br)c1,p_exp_CO2,-9.263603498
1406,[*]OC(=O)c1cccc(C(=O)Oc2c(C)cc(C(C)(C)c3cc(C)c([*])c(Br)c3)cc2Br)c1,p_exp_H2,-8.632644079
1407,[*]OC(=O)c1cccc(C(=O)Oc2c(C)cc(C(C)(C)c3cc(C)c([*])c(Br)c3)cc2Br)c1,p_exp_He,-8.655607726
1408,[*]OC(=O)c1cccc(C(=O)Oc2c(C)cc(C(C)(C)c3cc(C)c([*])c(Br)c3)cc2Br)c1,p_exp_N2,-10.65955589
1409,[*]OC(=O)c1cccc(C(=O)Oc2c(C)cc(C(C)(C)c3cc(C)c([*])c(Br)c3)cc2Br)c1,p_exp_O2,-9.818156412
1410,[*]OC(=O)c1cccc(C(=O)Oc2ccc3c(c2)C2(Cc4ccc([*])cc4C2(C)C)CC3(C)C)c1,p_exp_CH4,-9.943095149
1411,[*]OC(=O)c1cccc(C(=O)Oc2ccc3c(c2)C2(Cc4ccc([*])cc4C2(C)C)CC3(C)C)c1,p_exp_CO2,-8.723538196
1412,[*]OC(=O)c1cccc(C(=O)Oc2ccc3c(c2)C2(Cc4ccc([*])cc4C2(C)C)CC3(C)C)c1,p_exp_He,-8.407823243
1413,[*]OC(=O)c1cccc(C(=O)Oc2ccc3c(c2)C2(Cc4ccc([*])cc4C2(C)C)CC3(C)C)c1,p_exp_N2,-10
1414,[*]OC(=O)c1cccc(C(=O)Oc2ccc3c(c2)C2(Cc4ccc([*])cc4C2(C)C)CC3(C)C)c1,p_exp_O2,-9.274905479
1415,[*]OC(C)C([*])=O,p_exp_CH4,-10
1416,[*]OC(C)C([*])=O,p_exp_CO2,-8.991399828
1417,[*]OC(C)C([*])=O,p_exp_N2,-9.886056648
1418,[*]OC(C)C([*])=O,p_exp_O2,-9.48148606
1419,[*]OC1C(COC(C)=O)OC(OC2C(COC(C)=O)OC([*])C(OC(C)=O)C2O)C(OC(C)=O)C1O,p_exp_CH4,-10.68824614
1420,[*]OC1C(COC(C)=O)OC(OC2C(COC(C)=O)OC([*])C(OC(C)=O)C2O)C(OC(C)=O)C1O,p_exp_CO2,-9.22475374
1421,[*]OC1C(COC(C)=O)OC(OC2C(COC(C)=O)OC([*])C(OC(C)=O)C2O)C(OC(C)=O)C1O,p_exp_H2,-8.826813732
1422,[*]OC1C(COC(C)=O)OC(OC2C(COC(C)=O)OC([*])C(OC(C)=O)C2O)C(OC(C)=O)C1O,p_exp_N2,-10.63638802
1423,[*]OC1C(COC(C)=O)OC(OC2C(COC(C)=O)OC([*])C(OC(C)=O)C2O)C(OC(C)=O)C1O,p_exp_O2,-9.978810701
1424,[*]OC1C(COC(C)=O)OC([*])C(O)C1OC(C)=O,p_exp_CO2,-9.619788758
1425,[*]OC1C(COC(C)=O)OC([*])C(O)C1OC(C)=O,p_exp_O2,-10.09691001
1426,[*]OC1C(COCC)OC([*])C(O)C1O,p_exp_CH4,-9.043351421
1427,[*]OC1C(COCC)OC([*])C(O)C1O,p_exp_CO2,-8.051098239
1428,[*]OC1C(COCC)OC([*])C(O)C1O,p_exp_H2,-8.185752404
1429,[*]OC1C(COCC)OC([*])C(O)C1O,p_exp_He,-8.27572413
1430,[*]OC1C(COCC)OC([*])C(O)C1O,p_exp_N2,-9.388276692
1431,[*]OC1C(COCC)OC([*])C(O)C1O,p_exp_O2,-8.823908741
1432,[*]OC1C(CO[N+](=O)[O-])OC([*])C(O[N+](=O)[O-])C1O[N+](=O)[O-],p_exp_H2,-9.698970004
1433,[*]OC1C(CO[N+](=O)[O-])OC([*])C(O[N+](=O)[O-])C1O[N+](=O)[O-],p_exp_N2,-10.92081875
1434,[*]OC1C(CO[N+](=O)[O-])OC([*])C(O[N+](=O)[O-])C1O[N+](=O)[O-],p_exp_O2,-10.22184875
1435,[*]OCC(=O)c1cccc(C(=O)Oc2c(Br)cc3c(c2Br)-c2cc(Br)c([*])c(Br)c2C3(C)C)c1,p_exp_CH4,-10.24641694
1436,[*]OCC(=O)c1cccc(C(=O)Oc2c(Br)cc3c(c2Br)-c2cc(Br)c([*])c(Br)c2C3(C)C)c1,p_exp_CO2,-8.690369833
1437,[*]OCC(=O)c1cccc(C(=O)Oc2c(Br)cc3c(c2Br)-c2cc(Br)c([*])c(Br)c2C3(C)C)c1,p_exp_H2,-8.271646218
1438,[*]OCC(=O)c1cccc(C(=O)Oc2c(Br)cc3c(c2Br)-c2cc(Br)c([*])c(Br)c2C3(C)C)c1,p_exp_He,-8.41453927
1439,[*]OCC(=O)c1cccc(C(=O)Oc2c(Br)cc3c(c2Br)-c2cc(Br)c([*])c(Br)c2C3(C)C)c1,p_exp_N2,-10.15181088
1440,[*]OCC(=O)c1cccc(C(=O)Oc2c(Br)cc3c(c2Br)-c2cc(Br)c([*])c(Br)c2C3(C)C)c1,p_exp_O2,-9.315154638
1441,[*]OCCOC(=O)c1ccc(C([*])=O)cc1,p_exp_CO2,-10.63451202
1442,[*]OCCOC(=O)c1ccc(C([*])=O)cc1,p_exp_H2,-9.431798276
1443,[*]OCCOC(=O)c1ccc(C([*])=O)cc1,p_exp_He,-9.406713933
1444,[*]OCCOC(=O)c1ccc(C([*])=O)cc1,p_exp_N2,-11.78251606
1445,[*]OCCOC(=O)c1ccc(C([*])=O)cc1,p_exp_O2,-11.14206474
1446,[*]OCCOC(=O)c1ccc2cc(C([*])=O)ccc2c1,p_exp_CO2,-10.6216021
1447,[*]OCCOC(=O)c1ccc2cc(C([*])=O)ccc2c1,p_exp_He,-9.673664139
1448,[*]OCCOC(=O)c1ccc2cc(C([*])=O)ccc2c1,p_exp_O2,-11.7235382
1449,[*]OCCOC(=O)c1cccc(C([*])=O)c1,p_exp_CO2,-11.4134127
1450,[*]OCCOC(=O)c1cccc(C([*])=O)c1,p_exp_O2,-11.82390874
1451,[*]OOc1c2c(c([*])c3c1C1c4ccccc4C3c3ccccc31)C1c3ccccc3C2c2ccccc21,p_exp_CH4,-9.4225082
1452,[*]OOc1c2c(c([*])c3c1C1c4ccccc4C3c3ccccc31)C1c3ccccc3C2c2ccccc21,p_exp_CO2,-7.863279433
1453,[*]OOc1c2c(c([*])c3c1C1c4ccccc4C3c3ccccc31)C1c3ccccc3C2c2ccccc21,p_exp_N2,-9.306273051
1454,[*]OOc1c2c(c([*])c3c1C1c4ccccc4C3c3ccccc31)C1c3ccccc3C2c2ccccc21,p_exp_O2,-8.581698709
1455,[*]OOc1ccc(C(c2ccc(OC(=O)c3cccc(C([*])=O)c3)cc2)(C(F)(F)F)C(F)(F)F)cc1,p_exp_CH4,-10.09745322
1456,[*]OOc1ccc(C(c2ccc(OC(=O)c3cccc(C([*])=O)c3)cc2)(C(F)(F)F)C(F)(F)F)cc1,p_exp_CO2,-8.718966633
1457,[*]OOc1ccc(C(c2ccc(OC(=O)c3cccc(C([*])=O)c3)cc2)(C(F)(F)F)C(F)(F)F)cc1,p_exp_H2,-8.428291168
1458,[*]OOc1ccc(C(c2ccc(OC(=O)c3cccc(C([*])=O)c3)cc2)(C(F)(F)F)C(F)(F)F)cc1,p_exp_He,-8.320572103
1459,[*]OOc1ccc(C(c2ccc(OC(=O)c3cccc(C([*])=O)c3)cc2)(C(F)(F)F)C(F)(F)F)cc1,p_exp_N2,-9.954677021
1460,[*]OOc1ccc(C(c2ccc(OC(=O)c3cccc(C([*])=O)c3)cc2)(C(F)(F)F)C(F)(F)F)cc1,p_exp_O2,-9.281498311
1461,[*]OOc1ccc([*])c2c1C1c3ccccc3C2c2ccccc21,p_exp_CH4,-9.614393726
1462,[*]OOc1ccc([*])c2c1C1c3ccccc3C2c2ccccc21,p_exp_CO2,-8.03574037
1463,[*]OOc1ccc([*])c2c1C1c3ccccc3C2c2ccccc21,p_exp_N2,-9.504455662
1464,[*]OOc1ccc([*])c2c1C1c3ccccc3C2c2ccccc21,p_exp_O2,-8.707743929
1465,[*]OOc1ccc2cc([*])ccc2c1,p_exp_CH4,-11.43651891
1466,[*]OOc1ccc2cc([*])ccc2c1,p_exp_CO2,-9.823908741
1467,[*]OOc1ccc2cc([*])ccc2c1,p_exp_H2,-9.139661993
1468,[*]OOc1ccc2cc([*])ccc2c1,p_exp_He,-9.102372909
1469,[*]OOc1ccc2cc([*])ccc2c1,p_exp_N2,-11.29499204
1470,[*]OOc1ccc2cc([*])ccc2c1,p_exp_O2,-10.4202164
1471,[*]OOc1ccc2ccc([*])cc2c1,p_exp_CH4,-11.30103
1472,[*]OOc1ccc2ccc([*])cc2c1,p_exp_CO2,-9.744727495
1473,[*]OOc1ccc2ccc([*])cc2c1,p_exp_H2,-9.088842391
1474,[*]OOc1ccc2ccc([*])cc2c1,p_exp_He,-9.055517328
1475,[*]OOc1ccc2ccc([*])cc2c1,p_exp_N2,-11.13371266
1476,[*]OOc1ccc2ccc([*])cc2c1,p_exp_O2,-10.30103
1477,[*]OOc1cccc2c([*])cccc12,p_exp_CH4,-11.43889862
1478,[*]OOc1cccc2c([*])cccc12,p_exp_CO2,-9.795880017
1479,[*]OOc1cccc2c([*])cccc12,p_exp_H2,-9.091514981
1480,[*]OOc1cccc2c([*])cccc12,p_exp_He,-9.026872146
1481,[*]OOc1cccc2c([*])cccc12,p_exp_N2,-11.24565166
1482,[*]OOc1cccc2c([*])cccc12,p_exp_O2,-10.37675071
1483,[*]O[Si](C)(C)c1ccc([Si]([*])(C)C)cc1,p_exp_CH4,-8.920818754
1484,[*]O[Si](C)(C)c1ccc([Si]([*])(C)C)cc1,p_exp_CO2,-8.187086643
1485,[*]O[Si](C)(C)c1ccc([Si]([*])(C)C)cc1,p_exp_He,-8.080921908
1486,[*]O[Si](C)(C)c1ccc([Si]([*])(C)C)cc1,p_exp_O2,-8.958607315
1487,[*]O[Si](C)(C)c1cccc([Si]([*])(C)C)c1,p_exp_CH4,-7.974694135
1488,[*]O[Si](C)(C)c1cccc([Si]([*])(C)C)c1,p_exp_CO2,-7.28567024
1489,[*]O[Si](C)(C)c1cccc([Si]([*])(C)C)c1,p_exp_He,-8.075720714
1490,[*]O[Si](C)(C)c1cccc([Si]([*])(C)C)c1,p_exp_O2,-8.13076828
1491,[*]O[Si]([*])(C)C,p_exp_CH4,-7.041914151
1492,[*]O[Si]([*])(C)C,p_exp_CO2,-6.517126416
1493,[*]O[Si]([*])(C)C,p_exp_H2,-7.113509275
1494,[*]O[Si]([*])(C)C,p_exp_He,-7.469800302
1495,[*]O[Si]([*])(C)C,p_exp_N2,-7.557520231
1496,[*]O[Si]([*])(C)C,p_exp_O2,-7.258848401
1497,[*]O[Si]([*])(C)CC,p_exp_CH4,-7.324221658
1498,[*]O[Si]([*])(C)CC,p_exp_CO2,-6.821023053
1499,[*]O[Si]([*])(C)CC,p_exp_He,-7.640164518
1500,[*]O[Si]([*])(C)CC,p_exp_N2,-7.795880017
1501,[*]O[Si]([*])(C)CC,p_exp_O2,-7.478861916
1502,[*]O[Si]([*])(C)CCC,p_exp_CH4,-7.244125144
1503,[*]O[Si]([*])(C)CCC,p_exp_CO2,-6.638272164
1504,[*]O[Si]([*])(C)CCC,p_exp_He,-7.595166283
1505,[*]O[Si]([*])(C)CCC,p_exp_N2,-7.739928612
1506,[*]O[Si]([*])(C)CCC,p_exp_O2,-7.404503778
1507,[*]O[Si]([*])(C)CCC(F)(F)F,p_exp_CH4,-7.696803943
1508,[*]O[Si]([*])(C)CCC(F)(F)F,p_exp_CO2,-6.8569852
1509,[*]O[Si]([*])(C)CCC(F)(F)F,p_exp_He,-7.607303047
1510,[*]O[Si]([*])(C)CCC(F)(F)F,p_exp_N2,-8.054039296
1511,[*]O[Si]([*])(C)CCC(F)(F)F,p_exp_O2,-7.698970004
1512,[*]O[Si]([*])(C)CCCCCC,p_exp_N2,-7.987162775
1513,[*]O[Si]([*])(C)CCCCCC,p_exp_O2,-7.627087997
1514,[*]O[Si]([*])(C)CCCCCCCC,p_exp_CH4,-7.504455662
1515,[*]O[Si]([*])(C)CCCCCCCC,p_exp_CO2,-7.030584088
1516,[*]O[Si]([*])(C)CCCCCCCC,p_exp_He,-7.876148359
1517,[*]O[Si]([*])(C)CCCCCCCC,p_exp_N2,-8.054039296
1518,[*]O[Si]([*])(C)CCCCCCCC,p_exp_O2,-7.707743929
1519,[*]O[Si]([*])(C)c1ccccc1,p_exp_CH4,-8.443697499
1520,[*]O[Si]([*])(C)c1ccccc1,p_exp_CO2,-7.621602099
1521,[*]O[Si]([*])(C)c1ccccc1,p_exp_He,-8.468521083
1522,[*]O[Si]([*])(C)c1ccccc1,p_exp_N2,-9.066006836
1523,[*]O[Si]([*])(C)c1ccccc1,p_exp_O2,-8.540607512
1524,[*]Oc1c(-c2ccccc2)cc([*])cc1-c1ccccc1,p_exp_CH4,-9.643974143
1525,[*]Oc1c(-c2ccccc2)cc([*])cc1-c1ccccc1,p_exp_CO2,-8.420216403
1526,[*]Oc1c(-c2ccccc2)cc([*])cc1-c1ccccc1,p_exp_H2,-8.552841969
1527,[*]Oc1c(-c2ccccc2)cc([*])cc1-c1ccccc1,p_exp_He,-8.485452247
1528,[*]Oc1c(-c2ccccc2)cc([*])cc1-c1ccccc1,p_exp_N2,-9.869666232
1529,[*]Oc1c(-c2ccccc2)cc([*])cc1-c1ccccc1,p_exp_O2,-9.164309429
1530,[*]Oc1c(Br)cc(C(c2cc(Br)c(OC([*])=O)c(Br)c2)(C(F)(F)F)C(F)(F)F)cc1Br,p_exp_CH4,-10.05060999
1531,[*]Oc1c(Br)cc(C(c2cc(Br)c(OC([*])=O)c(Br)c2)(C(F)(F)F)C(F)(F)F)cc1Br,p_exp_CO2,-8.494850022
1532,[*]Oc1c(Br)cc(C(c2cc(Br)c(OC([*])=O)c(Br)c2)(C(F)(F)F)C(F)(F)F)cc1Br,p_exp_H2,-8.974694135
1533,[*]Oc1c(Br)cc(C(c2cc(Br)c(OC([*])=O)c(Br)c2)(C(F)(F)F)C(F)(F)F)cc1Br,p_exp_He,-8
1534,[*]Oc1c(Br)cc(C(c2cc(Br)c(OC([*])=O)c(Br)c2)(C(F)(F)F)C(F)(F)F)cc1Br,p_exp_N2,-9.744727495
1535,[*]Oc1c(Br)cc(C(c2cc(Br)c(OC([*])=O)c(Br)c2)(C(F)(F)F)C(F)(F)F)cc1Br,p_exp_O2,-9.013228266
1536,[*]Oc1c(Br)cc(C2(c3cc(Br)c(OC(=O)c4cccc(C([*])=O)c4)c(Br)c3)OC(=O)c3ccccc32)cc1Br,p_exp_CH4,-10.68613278
1537,[*]Oc1c(Br)cc(C2(c3cc(Br)c(OC(=O)c4cccc(C([*])=O)c4)c(Br)c3)OC(=O)c3ccccc32)cc1Br,p_exp_CO2,-9.078833949
1538,[*]Oc1c(Br)cc(C2(c3cc(Br)c(OC(=O)c4cccc(C([*])=O)c4)c(Br)c3)OC(=O)c3ccccc32)cc1Br,p_exp_H2,-8.567030709
1539,[*]Oc1c(Br)cc(C2(c3cc(Br)c(OC(=O)c4cccc(C([*])=O)c4)c(Br)c3)OC(=O)c3ccccc32)cc1Br,p_exp_He,-8.630784143
1540,[*]Oc1c(Br)cc(C2(c3cc(Br)c(OC(=O)c4cccc(C([*])=O)c4)c(Br)c3)OC(=O)c3ccccc32)cc1Br,p_exp_N2,-10.54975089
1541,[*]Oc1c(Br)cc(C2(c3cc(Br)c(OC(=O)c4cccc(C([*])=O)c4)c(Br)c3)OC(=O)c3ccccc32)cc1Br,p_exp_O2,-9.707743929
1542,[*]Oc1c(Br)cc(C2(c3cc(Br)c(OC(=O)c4cccc(C([*])=O)c4)c(Br)c3)c3ccccc3-c3ccccc32)cc1Br,p_exp_CH4,-10.24641694
1543,[*]Oc1c(Br)cc(C2(c3cc(Br)c(OC(=O)c4cccc(C([*])=O)c4)c(Br)c3)c3ccccc3-c3ccccc32)cc1Br,p_exp_CO2,-8.690369833
1544,[*]Oc1c(Br)cc(C2(c3cc(Br)c(OC(=O)c4cccc(C([*])=O)c4)c(Br)c3)c3ccccc3-c3ccccc32)cc1Br,p_exp_H2,-8.206209615
1545,[*]Oc1c(Br)cc(C2(c3cc(Br)c(OC(=O)c4cccc(C([*])=O)c4)c(Br)c3)c3ccccc3-c3ccccc32)cc1Br,p_exp_He,-8.41453927
1546,[*]Oc1c(Br)cc(C2(c3cc(Br)c(OC(=O)c4cccc(C([*])=O)c4)c(Br)c3)c3ccccc3-c3ccccc32)cc1Br,p_exp_N2,-10.15242734
1547,[*]Oc1c(Br)cc(C2(c3cc(Br)c(OC(=O)c4cccc(C([*])=O)c4)c(Br)c3)c3ccccc3-c3ccccc32)cc1Br,p_exp_O2,-9.316052869
1548,[*]Oc1c(C)cc([*])cc1C,p_exp_CH4,-9.388276692
1549,[*]Oc1c(C)cc([*])cc1C,p_exp_CO2,-8.159893906
1550,[*]Oc1c(C)cc([*])cc1C,p_exp_H2,-8.163043263
1551,[*]Oc1c(C)cc([*])cc1C,p_exp_He,-7.995678626
1552,[*]Oc1c(C)cc([*])cc1C,p_exp_N2,-9.42365865
1553,[*]Oc1c(C)cc([*])cc1C,p_exp_O2,-8.821023053
1554,[*]Oc1ccc(-c2ccc(N3C(=O)c4ccc(C(c5ccc6c(c5)C(=O)N(c5ccc(-c7ccc(Oc8ccc9c(c8)C(C)(C)CC98CC(C)(C)c9cc([*])ccc98)c(C(F)(F)F)c7)cc5)C6=O)(C(F)(F)F)C(F)(F)F)cc4C3=O)cc2)cc1C(F)(F)F,p_exp_CH4,-9.91721463
1555,[*]Oc1ccc(-c2ccc(N3C(=O)c4ccc(C(c5ccc6c(c5)C(=O)N(c5ccc(-c7ccc(Oc8ccc9c(c8)C(C)(C)CC98CC(C)(C)c9cc([*])ccc98)c(C(F)(F)F)c7)cc5)C6=O)(C(F)(F)F)C(F)(F)F)cc4C3=O)cc2)cc1C(F)(F)F,p_exp_CO2,-8.27572413
1556,[*]Oc1ccc(-c2ccc(N3C(=O)c4ccc(C(c5ccc6c(c5)C(=O)N(c5ccc(-c7ccc(Oc8ccc9c(c8)C(C)(C)CC98CC(C)(C)c9cc([*])ccc98)c(C(F)(F)F)c7)cc5)C6=O)(C(F)(F)F)C(F)(F)F)cc4C3=O)cc2)cc1C(F)(F)F,p_exp_N2,-9.474955193
1557,[*]Oc1ccc(-c2ccc(N3C(=O)c4ccc(C(c5ccc6c(c5)C(=O)N(c5ccc(-c7ccc(Oc8ccc9c(c8)C(C)(C)CC98CC(C)(C)c9cc([*])ccc98)c(C(F)(F)F)c7)cc5)C6=O)(C(F)(F)F)C(F)(F)F)cc4C3=O)cc2)cc1C(F)(F)F,p_exp_O2,-8.442492798
1558,[*]Oc1ccc(-c2ccc(N3C(=O)c4ccc(Oc5ccc(C(c6ccc(Oc7ccc8c(c7)C(=O)N(c7ccc(-c9ccc(Oc%10ccc%11c(c%10)C(C)(C)CC%11%10CC(C)(C)c%11cc([*])ccc%11%10)c(C(F)(F)F)c9)cc7)C8=O)cc6)(C(F)(F)F)C(F)(F)F)cc5)cc4C3=O)cc2)cc1C(F)(F)F,p_exp_CH4,-10.45593196
1559,[*]Oc1ccc(-c2ccc(N3C(=O)c4ccc(Oc5ccc(C(c6ccc(Oc7ccc8c(c7)C(=O)N(c7ccc(-c9ccc(Oc%10ccc%11c(c%10)C(C)(C)CC%11%10CC(C)(C)c%11cc([*])ccc%11%10)c(C(F)(F)F)c9)cc7)C8=O)cc6)(C(F)(F)F)C(F)(F)F)cc5)cc4C3=O)cc2)cc1C(F)(F)F,p_exp_CO2,-8.621602099
1560,[*]Oc1ccc(-c2ccc(N3C(=O)c4ccc(Oc5ccc(C(c6ccc(Oc7ccc8c(c7)C(=O)N(c7ccc(-c9ccc(Oc%10ccc%11c(c%10)C(C)(C)CC%11%10CC(C)(C)c%11cc([*])ccc%11%10)c(C(F)(F)F)c9)cc7)C8=O)cc6)(C(F)(F)F)C(F)(F)F)cc5)cc4C3=O)cc2)cc1C(F)(F)F,p_exp_N2,-9.991399828
1561,[*]Oc1ccc(-c2ccc(N3C(=O)c4ccc(Oc5ccc(C(c6ccc(Oc7ccc8c(c7)C(=O)N(c7ccc(-c9ccc(Oc%10ccc%11c(c%10)C(C)(C)CC%11%10CC(C)(C)c%11cc([*])ccc%11%10)c(C(F)(F)F)c9)cc7)C8=O)cc6)(C(F)(F)F)C(F)(F)F)cc5)cc4C3=O)cc2)cc1C(F)(F)F,p_exp_O2,-9.003488328
1562,[*]Oc1ccc(-c2ccc(N3C(=O)c4ccc(Oc5ccc6c(c5)C(=O)N(c5ccc(-c7ccc(Oc8ccc9c(c8)C(C)(C)CC98CC(C)(C)c9cc([*])ccc98)c(C(F)(F)F)c7)cc5)C6=O)cc4C3=O)cc2)cc1C(F)(F)F,p_exp_CH4,-10.38721614
1563,[*]Oc1ccc(-c2ccc(N3C(=O)c4ccc(Oc5ccc6c(c5)C(=O)N(c5ccc(-c7ccc(Oc8ccc9c(c8)C(C)(C)CC98CC(C)(C)c9cc([*])ccc98)c(C(F)(F)F)c7)cc5)C6=O)cc4C3=O)cc2)cc1C(F)(F)F,p_exp_CO2,-8.645891561
1564,[*]Oc1ccc(-c2ccc(N3C(=O)c4ccc(Oc5ccc6c(c5)C(=O)N(c5ccc(-c7ccc(Oc8ccc9c(c8)C(C)(C)CC98CC(C)(C)c9cc([*])ccc98)c(C(F)(F)F)c7)cc5)C6=O)cc4C3=O)cc2)cc1C(F)(F)F,p_exp_N2,-9.950781977
1565,[*]Oc1ccc(-c2ccc(N3C(=O)c4ccc(Oc5ccc6c(c5)C(=O)N(c5ccc(-c7ccc(Oc8ccc9c(c8)C(C)(C)CC98CC(C)(C)c9cc([*])ccc98)c(C(F)(F)F)c7)cc5)C6=O)cc4C3=O)cc2)cc1C(F)(F)F,p_exp_O2,-8.882728704
1566,[*]Oc1ccc(-c2ccc(Oc3c(F)c(F)c(COC(c4cccc(C(OCc5c(F)c(F)c([*])c(F)c5F)(C(F)(F)F)C(F)(F)F)c4)(C(F)(F)F)C(F)(F)F)c(F)c3F)cc2)cc1,p_exp_CH4,-10.46852108
1567,[*]Oc1ccc(-c2ccc(Oc3c(F)c(F)c(COC(c4cccc(C(OCc5c(F)c(F)c([*])c(F)c5F)(C(F)(F)F)C(F)(F)F)c4)(C(F)(F)F)C(F)(F)F)c(F)c3F)cc2)cc1,p_exp_CO2,-9.086186148
1568,[*]Oc1ccc(-c2ccc(Oc3c(F)c(F)c(COC(c4cccc(C(OCc5c(F)c(F)c([*])c(F)c5F)(C(F)(F)F)C(F)(F)F)c4)(C(F)(F)F)C(F)(F)F)c(F)c3F)cc2)cc1,p_exp_H2,-8.698970004
1569,[*]Oc1ccc(-c2ccc(Oc3c(F)c(F)c(COC(c4cccc(C(OCc5c(F)c(F)c([*])c(F)c5F)(C(F)(F)F)C(F)(F)F)c4)(C(F)(F)F)C(F)(F)F)c(F)c3F)cc2)cc1,p_exp_He,-8.468521083
1570,[*]Oc1ccc(-c2ccc(Oc3c(F)c(F)c(COC(c4cccc(C(OCc5c(F)c(F)c([*])c(F)c5F)(C(F)(F)F)C(F)(F)F)c4)(C(F)(F)F)C(F)(F)F)c(F)c3F)cc2)cc1,p_exp_N2,-10.21467016
1571,[*]Oc1ccc(-c2ccc(Oc3c(F)c(F)c(COC(c4cccc(C(OCc5c(F)c(F)c([*])c(F)c5F)(C(F)(F)F)C(F)(F)F)c4)(C(F)(F)F)C(F)(F)F)c(F)c3F)cc2)cc1,p_exp_O2,-9.602059991
1572,[*]Oc1ccc(C(=C(Cl)Cl)c2ccc(OC([*])=O)cc2)cc1,p_exp_CH4,-10.63264408
1573,[*]Oc1ccc(C(=C(Cl)Cl)c2ccc(OC([*])=O)cc2)cc1,p_exp_CO2,-9.251811973
1574,[*]Oc1ccc(C(=C(Cl)Cl)c2ccc(OC([*])=O)cc2)cc1,p_exp_H2,-8.906578315
1575,[*]Oc1ccc(C(=C(Cl)Cl)c2ccc(OC([*])=O)cc2)cc1,p_exp_He,-8.920818754
1576,[*]Oc1ccc(C(=C(Cl)Cl)c2ccc(OC([*])=O)cc2)cc1,p_exp_N2,-10.57024772
1577,[*]Oc1ccc(C(=C(Cl)Cl)c2ccc(OC([*])=O)cc2)cc1,p_exp_O2,-9.853871964
1578,[*]Oc1ccc(C(=O)Nc2ccc(C(C)(C)c3ccc(NC(=O)c4ccc(Oc5cc(C(C)(C)C)c([*])cc5C(C)(C)C)cc4)cc3)cc2)cc1,p_exp_CH4,-10.32790214
1579,[*]Oc1ccc(C(=O)Nc2ccc(C(C)(C)c3ccc(NC(=O)c4ccc(Oc5cc(C(C)(C)C)c([*])cc5C(C)(C)C)cc4)cc3)cc2)cc1,p_exp_CO2,-8.886056648
1580,[*]Oc1ccc(C(=O)Nc2ccc(C(C)(C)c3ccc(NC(=O)c4ccc(Oc5cc(C(C)(C)C)c([*])cc5C(C)(C)C)cc4)cc3)cc2)cc1,p_exp_He,-8.508638306
1581,[*]Oc1ccc(C(=O)Nc2ccc(C(C)(C)c3ccc(NC(=O)c4ccc(Oc5cc(C(C)(C)C)c([*])cc5C(C)(C)C)cc4)cc3)cc2)cc1,p_exp_N2,-10.33724217
1582,[*]Oc1ccc(C(=O)Nc2ccc(C(C)(C)c3ccc(NC(=O)c4ccc(Oc5cc(C(C)(C)C)c([*])cc5C(C)(C)C)cc4)cc3)cc2)cc1,p_exp_O2,-9.507239611
1583,[*]Oc1ccc(C(=O)Nc2ccc(C(c3ccc(NC(=O)c4ccc(Oc5cc(C(C)(C)C)c([*])cc5C(C)(C)C)cc4)cc3)(C(F)(F)F)C(F)(F)F)cc2)cc1,p_exp_CH4,-9.906578315
1584,[*]Oc1ccc(C(=O)Nc2ccc(C(c3ccc(NC(=O)c4ccc(Oc5cc(C(C)(C)C)c([*])cc5C(C)(C)C)cc4)cc3)(C(F)(F)F)C(F)(F)F)cc2)cc1,p_exp_CO2,-8.443697499
1585,[*]Oc1ccc(C(=O)Nc2ccc(C(c3ccc(NC(=O)c4ccc(Oc5cc(C(C)(C)C)c([*])cc5C(C)(C)C)cc4)cc3)(C(F)(F)F)C(F)(F)F)cc2)cc1,p_exp_He,-8.22184875
1586,[*]Oc1ccc(C(=O)Nc2ccc(C(c3ccc(NC(=O)c4ccc(Oc5cc(C(C)(C)C)c([*])cc5C(C)(C)C)cc4)cc3)(C(F)(F)F)C(F)(F)F)cc2)cc1,p_exp_N2,-9.821023053
1587,[*]Oc1ccc(C(=O)Nc2ccc(C(c3ccc(NC(=O)c4ccc(Oc5cc(C(C)(C)C)c([*])cc5C(C)(C)C)cc4)cc3)(C(F)(F)F)C(F)(F)F)cc2)cc1,p_exp_O2,-9.103473783
1588,[*]Oc1ccc(C(=O)c2ccc(-c3cc(C(C)(C)C)c(-c4ccc(-c5ccc([*])cc5C(C)(C)C)cc4C(C)(C)C)cc3C(C)(C)C)cc2)cc1,p_exp_CH4,-10.41566878
1589,[*]Oc1ccc(C(=O)c2ccc(-c3cc(C(C)(C)C)c(-c4ccc(-c5ccc([*])cc5C(C)(C)C)cc4C(C)(C)C)cc3C(C)(C)C)cc2)cc1,p_exp_CO2,-9.160521953
1590,[*]Oc1ccc(C(=O)c2ccc(-c3cc(C(C)(C)C)c(-c4ccc(-c5ccc([*])cc5C(C)(C)C)cc4C(C)(C)C)cc3C(C)(C)C)cc2)cc1,p_exp_N2,-10.45842076
1591,[*]Oc1ccc(C(=O)c2ccc(-c3cc(C(C)(C)C)c(-c4ccc(-c5ccc([*])cc5C(C)(C)C)cc4C(C)(C)C)cc3C(C)(C)C)cc2)cc1,p_exp_O2,-9.659555885
1592,[*]Oc1ccc(C(=O)c2ccc(-c3ccc([*])cc3C(C)(C)C)cc2)cc1,p_exp_CH4,-10.65560773
1593,[*]Oc1ccc(C(=O)c2ccc(-c3ccc([*])cc3C(C)(C)C)cc2)cc1,p_exp_CO2,-9.332547047
1594,[*]Oc1ccc(C(=O)c2ccc(-c3ccc([*])cc3C(C)(C)C)cc2)cc1,p_exp_N2,-10.66354027
1595,[*]Oc1ccc(C(=O)c2ccc(-c3ccc([*])cc3C(C)(C)C)cc2)cc1,p_exp_O2,-9.8569852
1596,[*]Oc1ccc(C(=O)c2ccc(Oc3cc(C)c(C4(c5cc(C(C)C)c([*])cc5C)OC(=O)c5ccccc54)cc3C(C)C)cc2)cc1,p_exp_CH4,-9.962573502
1597,[*]Oc1ccc(C(=O)c2ccc(Oc3cc(C)c(C4(c5cc(C(C)C)c([*])cc5C)OC(=O)c5ccccc54)cc3C(C)C)cc2)cc1,p_exp_CO2,-8.714442691
1598,[*]Oc1ccc(C(=O)c2ccc(Oc3cc(C)c(C4(c5cc(C(C)C)c([*])cc5C)OC(=O)c5ccccc54)cc3C(C)C)cc2)cc1,p_exp_H2,-8.37161107
1599,[*]Oc1ccc(C(=O)c2ccc(Oc3cc(C)c(C4(c5cc(C(C)C)c([*])cc5C)OC(=O)c5ccccc54)cc3C(C)C)cc2)cc1,p_exp_N2,-10.03011836
1600,[*]Oc1ccc(C(=O)c2ccc(Oc3cc(C)c(C4(c5cc(C(C)C)c([*])cc5C)OC(=O)c5ccccc54)cc3C(C)C)cc2)cc1,p_exp_O2,-9.314258261
1601,[*]Oc1ccc(C(=O)c2ccc(Oc3ccc([*])cc3-c3cc(C)cc(C)c3)cc2)cc1,p_exp_CH4,-11.30103
1602,[*]Oc1ccc(C(=O)c2ccc(Oc3ccc([*])cc3-c3cc(C)cc(C)c3)cc2)cc1,p_exp_CO2,-9.795880017
1603,[*]Oc1ccc(C(=O)c2ccc(Oc3ccc([*])cc3-c3cc(C)cc(C)c3)cc2)cc1,p_exp_H2,-9.337242168
1604,[*]Oc1ccc(C(=O)c2ccc(Oc3ccc([*])cc3-c3cc(C)cc(C)c3)cc2)cc1,p_exp_N2,-11.27572413
1605,[*]Oc1ccc(C(=O)c2ccc(Oc3ccc([*])cc3-c3cc(C)cc(C)c3)cc2)cc1,p_exp_O2,-10.48148606
1606,[*]Oc1ccc(C(=O)c2ccc(Oc3ccc([*])cc3-c3cccc(C)c3)cc2)cc1,p_exp_CH4,-11.61978876
1607,[*]Oc1ccc(C(=O)c2ccc(Oc3ccc([*])cc3-c3cccc(C)c3)cc2)cc1,p_exp_CO2,-10
1608,[*]Oc1ccc(C(=O)c2ccc(Oc3ccc([*])cc3-c3cccc(C)c3)cc2)cc1,p_exp_H2,-9.420216403
1609,[*]Oc1ccc(C(=O)c2ccc(Oc3ccc([*])cc3-c3cccc(C)c3)cc2)cc1,p_exp_N2,-11.537602
1610,[*]Oc1ccc(C(=O)c2ccc(Oc3ccc([*])cc3-c3cccc(C)c3)cc2)cc1,p_exp_O2,-10.69897
1611,[*]Oc1ccc(C(Cl)(Cl)c2ccc(OC([*])=O)cc2)cc1,p_exp_CH4,-10.63264408
1612,[*]Oc1ccc(C(Cl)(Cl)c2ccc(OC([*])=O)cc2)cc1,p_exp_CO2,-9.251811973
1613,[*]Oc1ccc(C(Cl)(Cl)c2ccc(OC([*])=O)cc2)cc1,p_exp_N2,-10.57024772
1614,[*]Oc1ccc(C(Cl)(Cl)c2ccc(OC([*])=O)cc2)cc1,p_exp_O2,-9.853871964
1615,[*]Oc1ccc(C(c2ccc(OC(=O)c3ccc(-c4ccc(C([*])=O)cc4)cc3)cc2)(C(F)(F)F)C(F)(F)F)cc1,p_exp_CH4,-9.815308569
1616,[*]Oc1ccc(C(c2ccc(OC(=O)c3ccc(-c4ccc(C([*])=O)cc4)cc3)cc2)(C(F)(F)F)C(F)(F)F)cc1,p_exp_CO2,-8.503070352
1617,[*]Oc1ccc(C(c2ccc(OC(=O)c3ccc(-c4ccc(C([*])=O)cc4)cc3)cc2)(C(F)(F)F)C(F)(F)F)cc1,p_exp_He,-8.322393047
1618,[*]Oc1ccc(C(c2ccc(OC(=O)c3ccc(-c4ccc(C([*])=O)cc4)cc3)cc2)(C(F)(F)F)C(F)(F)F)cc1,p_exp_N2,-9.764471553
1619,[*]Oc1ccc(C(c2ccc(OC(=O)c3ccc(-c4ccc(C([*])=O)cc4)cc3)cc2)(C(F)(F)F)C(F)(F)F)cc1,p_exp_O2,-9.13076828
1620,[*]Oc1ccc(C(c2ccc(OC(=O)c3ccc(C([*])=O)cc3)cc2)(C(F)(F)F)C(F)(F)F)cc1,p_exp_CH4,-9.562249437
1621,[*]Oc1ccc(C(c2ccc(OC(=O)c3ccc(C([*])=O)cc3)cc2)(C(F)(F)F)C(F)(F)F)cc1,p_exp_CO2,-8.326979093
1622,[*]Oc1ccc(C(c2ccc(OC(=O)c3ccc(C([*])=O)cc3)cc2)(C(F)(F)F)C(F)(F)F)cc1,p_exp_He,-8.107348966
1623,[*]Oc1ccc(C(c2ccc(OC(=O)c3ccc(C([*])=O)cc3)cc2)(C(F)(F)F)C(F)(F)F)cc1,p_exp_N2,-9.530177984
1624,[*]Oc1ccc(C(c2ccc(OC(=O)c3ccc(C([*])=O)cc3)cc2)(C(F)(F)F)C(F)(F)F)cc1,p_exp_O2,-8.928117993
1625,[*]Oc1ccc(C(c2ccc(OC(=O)c3ccc4c(c3)-c3nc5ccc(-c6ccc7c(c6)nc6n7C(=O)c7cc(C([*])=O)ccc7-6)cc5n3C4=O)cc2)(C(F)(F)F)C(F)(F)F)cc1,p_exp_H2,-8.876148359
1626,[*]Oc1ccc(C(c2ccc(OC(=O)c3ccc4c(c3)-c3nc5ccc(-c6ccc7c(c6)nc6n7C(=O)c7cc(C([*])=O)ccc7-6)cc5n3C4=O)cc2)(C(F)(F)F)C(F)(F)F)cc1,p_exp_N2,-10.8096683
1627,[*]Oc1ccc(C(c2ccc(OC(=O)c3ccc4c(c3)-c3nc5ccc(-c6ccc7c(c6)nc6n7C(=O)c7cc(C([*])=O)ccc7-6)cc5n3C4=O)cc2)(C(F)(F)F)C(F)(F)F)cc1,p_exp_O2,-10.01010544
1628,[*]Oc1ccc(C(c2ccc(OC(=O)c3ccc4c(c3)C(=O)N(c3ccc(-c5ccc(N6C(=O)c7ccc(C([*])=O)cc7C6=O)cc5)cc3)C4=O)cc2)(C(F)(F)F)C(F)(F)F)cc1,p_exp_H2,-9.300162274
1629,[*]Oc1ccc(C(c2ccc(OC(=O)c3ccc4c(c3)C(=O)N(c3ccc(-c5ccc(N6C(=O)c7ccc(C([*])=O)cc7C6=O)cc5)cc3)C4=O)cc2)(C(F)(F)F)C(F)(F)F)cc1,p_exp_N2,-11.28650946
1630,[*]Oc1ccc(C(c2ccc(OC(=O)c3ccc4c(c3)C(=O)N(c3ccc(-c5ccc(N6C(=O)c7ccc(C([*])=O)cc7C6=O)cc5)cc3)C4=O)cc2)(C(F)(F)F)C(F)(F)F)cc1,p_exp_O2,-10.45842076
1631,[*]Oc1ccc(C(c2ccc(OC(=O)c3ccc4c(c3)C(=O)N(c3ccc(Cc5ccc(N6C(=O)c7ccc(C([*])=O)cc7C6=O)cc5)cc3)C4=O)cc2)(C(F)(F)F)C(F)(F)F)cc1,p_exp_H2,-8.928117993
1632,[*]Oc1ccc(C(c2ccc(OC(=O)c3ccc4c(c3)C(=O)N(c3ccc(Cc5ccc(N6C(=O)c7ccc(C([*])=O)cc7C6=O)cc5)cc3)C4=O)cc2)(C(F)(F)F)C(F)(F)F)cc1,p_exp_N2,-10.78515615
1633,[*]Oc1ccc(C(c2ccc(OC(=O)c3ccc4c(c3)C(=O)N(c3ccc(Cc5ccc(N6C(=O)c7ccc(C([*])=O)cc7C6=O)cc5)cc3)C4=O)cc2)(C(F)(F)F)C(F)(F)F)cc1,p_exp_O2,-10.03763066
1634,[*]Oc1ccc(C(c2ccc(OC(=O)c3ccc4c(c3)C(=O)N(c3ccc(N5C(=O)c6ccc(C([*])=O)cc6C5=O)cc3)C4=O)cc2)(C(F)(F)F)C(F)(F)F)cc1,p_exp_H2,-9.360513511
1635,[*]Oc1ccc(C(c2ccc(OC(=O)c3ccc4c(c3)C(=O)N(c3ccc(N5C(=O)c6ccc(C([*])=O)cc6C5=O)cc3)C4=O)cc2)(C(F)(F)F)C(F)(F)F)cc1,p_exp_N2,-11.44977165
1636,[*]Oc1ccc(C(c2ccc(OC(=O)c3ccc4c(c3)C(=O)N(c3ccc(N5C(=O)c6ccc(C([*])=O)cc6C5=O)cc3)C4=O)cc2)(C(F)(F)F)C(F)(F)F)cc1,p_exp_O2,-10.60032628
1637,[*]Oc1ccc(C(c2ccc(OC(=O)c3ccc4c(c3)C(=O)c3cc(C([*])=O)ccc3-4)cc2)(C(F)(F)F)C(F)(F)F)cc1,p_exp_CH4,-10.00833099
1638,[*]Oc1ccc(C(c2ccc(OC(=O)c3ccc4c(c3)C(=O)c3cc(C([*])=O)ccc3-4)cc2)(C(F)(F)F)C(F)(F)F)cc1,p_exp_CO2,-8.524328812
1639,[*]Oc1ccc(C(c2ccc(OC(=O)c3ccc4c(c3)C(=O)c3cc(C([*])=O)ccc3-4)cc2)(C(F)(F)F)C(F)(F)F)cc1,p_exp_He,-8.209714836
1640,[*]Oc1ccc(C(c2ccc(OC(=O)c3ccc4c(c3)C(=O)c3cc(C([*])=O)ccc3-4)cc2)(C(F)(F)F)C(F)(F)F)cc1,p_exp_N2,-9.841637508
1641,[*]Oc1ccc(C(c2ccc(OC(=O)c3ccc4c(c3)C(=O)c3cc(C([*])=O)ccc3-4)cc2)(C(F)(F)F)C(F)(F)F)cc1,p_exp_O2,-9.142667504
1642,[*]Oc1ccc(C(c2ccc(OC(=O)c3cccc(C([*])=O)c3)cc2)(C(F)(F)F)C(F)(F)F)cc1,p_exp_CH4,-10.21467016
1643,[*]Oc1ccc(C(c2ccc(OC(=O)c3cccc(C([*])=O)c3)cc2)(C(F)(F)F)C(F)(F)F)cc1,p_exp_CO2,-8.826813732
1644,[*]Oc1ccc(C(c2ccc(OC(=O)c3cccc(C([*])=O)c3)cc2)(C(F)(F)F)C(F)(F)F)cc1,p_exp_He,-8.386158178
1645,[*]Oc1ccc(C(c2ccc(OC(=O)c3cccc(C([*])=O)c3)cc2)(C(F)(F)F)C(F)(F)F)cc1,p_exp_N2,-10.05060999
1646,[*]Oc1ccc(C(c2ccc(OC(=O)c3cccc(C([*])=O)c3)cc2)(C(F)(F)F)C(F)(F)F)cc1,p_exp_O2,-9.37675071
1647,[*]Oc1ccc(C(c2ccc(OC([*])=O)cc2)(C(F)(F)F)C(F)(F)F)cc1,p_exp_CH4,-9.978810701
1648,[*]Oc1ccc(C(c2ccc(OC([*])=O)cc2)(C(F)(F)F)C(F)(F)F)cc1,p_exp_CO2,-8.619788758
1649,[*]Oc1ccc(C(c2ccc(OC([*])=O)cc2)(C(F)(F)F)C(F)(F)F)cc1,p_exp_H2,-8.455931956
1650,[*]Oc1ccc(C(c2ccc(OC([*])=O)cc2)(C(F)(F)F)C(F)(F)F)cc1,p_exp_He,-8.22184875
1651,[*]Oc1ccc(C(c2ccc(OC([*])=O)cc2)(C(F)(F)F)C(F)(F)F)cc1,p_exp_N2,-9.774690718
1652,[*]Oc1ccc(C(c2ccc(OC([*])=O)cc2)(C(F)(F)F)C(F)(F)F)cc1,p_exp_O2,-9.161150909
1653,[*]Oc1ccc(C(c2ccc(Oc3c(F)c(F)c(COC(c4ccc(C(OCc5c(F)c(F)c([*])c(F)c5F)(C(F)(F)F)C(F)(F)F)cc4)(C(F)(F)F)C(F)(F)F)c(F)c3F)cc2)(C(F)(F)F)C(F)(F)F)cc1,p_exp_CH4,-10.25963731
1654,[*]Oc1ccc(C(c2ccc(Oc3c(F)c(F)c(COC(c4ccc(C(OCc5c(F)c(F)c([*])c(F)c5F)(C(F)(F)F)C(F)(F)F)cc4)(C(F)(F)F)C(F)(F)F)c(F)c3F)cc2)(C(F)(F)F)C(F)(F)F)cc1,p_exp_CO2,-8.920818754
1655,[*]Oc1ccc(C(c2ccc(Oc3c(F)c(F)c(COC(c4ccc(C(OCc5c(F)c(F)c([*])c(F)c5F)(C(F)(F)F)C(F)(F)F)cc4)(C(F)(F)F)C(F)(F)F)c(F)c3F)cc2)(C(F)(F)F)C(F)(F)F)cc1,p_exp_H2,-8.552841969
1656,[*]Oc1ccc(C(c2ccc(Oc3c(F)c(F)c(COC(c4ccc(C(OCc5c(F)c(F)c([*])c(F)c5F)(C(F)(F)F)C(F)(F)F)cc4)(C(F)(F)F)C(F)(F)F)c(F)c3F)cc2)(C(F)(F)F)C(F)(F)F)cc1,p_exp_He,-8.292429824
1657,[*]Oc1ccc(C(c2ccc(Oc3c(F)c(F)c(COC(c4ccc(C(OCc5c(F)c(F)c([*])c(F)c5F)(C(F)(F)F)C(F)(F)F)cc4)(C(F)(F)F)C(F)(F)F)c(F)c3F)cc2)(C(F)(F)F)C(F)(F)F)cc1,p_exp_N2,-10.04575749
1658,[*]Oc1ccc(C(c2ccc(Oc3c(F)c(F)c(COC(c4ccc(C(OCc5c(F)c(F)c([*])c(F)c5F)(C(F)(F)F)C(F)(F)F)cc4)(C(F)(F)F)C(F)(F)F)c(F)c3F)cc2)(C(F)(F)F)C(F)(F)F)cc1,p_exp_O2,-9.420216403
1659,[*]Oc1ccc(C2(c3ccc(OC(=O)c4cccc(C([*])=O)c4)cc3)OC(=O)c3ccccc32)cc1,p_exp_CH4,-10.77728353
1660,[*]Oc1ccc(C2(c3ccc(OC(=O)c4cccc(C([*])=O)c4)cc3)OC(=O)c3ccccc32)cc1,p_exp_CO2,-9.171340103
1661,[*]Oc1ccc(C2(c3ccc(OC(=O)c4cccc(C([*])=O)c4)cc3)OC(=O)c3ccccc32)cc1,p_exp_H2,-8.832682665
1662,[*]Oc1ccc(C2(c3ccc(OC(=O)c4cccc(C([*])=O)c4)cc3)OC(=O)c3ccccc32)cc1,p_exp_He,-8.832682665
1663,[*]Oc1ccc(C2(c3ccc(OC(=O)c4cccc(C([*])=O)c4)cc3)OC(=O)c3ccccc32)cc1,p_exp_N2,-10.57839607
1664,[*]Oc1ccc(C2(c3ccc(OC(=O)c4cccc(C([*])=O)c4)cc3)OC(=O)c3ccccc32)cc1,p_exp_O2,-9.818156412
1665,[*]Oc1ccc(C2(c3ccc(OC(=O)c4cccc(C([*])=O)c4)cc3)c3ccccc3-c3ccccc32)cc1,p_exp_CH4,-10.17848647
1666,[*]Oc1ccc(C2(c3ccc(OC(=O)c4cccc(C([*])=O)c4)cc3)c3ccccc3-c3ccccc32)cc1,p_exp_CO2,-8.818156412
1667,[*]Oc1ccc(C2(c3ccc(OC(=O)c4cccc(C([*])=O)c4)cc3)c3ccccc3-c3ccccc32)cc1,p_exp_H2,-8.583359493
1668,[*]Oc1ccc(C2(c3ccc(OC(=O)c4cccc(C([*])=O)c4)cc3)c3ccccc3-c3ccccc32)cc1,p_exp_He,-8.580044252
1669,[*]Oc1ccc(C2(c3ccc(OC(=O)c4cccc(C([*])=O)c4)cc3)c3ccccc3-c3ccccc32)cc1,p_exp_N2,-10.22329882
1670,[*]Oc1ccc(C2(c3ccc(OC(=O)c4cccc(C([*])=O)c4)cc3)c3ccccc3-c3ccccc32)cc1,p_exp_O2,-9.458420756
1671,[*]Oc1ccc(C2(c3ccc(OC([*])=O)cc3)CC3CCC2C3)cc1,p_exp_CH4,-10.31966449
1672,[*]Oc1ccc(C2(c3ccc(OC([*])=O)cc3)CC3CCC2C3)cc1,p_exp_CO2,-9.040958608
1673,[*]Oc1ccc(C2(c3ccc(OC([*])=O)cc3)CC3CCC2C3)cc1,p_exp_H2,-8.655607726
1674,[*]Oc1ccc(C2(c3ccc(OC([*])=O)cc3)CC3CCC2C3)cc1,p_exp_He,-8.721246399
1675,[*]Oc1ccc(C2(c3ccc(OC([*])=O)cc3)CC3CCC2C3)cc1,p_exp_N2,-10.32697909
1676,[*]Oc1ccc(C2(c3ccc(OC([*])=O)cc3)CC3CCC2C3)cc1,p_exp_O2,-9.619788758
1677,[*]Oc1ccc(C2(c3ccc(OC([*])=O)cc3)CCCCC2)cc1,p_exp_CH4,-11.03763066
1678,[*]Oc1ccc(C2(c3ccc(OC([*])=O)cc3)CCCCC2)cc1,p_exp_CO2,-9.657577319
1679,[*]Oc1ccc(C2(c3ccc(OC([*])=O)cc3)CCCCC2)cc1,p_exp_H2,-9.040958608
1680,[*]Oc1ccc(C2(c3ccc(OC([*])=O)cc3)CCCCC2)cc1,p_exp_He,-9
1681,[*]Oc1ccc(C2(c3ccc(OC([*])=O)cc3)CCCCC2)cc1,p_exp_N2,-10.9788107
1682,[*]Oc1ccc(C2(c3ccc(OC([*])=O)cc3)CCCCC2)cc1,p_exp_O2,-10.22184875
1683,[*]Oc1ccc(C2(c3ccc(OC([*])=O)cc3)c3ccccc3-c3ccccc32)cc1,p_exp_CH4,-10.23582387
1684,[*]Oc1ccc(C2(c3ccc(OC([*])=O)cc3)c3ccccc3-c3ccccc32)cc1,p_exp_CO2,-8.821023053
1685,[*]Oc1ccc(C2(c3ccc(OC([*])=O)cc3)c3ccccc3-c3ccccc32)cc1,p_exp_He,-8.661543506
1686,[*]Oc1ccc(C2(c3ccc(OC([*])=O)cc3)c3ccccc3-c3ccccc32)cc1,p_exp_N2,-10.22767829
1687,[*]Oc1ccc(C2(c3ccc(OC([*])=O)cc3)c3ccccc3-c3ccccc32)cc1,p_exp_O2,-9.49757288
1688,[*]Oc1ccc(C2(c3ccc(Oc4ccc(C([*])=O)cc4)cc3)OC(=O)c3ccccc32)cc1,p_exp_CH4,-10.32790214
1689,[*]Oc1ccc(C2(c3ccc(Oc4ccc(C([*])=O)cc4)cc3)OC(=O)c3ccccc32)cc1,p_exp_CO2,-8.931814138
1690,[*]Oc1ccc(C2(c3ccc(Oc4ccc(C([*])=O)cc4)cc3)OC(=O)c3ccccc32)cc1,p_exp_He,-8.790484985
1691,[*]Oc1ccc(C2(c3ccc(Oc4ccc(C([*])=O)cc4)cc3)OC(=O)c3ccccc32)cc1,p_exp_N2,-10.38721614
1692,[*]Oc1ccc(C2(c3ccc(Oc4ccc(C([*])=O)cc4)cc3)OC(=O)c3ccccc32)cc1,p_exp_O2,-9.66756154
1693,[*]Oc1ccc(Cc2ccc(Oc3c(F)c(F)c(COC(c4ccc(C(OCc5c(F)c(F)c([*])c(F)c5F)(C(F)(F)F)C(F)(F)F)cc4)(C(F)(F)F)C(F)(F)F)c(F)c3F)cc2)cc1,p_exp_CH4,-10.48148606
1694,[*]Oc1ccc(Cc2ccc(Oc3c(F)c(F)c(COC(c4ccc(C(OCc5c(F)c(F)c([*])c(F)c5F)(C(F)(F)F)C(F)(F)F)cc4)(C(F)(F)F)C(F)(F)F)c(F)c3F)cc2)cc1,p_exp_CO2,-9.119186408
1695,[*]Oc1ccc(Cc2ccc(Oc3c(F)c(F)c(COC(c4ccc(C(OCc5c(F)c(F)c([*])c(F)c5F)(C(F)(F)F)C(F)(F)F)cc4)(C(F)(F)F)C(F)(F)F)c(F)c3F)cc2)cc1,p_exp_H2,-8.744727495
1696,[*]Oc1ccc(Cc2ccc(Oc3c(F)c(F)c(COC(c4ccc(C(OCc5c(F)c(F)c([*])c(F)c5F)(C(F)(F)F)C(F)(F)F)cc4)(C(F)(F)F)C(F)(F)F)c(F)c3F)cc2)cc1,p_exp_He,-8.48148606
1697,[*]Oc1ccc(Cc2ccc(Oc3c(F)c(F)c(COC(c4ccc(C(OCc5c(F)c(F)c([*])c(F)c5F)(C(F)(F)F)C(F)(F)F)cc4)(C(F)(F)F)C(F)(F)F)c(F)c3F)cc2)cc1,p_exp_N2,-10.25963731
1698,[*]Oc1ccc(Cc2ccc(Oc3c(F)c(F)c(COC(c4ccc(C(OCc5c(F)c(F)c([*])c(F)c5F)(C(F)(F)F)C(F)(F)F)cc4)(C(F)(F)F)C(F)(F)F)c(F)c3F)cc2)cc1,p_exp_O2,-9.638272164
1699,[*]Oc1ccc(N)c(NC(=O)c2cc(C(c3ccc(C(=O)Nc4ccc([*])cc4N)c(C(=O)O)c3)(C(F)(F)F)C(F)(F)F)ccc2C(=O)O)c1,p_exp_CH4,-11.06048075
1700,[*]Oc1ccc(N)c(NC(=O)c2cc(C(c3ccc(C(=O)Nc4ccc([*])cc4N)c(C(=O)O)c3)(C(F)(F)F)C(F)(F)F)ccc2C(=O)O)c1,p_exp_CO2,-9.432973634
1701,[*]Oc1ccc(N)c(NC(=O)c2cc(C(c3ccc(C(=O)Nc4ccc([*])cc4N)c(C(=O)O)c3)(C(F)(F)F)C(F)(F)F)ccc2C(=O)O)c1,p_exp_He,-8.723538196
1702,[*]Oc1ccc(N)c(NC(=O)c2cc(C(c3ccc(C(=O)Nc4ccc([*])cc4N)c(C(=O)O)c3)(C(F)(F)F)C(F)(F)F)ccc2C(=O)O)c1,p_exp_N2,-10.76955108
1703,[*]Oc1ccc(N)c(NC(=O)c2cc(C(c3ccc(C(=O)Nc4ccc([*])cc4N)c(C(=O)O)c3)(C(F)(F)F)C(F)(F)F)ccc2C(=O)O)c1,p_exp_O2,-10.01322827
1704,[*]Oc1ccc(N2C(=O)C3=C(C2=O)C2C=CC3C3=C2C(=O)N(c2ccc([*])c(OC)c2)C3=O)cc1OC,p_exp_H2,-9.28567024
1705,[*]Oc1ccc(N2C(=O)C3=C(C2=O)C2C=CC3C3=C2C(=O)N(c2ccc([*])c(OC)c2)C3=O)cc1OC,p_exp_He,-9.211831629
1706,[*]Oc1ccc(N2C(=O)C3=C(C2=O)C2C=CC3C3=C2C(=O)N(c2ccc([*])c(OC)c2)C3=O)cc1OC,p_exp_N2,-10.61978876
1707,[*]Oc1ccc(N2C(=O)C3=C(C2=O)C2C=CC3C3=C2C(=O)N(c2ccc([*])c(OC)c2)C3=O)cc1OC,p_exp_O2,-10.43179828
1708,[*]Oc1ccc(N2C(=O)c3ccc(Oc4ccc5c(c4)C(=O)N(c4ccc([*])c(OC)c4)C5=O)cc3C2=O)cc1OC,p_exp_H2,-9.343901798
1709,[*]Oc1ccc(N2C(=O)c3ccc(Oc4ccc5c(c4)C(=O)N(c4ccc([*])c(OC)c4)C5=O)cc3C2=O)cc1OC,p_exp_He,-9.260427656
1710,[*]Oc1ccc(N2C(=O)c3ccc(Oc4ccc5c(c4)C(=O)N(c4ccc([*])c(OC)c4)C5=O)cc3C2=O)cc1OC,p_exp_N2,-11.39794001
1711,[*]Oc1ccc(N2C(=O)c3ccc(Oc4ccc5c(c4)C(=O)N(c4ccc([*])c(OC)c4)C5=O)cc3C2=O)cc1OC,p_exp_O2,-10.7212464
1712,[*]Oc1ccc(Oc2ccc3c(c2)C(=O)N(c2ccc(Cc4ccc(N5C(=O)c6ccc([*])cc6C5=O)cc4)cc2)C3=O)cc1,p_exp_CH4,-11.65364703
1713,[*]Oc1ccc(Oc2ccc3c(c2)C(=O)N(c2ccc(Cc4ccc(N5C(=O)c6ccc([*])cc6C5=O)cc4)cc2)C3=O)cc1,p_exp_CO2,-9.913640169
1714,[*]Oc1ccc(Oc2ccc3c(c2)C(=O)N(c2ccc(Cc4ccc(N5C(=O)c6ccc([*])cc6C5=O)cc4)cc2)C3=O)cc1,p_exp_H2,-9.294136288
1715,[*]Oc1ccc(Oc2ccc3c(c2)C(=O)N(c2ccc(Cc4ccc(N5C(=O)c6ccc([*])cc6C5=O)cc4)cc2)C3=O)cc1,p_exp_N2,-11.44611697
1716,[*]Oc1ccc(Oc2ccc3c(c2)C(=O)N(c2ccc(Cc4ccc(N5C(=O)c6ccc([*])cc6C5=O)cc4)cc2)C3=O)cc1,p_exp_O2,-10.61618463
1717,[*]Oc1ccc(Oc2ccc3c(c2)C(=O)N(c2ccc(Oc4ccc(N5C(=O)c6ccc([*])cc6C5=O)cc4)cc2)C3=O)cc1,p_exp_H2,-9.397940009
1718,[*]Oc1ccc(Oc2ccc3c(c2)C(=O)N(c2ccc(Oc4ccc(N5C(=O)c6ccc([*])cc6C5=O)cc4)cc2)C3=O)cc1,p_exp_N2,-11.46852108
1719,[*]Oc1ccc(Oc2ccc3c(c2)C(=O)N(c2ccc(Oc4ccc(N5C(=O)c6ccc([*])cc6C5=O)cc4)cc2)C3=O)cc1,p_exp_O2,-10.66554625
1720,[*]Oc1ccc(Oc2ccc3c(c2)C(=O)N(c2ccc(Oc4ccc(Oc5ccc(N6C(=O)c7ccc([*])cc7C6=O)cc5)cc4)cc2)C3=O)cc1,p_exp_CH4,-11.39794001
1721,[*]Oc1ccc(Oc2ccc3c(c2)C(=O)N(c2ccc(Oc4ccc(Oc5ccc(N6C(=O)c7ccc([*])cc7C6=O)cc5)cc4)cc2)C3=O)cc1,p_exp_CO2,-9.744727495
1722,[*]Oc1ccc(Oc2ccc3c(c2)C(=O)N(c2ccc(Oc4ccc(Oc5ccc(N6C(=O)c7ccc([*])cc7C6=O)cc5)cc4)cc2)C3=O)cc1,p_exp_N2,-10.27572413
1723,[*]Oc1ccc(Oc2ccc3c(c2)C(=O)N(c2ccc(Oc4ccc(Oc5ccc(N6C(=O)c7ccc([*])cc7C6=O)cc5)cc4)cc2)C3=O)cc1,p_exp_O2,-10.39794001
1724,[*]Oc1ccc(Oc2ccc3c(c2)C(=O)N(c2cccc(N4C(=O)c5ccc([*])cc5C4=O)c2)C3=O)cc1,p_exp_CO2,-10.22329882
1725,[*]Oc1ccc(Oc2ccc3c(c2)C(=O)N(c2cccc(N4C(=O)c5ccc([*])cc5C4=O)c2)C3=O)cc1,p_exp_H2,-9.425968732
1726,[*]Oc1ccc(Oc2ccc3c(c2)C(=O)N(c2cccc(N4C(=O)c5ccc([*])cc5C4=O)c2)C3=O)cc1,p_exp_N2,-11.79588002
1727,[*]Oc1ccc(Oc2ccc3c(c2)C(=O)N(c2cccc(N4C(=O)c5ccc([*])cc5C4=O)c2)C3=O)cc1,p_exp_O2,-10.82681373
1728,[*]Oc1ccc(Oc2cccc([*])c2C#N)c(-c2cc(C(F)(F)F)cc(C(F)(F)F)c2)c1,p_exp_CH4,-10.08092191
1729,[*]Oc1ccc(Oc2cccc([*])c2C#N)c(-c2cc(C(F)(F)F)cc(C(F)(F)F)c2)c1,p_exp_CO2,-8.721246399
1730,[*]Oc1ccc(Oc2cccc([*])c2C#N)c(-c2cc(C(F)(F)F)cc(C(F)(F)F)c2)c1,p_exp_H2,-8.455931956
1731,[*]Oc1ccc(Oc2cccc([*])c2C#N)c(-c2cc(C(F)(F)F)cc(C(F)(F)F)c2)c1,p_exp_N2,-9.950781977
1732,[*]Oc1ccc(Oc2cccc([*])c2C#N)c(-c2cc(C(F)(F)F)cc(C(F)(F)F)c2)c1,p_exp_O2,-9.180456064
1733,[*]Oc1ccc(Oc2cccc([*])c2C#N)c(-c2cccc(C(F)(F)F)c2)c1,p_exp_CH4,-11.04575749
1734,[*]Oc1ccc(Oc2cccc([*])c2C#N)c(-c2cccc(C(F)(F)F)c2)c1,p_exp_CO2,-9.431798276
1735,[*]Oc1ccc(Oc2cccc([*])c2C#N)c(-c2cccc(C(F)(F)F)c2)c1,p_exp_H2,-9.031517051
1736,[*]Oc1ccc(Oc2cccc([*])c2C#N)c(-c2cccc(C(F)(F)F)c2)c1,p_exp_N2,-10.82390874
1737,[*]Oc1ccc(Oc2cccc([*])c2C#N)c(-c2cccc(C(F)(F)F)c2)c1,p_exp_O2,-10.06048075
1738,[*]Oc1ccc(S(=O)(=O)c2ccc(Oc3c(C)cc(-c4cc(C)c([*])c(C)c4C)c(C)c3C)cc2)cc1,p_exp_CH4,-10.0259491
1739,[*]Oc1ccc(S(=O)(=O)c2ccc(Oc3c(C)cc(-c4cc(C)c([*])c(C)c4C)c(C)c3C)cc2)cc1,p_exp_CO2,-8.59345982
1740,[*]Oc1ccc(S(=O)(=O)c2ccc(Oc3c(C)cc(-c4cc(C)c([*])c(C)c4C)c(C)c3C)cc2)cc1,p_exp_H2,-8.200659451
1741,[*]Oc1ccc(S(=O)(=O)c2ccc(Oc3c(C)cc(-c4cc(C)c([*])c(C)c4C)c(C)c3C)cc2)cc1,p_exp_He,-8.27572413
1742,[*]Oc1ccc(S(=O)(=O)c2ccc(Oc3c(C)cc(-c4cc(C)c([*])c(C)c4C)c(C)c3C)cc2)cc1,p_exp_N2,-9.920818754
1743,[*]Oc1ccc(S(=O)(=O)c2ccc(Oc3c(C)cc(-c4cc(C)c([*])c(C)c4C)c(C)c3C)cc2)cc1,p_exp_O2,-9.22184875
1744,[*]Oc1ccc(S(=O)(=O)c2ccc(Oc3cc(C)c(C(c4cc(C(C)C)c([*])cc4C)c4ccccc4C(=O)O)cc3C(C)C)cc2)cc1,p_exp_CH4,-9.946921557
1745,[*]Oc1ccc(S(=O)(=O)c2ccc(Oc3cc(C)c(C(c4cc(C(C)C)c([*])cc4C)c4ccccc4C(=O)O)cc3C(C)C)cc2)cc1,p_exp_CO2,-8.600326279
1746,[*]Oc1ccc(S(=O)(=O)c2ccc(Oc3cc(C)c(C(c4cc(C(C)C)c([*])cc4C)c4ccccc4C(=O)O)cc3C(C)C)cc2)cc1,p_exp_H2,-8.304518324
1747,[*]Oc1ccc(S(=O)(=O)c2ccc(Oc3cc(C)c(C(c4cc(C(C)C)c([*])cc4C)c4ccccc4C(=O)O)cc3C(C)C)cc2)cc1,p_exp_N2,-10.12090412
1748,[*]Oc1ccc(S(=O)(=O)c2ccc(Oc3cc(C)c(C(c4cc(C(C)C)c([*])cc4C)c4ccccc4C(=O)O)cc3C(C)C)cc2)cc1,p_exp_O2,-9.343901798
1749,[*]Oc1ccc(S(=O)(=O)c2ccc(Oc3cc(C)c(C4(c5cc(C(C)C)c([*])cc5C)OC(=O)c5ccccc54)cc3C(C)C)cc2)cc1,p_exp_CH4,-10.03245202
1750,[*]Oc1ccc(S(=O)(=O)c2ccc(Oc3cc(C)c(C4(c5cc(C(C)C)c([*])cc5C)OC(=O)c5ccccc54)cc3C(C)C)cc2)cc1,p_exp_CO2,-8.71219827
1751,[*]Oc1ccc(S(=O)(=O)c2ccc(Oc3cc(C)c(C4(c5cc(C(C)C)c([*])cc5C)OC(=O)c5ccccc54)cc3C(C)C)cc2)cc1,p_exp_H2,-8.514278574
1752,[*]Oc1ccc(S(=O)(=O)c2ccc(Oc3cc(C)c(C4(c5cc(C(C)C)c([*])cc5C)OC(=O)c5ccccc54)cc3C(C)C)cc2)cc1,p_exp_N2,-10.15552282
1753,[*]Oc1ccc(S(=O)(=O)c2ccc(Oc3cc(C)c(C4(c5cc(C(C)C)c([*])cc5C)OC(=O)c5ccccc54)cc3C(C)C)cc2)cc1,p_exp_O2,-9.314258261
1754,[*]Oc1ccc([*])cc1,p_exp_CH4,-9.419075024
1755,[*]Oc1ccc([*])cc1,p_exp_CO2,-8.12090412
1756,[*]Oc1ccc([*])cc1,p_exp_H2,-7.946921557
1757,[*]Oc1ccc([*])cc1,p_exp_He,-8.107348966
1758,[*]Oc1ccc([*])cc1,p_exp_N2,-9.419075024
1759,[*]Oc1ccc([*])cc1,p_exp_O2,-8.801342913
1760,[*]Oc1ccc2c(c1)C(=O)N(c1c(C)c(C)c(N3C(=O)c4ccc(Oc5c(C)ccc(C)c5[*])cc4C3=O)c(C)c1C)C2=O,p_exp_CH4,-9.721246399
1761,[*]Oc1ccc2c(c1)C(=O)N(c1c(C)c(C)c(N3C(=O)c4ccc(Oc5c(C)ccc(C)c5[*])cc4C3=O)c(C)c1C)C2=O,p_exp_CO2,-8.200659451
1762,[*]Oc1ccc2c(c1)C(=O)N(c1c(C)c(C)c(N3C(=O)c4ccc(Oc5c(C)ccc(C)c5[*])cc4C3=O)c(C)c1C)C2=O,p_exp_H2,-8
1763,[*]Oc1ccc2c(c1)C(=O)N(c1c(C)c(C)c(N3C(=O)c4ccc(Oc5c(C)ccc(C)c5[*])cc4C3=O)c(C)c1C)C2=O,p_exp_He,-8.142667504
1764,[*]Oc1ccc2c(c1)C(=O)N(c1c(C)c(C)c(N3C(=O)c4ccc(Oc5c(C)ccc(C)c5[*])cc4C3=O)c(C)c1C)C2=O,p_exp_N2,-9.688246139
1765,[*]Oc1ccc2c(c1)C(=O)N(c1c(C)c(C)c(N3C(=O)c4ccc(Oc5c(C)ccc(C)c5[*])cc4C3=O)c(C)c1C)C2=O,p_exp_O2,-8.958607315
1766,[*]Oc1ccc2c(c1)C(=O)N(c1c(C)c(C)c(N3C(=O)c4ccc(Oc5cc(C(C)(C)C)cc(C)c5[*])cc4C3=O)c(C)c1C)C2=O,p_exp_CH4,-9.657577319
1767,[*]Oc1ccc2c(c1)C(=O)N(c1c(C)c(C)c(N3C(=O)c4ccc(Oc5cc(C(C)(C)C)cc(C)c5[*])cc4C3=O)c(C)c1C)C2=O,p_exp_CO2,-8.173925197
1768,[*]Oc1ccc2c(c1)C(=O)N(c1c(C)c(C)c(N3C(=O)c4ccc(Oc5cc(C(C)(C)C)cc(C)c5[*])cc4C3=O)c(C)c1C)C2=O,p_exp_H2,-7.958607315
1769,[*]Oc1ccc2c(c1)C(=O)N(c1c(C)c(C)c(N3C(=O)c4ccc(Oc5cc(C(C)(C)C)cc(C)c5[*])cc4C3=O)c(C)c1C)C2=O,p_exp_He,-8.075720714
1770,[*]Oc1ccc2c(c1)C(=O)N(c1c(C)c(C)c(N3C(=O)c4ccc(Oc5cc(C(C)(C)C)cc(C)c5[*])cc4C3=O)c(C)c1C)C2=O,p_exp_N2,-9.602059991
1771,[*]Oc1ccc2c(c1)C(=O)N(c1c(C)c(C)c(N3C(=O)c4ccc(Oc5cc(C(C)(C)C)cc(C)c5[*])cc4C3=O)c(C)c1C)C2=O,p_exp_O2,-8.886056648
1772,[*]Oc1ccc2c(c1)C(=O)N(c1c(C)c(C)c(N3C(=O)c4ccc(Oc5cc(C)c([*])c(C)c5C)cc4C3=O)c(C)c1C)C2=O,p_exp_CH4,-9.119186408
1773,[*]Oc1ccc2c(c1)C(=O)N(c1c(C)c(C)c(N3C(=O)c4ccc(Oc5cc(C)c([*])c(C)c5C)cc4C3=O)c(C)c1C)C2=O,p_exp_CO2,-7.698970004
1774,[*]Oc1ccc2c(c1)C(=O)N(c1c(C)c(C)c(N3C(=O)c4ccc(Oc5cc(C)c([*])c(C)c5C)cc4C3=O)c(C)c1C)C2=O,p_exp_H2,-7.638272164
1775,[*]Oc1ccc2c(c1)C(=O)N(c1c(C)c(C)c(N3C(=O)c4ccc(Oc5cc(C)c([*])c(C)c5C)cc4C3=O)c(C)c1C)C2=O,p_exp_He,-8.022276395
1776,[*]Oc1ccc2c(c1)C(=O)N(c1c(C)c(C)c(N3C(=O)c4ccc(Oc5cc(C)c([*])c(C)c5C)cc4C3=O)c(C)c1C)C2=O,p_exp_N2,-9.091514981
1777,[*]Oc1ccc2c(c1)C(=O)N(c1c(C)c(C)c(N3C(=O)c4ccc(Oc5cc(C)c([*])c(C)c5C)cc4C3=O)c(C)c1C)C2=O,p_exp_O2,-8.48148606
1778,[*]Oc1ccc2c(c1)C(=O)N(c1c(C)c(C)c(N3C(=O)c4ccc(Oc5cc(C)ccc5[*])cc4C3=O)c(C)c1C)C2=O,p_exp_CH4,-10.32790214
1779,[*]Oc1ccc2c(c1)C(=O)N(c1c(C)c(C)c(N3C(=O)c4ccc(Oc5cc(C)ccc5[*])cc4C3=O)c(C)c1C)C2=O,p_exp_CO2,-8.698970004
1780,[*]Oc1ccc2c(c1)C(=O)N(c1c(C)c(C)c(N3C(=O)c4ccc(Oc5cc(C)ccc5[*])cc4C3=O)c(C)c1C)C2=O,p_exp_H2,-8.387216143
1781,[*]Oc1ccc2c(c1)C(=O)N(c1c(C)c(C)c(N3C(=O)c4ccc(Oc5cc(C)ccc5[*])cc4C3=O)c(C)c1C)C2=O,p_exp_He,-8.48148606
1782,[*]Oc1ccc2c(c1)C(=O)N(c1c(C)c(C)c(N3C(=O)c4ccc(Oc5cc(C)ccc5[*])cc4C3=O)c(C)c1C)C2=O,p_exp_N2,-10.22914799
1783,[*]Oc1ccc2c(c1)C(=O)N(c1c(C)c(C)c(N3C(=O)c4ccc(Oc5cc(C)ccc5[*])cc4C3=O)c(C)c1C)C2=O,p_exp_O2,-9.455931956
1784,[*]Oc1ccc2c(c1)C(=O)N(c1c(C)c(C)c(N3C(=O)c4ccc(Oc5cccc(C)c5[*])cc4C3=O)c(C)c1C)C2=O,p_exp_CH4,-10.15490196
1785,[*]Oc1ccc2c(c1)C(=O)N(c1c(C)c(C)c(N3C(=O)c4ccc(Oc5cccc(C)c5[*])cc4C3=O)c(C)c1C)C2=O,p_exp_CO2,-8.568636236
1786,[*]Oc1ccc2c(c1)C(=O)N(c1c(C)c(C)c(N3C(=O)c4ccc(Oc5cccc(C)c5[*])cc4C3=O)c(C)c1C)C2=O,p_exp_H2,-8.292429824
1787,[*]Oc1ccc2c(c1)C(=O)N(c1c(C)c(C)c(N3C(=O)c4ccc(Oc5cccc(C)c5[*])cc4C3=O)c(C)c1C)C2=O,p_exp_He,-8.387216143
1788,[*]Oc1ccc2c(c1)C(=O)N(c1c(C)c(C)c(N3C(=O)c4ccc(Oc5cccc(C)c5[*])cc4C3=O)c(C)c1C)C2=O,p_exp_N2,-10.08092191
1789,[*]Oc1ccc2c(c1)C(=O)N(c1c(C)c(C)c(N3C(=O)c4ccc(Oc5cccc(C)c5[*])cc4C3=O)c(C)c1C)C2=O,p_exp_O2,-9.318758763
1790,[*]Oc1ccc2c(c1)C(=O)N(c1cc(C)c(C)c(N3C(=O)c4ccc(Oc5cc(C)ccc5[*])cc4C3=O)c1C)C2=O,p_exp_CH4,-10.24412514
1791,[*]Oc1ccc2c(c1)C(=O)N(c1cc(C)c(C)c(N3C(=O)c4ccc(Oc5cc(C)ccc5[*])cc4C3=O)c1C)C2=O,p_exp_CO2,-8.657577319
1792,[*]Oc1ccc2c(c1)C(=O)N(c1cc(C)c(C)c(N3C(=O)c4ccc(Oc5cc(C)ccc5[*])cc4C3=O)c1C)C2=O,p_exp_H2,-8.387216143
1793,[*]Oc1ccc2c(c1)C(=O)N(c1cc(C)c(C)c(N3C(=O)c4ccc(Oc5cc(C)ccc5[*])cc4C3=O)c1C)C2=O,p_exp_He,-8.468521083
1794,[*]Oc1ccc2c(c1)C(=O)N(c1cc(C)c(C)c(N3C(=O)c4ccc(Oc5cc(C)ccc5[*])cc4C3=O)c1C)C2=O,p_exp_N2,-10.18708664
1795,[*]Oc1ccc2c(c1)C(=O)N(c1cc(C)c(C)c(N3C(=O)c4ccc(Oc5cc(C)ccc5[*])cc4C3=O)c1C)C2=O,p_exp_O2,-9.408935393
1796,[*]Oc1ccc2c(c1)C(=O)N(c1ccc(-c3ccc(Oc4ccc(C5(c6ccc(Oc7ccc(-c8ccc(N9C(=O)c%10ccc([*])cc%10C9=O)cc8)cc7C(F)(F)F)cc6)C(=O)N(c6ccccc6)c6ccccc65)cc4)c(C(F)(F)F)c3)cc1)C2=O,p_exp_CH4,-10.07572071
1797,[*]Oc1ccc2c(c1)C(=O)N(c1ccc(-c3ccc(Oc4ccc(C5(c6ccc(Oc7ccc(-c8ccc(N9C(=O)c%10ccc([*])cc%10C9=O)cc8)cc7C(F)(F)F)cc6)C(=O)N(c6ccccc6)c6ccccc65)cc4)c(C(F)(F)F)c3)cc1)C2=O,p_exp_CO2,-8.835647144
1798,[*]Oc1ccc2c(c1)C(=O)N(c1ccc(-c3ccc(Oc4ccc(C5(c6ccc(Oc7ccc(-c8ccc(N9C(=O)c%10ccc([*])cc%10C9=O)cc8)cc7C(F)(F)F)cc6)C(=O)N(c6ccccc6)c6ccccc65)cc4)c(C(F)(F)F)c3)cc1)C2=O,p_exp_N2,-10.01772877
1799,[*]Oc1ccc2c(c1)C(=O)N(c1ccc(-c3ccc(Oc4ccc(C5(c6ccc(Oc7ccc(-c8ccc(N9C(=O)c%10ccc([*])cc%10C9=O)cc8)cc7C(F)(F)F)cc6)C(=O)N(c6ccccc6)c6ccccc65)cc4)c(C(F)(F)F)c3)cc1)C2=O,p_exp_O2,-9.374687549
1800,[*]Oc1ccc2c(c1)C(=O)N(c1ccc(-c3ccc(Oc4ccc(C5(c6ccc(Oc7ccc(-c8ccc(N9C(=O)c%10ccc([*])cc%10C9=O)cc8)cc7C(F)(F)F)cc6)c6ccccc6-c6ccccc65)cc4)c(C(F)(F)F)c3)cc1)C2=O,p_exp_CH4,-9.982966661
1801,[*]Oc1ccc2c(c1)C(=O)N(c1ccc(-c3ccc(Oc4ccc(C5(c6ccc(Oc7ccc(-c8ccc(N9C(=O)c%10ccc([*])cc%10C9=O)cc8)cc7C(F)(F)F)cc6)c6ccccc6-c6ccccc65)cc4)c(C(F)(F)F)c3)cc1)C2=O,p_exp_CO2,-8.586700236
1802,[*]Oc1ccc2c(c1)C(=O)N(c1ccc(-c3ccc(Oc4ccc(C5(c6ccc(Oc7ccc(-c8ccc(N9C(=O)c%10ccc([*])cc%10C9=O)cc8)cc7C(F)(F)F)cc6)c6ccccc6-c6ccccc65)cc4)c(C(F)(F)F)c3)cc1)C2=O,p_exp_N2,-9.913640169
1803,[*]Oc1ccc2c(c1)C(=O)N(c1ccc(-c3ccc(Oc4ccc(C5(c6ccc(Oc7ccc(-c8ccc(N9C(=O)c%10ccc([*])cc%10C9=O)cc8)cc7C(F)(F)F)cc6)c6ccccc6-c6ccccc65)cc4)c(C(F)(F)F)c3)cc1)C2=O,p_exp_O2,-9.104577454
1804,[*]Oc1ccc2c(c1)C(=O)N(c1ccc(C(c3ccc(N4C(=O)c5ccc(Oc6cc(C)c([*])c(C)c6C)cc5C4=O)cc3)(C(F)(F)F)C(F)(F)F)cc1)C2=O,p_exp_CH4,-9.769551079
1805,[*]Oc1ccc2c(c1)C(=O)N(c1ccc(C(c3ccc(N4C(=O)c5ccc(Oc6cc(C)c([*])c(C)c6C)cc5C4=O)cc3)(C(F)(F)F)C(F)(F)F)cc1)C2=O,p_exp_CO2,-8.26760624
1806,[*]Oc1ccc2c(c1)C(=O)N(c1ccc(C(c3ccc(N4C(=O)c5ccc(Oc6cc(C)c([*])c(C)c6C)cc5C4=O)cc3)(C(F)(F)F)C(F)(F)F)cc1)C2=O,p_exp_H2,-8.113509275
1807,[*]Oc1ccc2c(c1)C(=O)N(c1ccc(C(c3ccc(N4C(=O)c5ccc(Oc6cc(C)c([*])c(C)c6C)cc5C4=O)cc3)(C(F)(F)F)C(F)(F)F)cc1)C2=O,p_exp_He,-8.148741651
1808,[*]Oc1ccc2c(c1)C(=O)N(c1ccc(C(c3ccc(N4C(=O)c5ccc(Oc6cc(C)c([*])c(C)c6C)cc5C4=O)cc3)(C(F)(F)F)C(F)(F)F)cc1)C2=O,p_exp_N2,-9.721246399
1809,[*]Oc1ccc2c(c1)C(=O)N(c1ccc(C(c3ccc(N4C(=O)c5ccc(Oc6cc(C)c([*])c(C)c6C)cc5C4=O)cc3)(C(F)(F)F)C(F)(F)F)cc1)C2=O,p_exp_O2,-9.031517051
1810,[*]Oc1ccc2c(c1)C(=O)N(c1ccc(Cc3ccc(N4C(=O)c5ccc([*])cc5C4=O)cc3)cc1)C2=O,p_exp_H2,-9.250263684
1811,[*]Oc1ccc2c(c1)C(=O)N(c1ccc(Cc3ccc(N4C(=O)c5ccc([*])cc5C4=O)cc3)cc1)C2=O,p_exp_N2,-11.55284197
1812,[*]Oc1ccc2c(c1)C(=O)N(c1ccc(Cc3ccc(N4C(=O)c5ccc([*])cc5C4=O)cc3)cc1)C2=O,p_exp_O2,-10.58335949
1813,[*]Oc1ccc2c(c1)C(=O)N(c1ccc(N(c3ccccc3)c3ccc(N4C(=O)c5ccc([*])cc5C4=O)cc3)cc1)C2=O,p_exp_CH4,-11.07058107
1814,[*]Oc1ccc2c(c1)C(=O)N(c1ccc(N(c3ccccc3)c3ccc(N4C(=O)c5ccc([*])cc5C4=O)cc3)cc1)C2=O,p_exp_CO2,-9.540607512
1815,[*]Oc1ccc2c(c1)C(=O)N(c1ccc(N(c3ccccc3)c3ccc(N4C(=O)c5ccc([*])cc5C4=O)cc3)cc1)C2=O,p_exp_H2,-8.935542011
1816,[*]Oc1ccc2c(c1)C(=O)N(c1ccc(N(c3ccccc3)c3ccc(N4C(=O)c5ccc([*])cc5C4=O)cc3)cc1)C2=O,p_exp_N2,-10.93181414
1817,[*]Oc1ccc2c(c1)C(=O)N(c1ccc(N(c3ccccc3)c3ccc(N4C(=O)c5ccc([*])cc5C4=O)cc3)cc1)C2=O,p_exp_O2,-10.11918641
1818,[*]Oc1ccc2c(c1)C(=O)N(c1ccc(Oc3ccc(N4C(=O)c5ccc([*])cc5C4=O)cc3)cc1)C2=O,p_exp_H2,-9.482804102
1819,[*]Oc1ccc2c(c1)C(=O)N(c1ccc(Oc3ccc(N4C(=O)c5ccc([*])cc5C4=O)cc3)cc1)C2=O,p_exp_He,-9.645891561
1820,[*]Oc1ccc2c(c1)C(=O)N(c1ccc(Oc3ccc(N4C(=O)c5ccc([*])cc5C4=O)cc3)cc1)C2=O,p_exp_N2,-11.58502665
1821,[*]Oc1ccc2c(c1)C(=O)N(c1ccc(Oc3ccc(N4C(=O)c5ccc([*])cc5C4=O)cc3)cc1)C2=O,p_exp_O2,-10.73754891
1822,[*]Oc1ccc2c(c1)C(=O)N(c1ccc(Oc3ccc(N4C(=O)c5ccc([*])cc5C4=O)cc3C(F)(F)F)c(C(F)(F)F)c1)C2=O,p_exp_H2,-9.016373713
1823,[*]Oc1ccc2c(c1)C(=O)N(c1ccc(Oc3ccc(N4C(=O)c5ccc([*])cc5C4=O)cc3C(F)(F)F)c(C(F)(F)F)c1)C2=O,p_exp_He,-8.928117993
1824,[*]Oc1ccc2c(c1)C(=O)N(c1ccc(Oc3ccc(N4C(=O)c5ccc([*])cc5C4=O)cc3C(F)(F)F)c(C(F)(F)F)c1)C2=O,p_exp_N2,-11.04575749
1825,[*]Oc1ccc2c(c1)C(=O)N(c1ccc(Oc3ccc(N4C(=O)c5ccc([*])cc5C4=O)cc3C(F)(F)F)c(C(F)(F)F)c1)C2=O,p_exp_O2,-10.21467016
1826,[*]Oc1ccc2c(c1)C(=O)N(c1cccc(N3C(=O)c4ccc(Oc5ccc6c(c5)C5(CC(C)(C)c7ccc([*])cc75)CC6(C)C)cc4C3=O)c1)C2=O,p_exp_CH4,-10.8096683
1827,[*]Oc1ccc2c(c1)C(=O)N(c1cccc(N3C(=O)c4ccc(Oc5ccc6c(c5)C5(CC(C)(C)c7ccc([*])cc75)CC6(C)C)cc4C3=O)c1)C2=O,p_exp_CO2,-9.346787486
1828,[*]Oc1ccc2c(c1)C(=O)N(c1cccc(N3C(=O)c4ccc(Oc5ccc6c(c5)C5(CC(C)(C)c7ccc([*])cc75)CC6(C)C)cc4C3=O)c1)C2=O,p_exp_He,-8.684029655
1829,[*]Oc1ccc2c(c1)C(=O)N(c1cccc(N3C(=O)c4ccc(Oc5ccc6c(c5)C5(CC(C)(C)c7ccc([*])cc75)CC6(C)C)cc4C3=O)c1)C2=O,p_exp_N2,-10.69897
1830,[*]Oc1ccc2c(c1)C(=O)N(c1cccc(N3C(=O)c4ccc(Oc5ccc6c(c5)C5(CC(C)(C)c7ccc([*])cc75)CC6(C)C)cc4C3=O)c1)C2=O,p_exp_O2,-9.860120914
1831,[*]Oc1ccc2c(c1)C(=O)N(c1cccc(N3C(=O)c4ccc(Oc5ccc6c(c5)C5(Cc7ccc([*])cc7C5(C)C)CC6(C)C)cc4C3=O)c1)C2=O,p_exp_CH4,-10.8096683
1832,[*]Oc1ccc2c(c1)C(=O)N(c1cccc(N3C(=O)c4ccc(Oc5ccc6c(c5)C5(Cc7ccc([*])cc7C5(C)C)CC6(C)C)cc4C3=O)c1)C2=O,p_exp_CO2,-9.346787486
1833,[*]Oc1ccc2c(c1)C(=O)N(c1cccc(N3C(=O)c4ccc(Oc5ccc6c(c5)C5(Cc7ccc([*])cc7C5(C)C)CC6(C)C)cc4C3=O)c1)C2=O,p_exp_He,-8.684029655
1834,[*]Oc1ccc2c(c1)C(=O)N(c1cccc(N3C(=O)c4ccc(Oc5ccc6c(c5)C5(Cc7ccc([*])cc7C5(C)C)CC6(C)C)cc4C3=O)c1)C2=O,p_exp_N2,-10.70553377
1835,[*]Oc1ccc2c(c1)C(=O)N(c1cccc(N3C(=O)c4ccc(Oc5ccc6c(c5)C5(Cc7ccc([*])cc7C5(C)C)CC6(C)C)cc4C3=O)c1)C2=O,p_exp_O2,-9.866461092
1836,[*]Oc1ccc2c(c1)C(=O)N(c1cccc(N3C(=O)c4ccc([*])cc4C3=O)c1)C2=O,p_exp_CH4,-12.19382003
1837,[*]Oc1ccc2c(c1)C(=O)N(c1cccc(N3C(=O)c4ccc([*])cc4C3=O)c1)C2=O,p_exp_CO2,-10.5214335
1838,[*]Oc1ccc2c(c1)C(=O)N(c1cccc(N3C(=O)c4ccc([*])cc4C3=O)c1)C2=O,p_exp_N2,-11.92081875
1839,[*]Oc1ccc2c(c1)C(=O)N(c1cccc(N3C(=O)c4ccc([*])cc4C3=O)c1)C2=O,p_exp_O2,-11.09151498
1840,[*]Oc1ccc2c(c1)C(=O)n1c-2nc2ccc(Oc3ccc4c(c3)nc3n4C(=O)c4cc([*])ccc4-3)cc21,p_exp_H2,-9.162411562
1841,[*]Oc1ccc2c(c1)C(=O)n1c-2nc2ccc(Oc3ccc4c(c3)nc3n4C(=O)c4cc([*])ccc4-3)cc21,p_exp_N2,-11.58335949
1842,[*]Oc1ccc2c(c1)C(=O)n1c-2nc2ccc(Oc3ccc4c(c3)nc3n4C(=O)c4cc([*])ccc4-3)cc21,p_exp_O2,-10.65364703
1843,[*]Oc1ccc2nc(-c3ccccc3)c(-c3ccc(-c4nc5cc([*])ccc5nc4-c4ccccc4)cc3)nc2c1,p_exp_H2,-8.764471553
1844,[*]Oc1ccc2nc(-c3ccccc3)c(-c3ccc(-c4nc5cc([*])ccc5nc4-c4ccccc4)cc3)nc2c1,p_exp_N2,-9.463441557
1845,[*]Oc1ccc2nc(-c3ccccc3)c(-c3ccc(-c4nc5cc([*])ccc5nc4-c4ccccc4)cc3)nc2c1,p_exp_O2,-9.705533774
1846,[*]Oc1ccc2nc3c4cc5c(cc4c(=O)n3c2c1)c(=O)n1c2ccc([*])cc2nc51,p_exp_H2,-9.295849483
1847,[*]Oc1ccc2nc3c4cc5c(cc4c(=O)n3c2c1)c(=O)n1c2ccc([*])cc2nc51,p_exp_N2,-11.88605665
1848,[*]Oc1ccc2nc3c4cc5c(cc4c(=O)n3c2c1)c(=O)n1c2ccc([*])cc2nc51,p_exp_O2,-10.85387196
1849,[*]Oc1cccc(Oc2ccc([*])cc2-c2cc(C)cc(C)c2)c1C#N,p_exp_CH4,-11.22184875
1850,[*]Oc1cccc(Oc2ccc([*])cc2-c2cc(C)cc(C)c2)c1C#N,p_exp_CO2,-9.455931956
1851,[*]Oc1cccc(Oc2ccc([*])cc2-c2cc(C)cc(C)c2)c1C#N,p_exp_H2,-9.017728767
1852,[*]Oc1cccc(Oc2ccc([*])cc2-c2cc(C)cc(C)c2)c1C#N,p_exp_N2,-10.76955108
1853,[*]Oc1cccc(Oc2ccc([*])cc2-c2cc(C)cc(C)c2)c1C#N,p_exp_O2,-10.02687215
1854,[*]Oc1cccc(Oc2ccc([*])cc2-c2cccc(C)c2)c1C#N,p_exp_CH4,-11.30103
1855,[*]Oc1cccc(Oc2ccc([*])cc2-c2cccc(C)c2)c1C#N,p_exp_CO2,-9.721246399
1856,[*]Oc1cccc(Oc2ccc([*])cc2-c2cccc(C)c2)c1C#N,p_exp_H2,-9.167491087
1857,[*]Oc1cccc(Oc2ccc([*])cc2-c2cccc(C)c2)c1C#N,p_exp_N2,-11.15490196
1858,[*]Oc1cccc(Oc2ccc([*])cc2-c2cccc(C)c2)c1C#N,p_exp_O2,-10.34678749
1859,[*]Sc1ccc([*])cc1,p_exp_CH4,-11.28149831
1860,[*]Sc1ccc([*])cc1,p_exp_CO2,-9.899629455
1861,[*]Sc1ccc([*])cc1,p_exp_He,-9.393618635
1862,[*]Sc1ccc([*])cc1,p_exp_N2,-11.42365865
1863,[*]Sc1ccc([*])cc1,p_exp_O2,-10.63827216
1864,[*]Sc1ccc2c(c1)C(=O)N(c1ccc(Cc3ccc(N4C(=O)c5ccc([*])cc5C4=O)cc3)cc1)C2=O,p_exp_H2,-9.26520017
1865,[*]Sc1ccc2c(c1)C(=O)N(c1ccc(Cc3ccc(N4C(=O)c5ccc([*])cc5C4=O)cc3)cc1)C2=O,p_exp_N2,-11.56863624
1866,[*]Sc1ccc2c(c1)C(=O)N(c1ccc(Cc3ccc(N4C(=O)c5ccc([*])cc5C4=O)cc3)cc1)C2=O,p_exp_O2,-10.60906489
1867,[*]Sc1ccc2c(c1)C(=O)N(c1ccc(Oc3ccc(N4C(=O)c5ccc([*])cc5C4=O)cc3)cc1)C2=O,p_exp_CO2,-9.019996628
1868,[*]Sc1ccc2c(c1)C(=O)N(c1ccc(Oc3ccc(N4C(=O)c5ccc([*])cc5C4=O)cc3)cc1)C2=O,p_exp_H2,-8.590066877
1869,[*]Sc1ccc2c(c1)C(=O)N(c1ccc(Oc3ccc(N4C(=O)c5ccc([*])cc5C4=O)cc3)cc1)C2=O,p_exp_N2,-10.95078198
1870,[*]Sc1ccc2c(c1)C(=O)N(c1ccc(Oc3ccc(N4C(=O)c5ccc([*])cc5C4=O)cc3)cc1)C2=O,p_exp_O2,-9.962573502
1871,[*]Sc1cccc2c1C(=O)N(c1ccc(Oc3ccc(N4C(=O)c5cccc([*])c5C4=O)cc3)cc1)C2=O,p_exp_CO2,-8.790484985
1872,[*]Sc1cccc2c1C(=O)N(c1ccc(Oc3ccc(N4C(=O)c5cccc([*])c5C4=O)cc3)cc1)C2=O,p_exp_H2,-8.161150909
1873,[*]Sc1cccc2c1C(=O)N(c1ccc(Oc3ccc(N4C(=O)c5cccc([*])c5C4=O)cc3)cc1)C2=O,p_exp_N2,-10.33441901
1874,[*]Sc1cccc2c1C(=O)N(c1ccc(Oc3ccc(N4C(=O)c5cccc([*])c5C4=O)cc3)cc1)C2=O,p_exp_O2,-9.517126416
1875,[*]c1c(C)c(C)c(-n2c(=O)c3cc4oc5cc6c(cc5oc4cc3c2=O)C2(C(C)C)C3=CC4Oc5cc7c(cc5OC4C=C3C6(C(C)C)c3ccccc32)C(=O)N([*])C7=O)c(C)c1C,p_exp_H2,-6.378823718
1876,[*]c1c(C)c(C)c(-n2c(=O)c3cc4oc5cc6c(cc5oc4cc3c2=O)C2(C(C)C)C3=CC4Oc5cc7c(cc5OC4C=C3C6(C(C)C)c3ccccc32)C(=O)N([*])C7=O)c(C)c1C,p_exp_N2,-7.772113295
1877,[*]c1c(C)c(C)c(-n2c(=O)c3cc4oc5cc6c(cc5oc4cc3c2=O)C2(C(C)C)C3=CC4Oc5cc7c(cc5OC4C=C3C6(C(C)C)c3ccccc32)C(=O)N([*])C7=O)c(C)c1C,p_exp_O2,-7.08249449
1878,[*]c1c(C)c(C)c(-n2c(=O)c3cc4oc5cc6c(cc5oc4cc3c2=O)C2(C(C)C)c3cc4oc5cc7c(=O)n([*])c(=O)c7cc5oc4cc3C23c2ccccc2C63C(C)C)c(C)c1C,p_exp_CH4,-7.978810701
1879,[*]c1c(C)c(C)c(-n2c(=O)c3cc4oc5cc6c(cc5oc4cc3c2=O)C2(C(C)C)c3cc4oc5cc7c(=O)n([*])c(=O)c7cc5oc4cc3C23c2ccccc2C63C(C)C)c(C)c1C,p_exp_CO2,-6.621602099
1880,[*]c1c(C)c(C)c(-n2c(=O)c3cc4oc5cc6c(cc5oc4cc3c2=O)C2(C(C)C)c3cc4oc5cc7c(=O)n([*])c(=O)c7cc5oc4cc3C23c2ccccc2C63C(C)C)c(C)c1C,p_exp_H2,-6.400116928
1881,[*]c1c(C)c(C)c(-n2c(=O)c3cc4oc5cc6c(cc5oc4cc3c2=O)C2(C(C)C)c3cc4oc5cc7c(=O)n([*])c(=O)c7cc5oc4cc3C23c2ccccc2C63C(C)C)c(C)c1C,p_exp_He,-6.752026734
1882,[*]c1c(C)c(C)c(-n2c(=O)c3cc4oc5cc6c(cc5oc4cc3c2=O)C2(C(C)C)c3cc4oc5cc7c(=O)n([*])c(=O)c7cc5oc4cc3C23c2ccccc2C63C(C)C)c(C)c1C,p_exp_N2,-7.970616222
1883,[*]c1c(C)c(C)c(-n2c(=O)c3cc4oc5cc6c(cc5oc4cc3c2=O)C2(C(C)C)c3cc4oc5cc7c(=O)n([*])c(=O)c7cc5oc4cc3C23c2ccccc2C63C(C)C)c(C)c1C,p_exp_O2,-7.202732459
1884,[*]c1c(C)c(C)c(-n2c(=O)c3cc4oc5cc6c(cc5oc4cc3c2=O)C2(CC(C)(C)c3cc4oc5cc7c(=O)n([*])c(=O)c7cc5oc4cc32)CC6(C)C)c(C)c1C,p_exp_CH4,-8.113509275
1885,[*]c1c(C)c(C)c(-n2c(=O)c3cc4oc5cc6c(cc5oc4cc3c2=O)C2(CC(C)(C)c3cc4oc5cc7c(=O)n([*])c(=O)c7cc5oc4cc32)CC6(C)C)c(C)c1C,p_exp_CO2,-6.958607315
1886,[*]c1c(C)c(C)c(-n2c(=O)c3cc4oc5cc6c(cc5oc4cc3c2=O)C2(CC(C)(C)c3cc4oc5cc7c(=O)n([*])c(=O)c7cc5oc4cc32)CC6(C)C)c(C)c1C,p_exp_H2,-7.27572413
1887,[*]c1c(C)c(C)c(-n2c(=O)c3cc4oc5cc6c(cc5oc4cc3c2=O)C2(CC(C)(C)c3cc4oc5cc7c(=O)n([*])c(=O)c7cc5oc4cc32)CC6(C)C)c(C)c1C,p_exp_He,-7.585026652
1888,[*]c1c(C)c(C)c(-n2c(=O)c3cc4oc5cc6c(cc5oc4cc3c2=O)C2(CC(C)(C)c3cc4oc5cc7c(=O)n([*])c(=O)c7cc5oc4cc32)CC6(C)C)c(C)c1C,p_exp_N2,-8.327902142
1889,[*]c1c(C)c(C)c(-n2c(=O)c3cc4oc5cc6c(cc5oc4cc3c2=O)C2(CC(C)(C)c3cc4oc5cc7c(=O)n([*])c(=O)c7cc5oc4cc32)CC6(C)C)c(C)c1C,p_exp_O2,-7.823908741
1890,[*]c1c(C)c(C)c(N2C(=O)c3cc4c(cc3C2=O)C2(CC(C)(C)c3cc5c(cc32)C(=O)N([*])C5=O)CC4(C)C)c(C)c1C,p_exp_CH4,-7.408935393
1891,[*]c1c(C)c(C)c(N2C(=O)c3cc4c(cc3C2=O)C2(CC(C)(C)c3cc5c(cc32)C(=O)N([*])C5=O)CC4(C)C)c(C)c1C,p_exp_CO2,-6.404503778
1892,[*]c1c(C)c(C)c(N2C(=O)c3cc4c(cc3C2=O)C2(CC(C)(C)c3cc5c(cc32)C(=O)N([*])C5=O)CC4(C)C)c(C)c1C,p_exp_H2,-6.716698771
1893,[*]c1c(C)c(C)c(N2C(=O)c3cc4c(cc3C2=O)C2(CC(C)(C)c3cc5c(cc32)C(=O)N([*])C5=O)CC4(C)C)c(C)c1C,p_exp_He,-7.107905397
1894,[*]c1c(C)c(C)c(N2C(=O)c3cc4c(cc3C2=O)C2(CC(C)(C)c3cc5c(cc32)C(=O)N([*])C5=O)CC4(C)C)c(C)c1C,p_exp_N2,-7.590066877
1895,[*]c1c(C)c(C)c(N2C(=O)c3cc4c(cc3C2=O)C2(CC(C)(C)c3cc5c(cc32)C(=O)N([*])C5=O)CC4(C)C)c(C)c1C,p_exp_O2,-7.140861703
1896,[*]c1c(C)c(C)c(N2C(=O)c3ccc(C(=O)c4ccc5c(c4)C(=O)N([*])C5=O)cc3C2=O)c(C)c1C,p_exp_H2,-7.966576245
1897,[*]c1c(C)c(C)c(N2C(=O)c3ccc(C(=O)c4ccc5c(c4)C(=O)N([*])C5=O)cc3C2=O)c(C)c1C,p_exp_N2,-9.580044252
1898,[*]c1c(C)c(C)c(N2C(=O)c3ccc(C(=O)c4ccc5c(c4)C(=O)N([*])C5=O)cc3C2=O)c(C)c1C,p_exp_O2,-8.928117993
1899,[*]c1c(C)c(C)c(N2C(=O)c3ccc(C(c4ccc5c(c4)C(=O)N([*])C5=O)(C(F)(F)F)C(F)(F)F)cc3C2=O)c(C)c1C,p_exp_CH4,-8.549750892
1900,[*]c1c(C)c(C)c(N2C(=O)c3ccc(C(c4ccc5c(c4)C(=O)N([*])C5=O)(C(F)(F)F)C(F)(F)F)cc3C2=O)c(C)c1C,p_exp_CO2,-7.348721986
1901,[*]c1c(C)c(C)c(N2C(=O)c3ccc(C(c4ccc5c(c4)C(=O)N([*])C5=O)(C(F)(F)F)C(F)(F)F)cc3C2=O)c(C)c1C,p_exp_H2,-7.308034897
1902,[*]c1c(C)c(C)c(N2C(=O)c3ccc(C(c4ccc5c(c4)C(=O)N([*])C5=O)(C(F)(F)F)C(F)(F)F)cc3C2=O)c(C)c1C,p_exp_He,-7.441291429
1903,[*]c1c(C)c(C)c(N2C(=O)c3ccc(C(c4ccc5c(c4)C(=O)N([*])C5=O)(C(F)(F)F)C(F)(F)F)cc3C2=O)c(C)c1C,p_exp_N2,-8.527243551
1904,[*]c1c(C)c(C)c(N2C(=O)c3ccc(C(c4ccc5c(c4)C(=O)N([*])C5=O)(C(F)(F)F)C(F)(F)F)cc3C2=O)c(C)c1C,p_exp_O2,-7.954677021
1905,[*]c1c(C)c(C)c(N2C(=O)c3ccc(Oc4ccc(C(C)(C)C)cc4Oc4ccc5c(c4)C(=O)N([*])C5=O)cc3C2=O)c(C)c1C,p_exp_CH4,-9.508638306
1906,[*]c1c(C)c(C)c(N2C(=O)c3ccc(Oc4ccc(C(C)(C)C)cc4Oc4ccc5c(c4)C(=O)N([*])C5=O)cc3C2=O)c(C)c1C,p_exp_CO2,-8.148741651
1907,[*]c1c(C)c(C)c(N2C(=O)c3ccc(Oc4ccc(C(C)(C)C)cc4Oc4ccc5c(c4)C(=O)N([*])C5=O)cc3C2=O)c(C)c1C,p_exp_H2,-8.040958608
1908,[*]c1c(C)c(C)c(N2C(=O)c3ccc(Oc4ccc(C(C)(C)C)cc4Oc4ccc5c(c4)C(=O)N([*])C5=O)cc3C2=O)c(C)c1C,p_exp_He,-8.193820026
1909,[*]c1c(C)c(C)c(N2C(=O)c3ccc(Oc4ccc(C(C)(C)C)cc4Oc4ccc5c(c4)C(=O)N([*])C5=O)cc3C2=O)c(C)c1C,p_exp_N2,-9.59345982
1910,[*]c1c(C)c(C)c(N2C(=O)c3ccc(Oc4ccc(C(C)(C)C)cc4Oc4ccc5c(c4)C(=O)N([*])C5=O)cc3C2=O)c(C)c1C,p_exp_O2,-8.920818754
1911,[*]c1c(C)c(C)cc(N2C(=O)c3ccc(Oc4ccc(C(C)(C)C)cc4Oc4ccc5c(c4)C(=O)N([*])C5=O)cc3C2=O)c1C,p_exp_CH4,-9.602059991
1912,[*]c1c(C)c(C)cc(N2C(=O)c3ccc(Oc4ccc(C(C)(C)C)cc4Oc4ccc5c(c4)C(=O)N([*])C5=O)cc3C2=O)c1C,p_exp_CO2,-8.200659451
1913,[*]c1c(C)c(C)cc(N2C(=O)c3ccc(Oc4ccc(C(C)(C)C)cc4Oc4ccc5c(c4)C(=O)N([*])C5=O)cc3C2=O)c1C,p_exp_H2,-8.070581074
1914,[*]c1c(C)c(C)cc(N2C(=O)c3ccc(Oc4ccc(C(C)(C)C)cc4Oc4ccc5c(c4)C(=O)N([*])C5=O)cc3C2=O)c1C,p_exp_He,-8.200659451
1915,[*]c1c(C)c(C)cc(N2C(=O)c3ccc(Oc4ccc(C(C)(C)C)cc4Oc4ccc5c(c4)C(=O)N([*])C5=O)cc3C2=O)c1C,p_exp_N2,-9.657577319
1916,[*]c1c(C)c(C)cc(N2C(=O)c3ccc(Oc4ccc(C(C)(C)C)cc4Oc4ccc5c(c4)C(=O)N([*])C5=O)cc3C2=O)c1C,p_exp_O2,-8.958607315
1917,[*]c1c(C)c2c(c(N3C(=O)c4ccc(-c5ccc6c(c5)C(=O)N([*])C6=O)cc4C3=O)c1C)C(C)(C)CC2,p_exp_CH4,-8.621602099
1918,[*]c1c(C)c2c(c(N3C(=O)c4ccc(-c5ccc6c(c5)C(=O)N([*])C6=O)cc4C3=O)c1C)C(C)(C)CC2,p_exp_CO2,-7.482804102
1919,[*]c1c(C)c2c(c(N3C(=O)c4ccc(-c5ccc6c(c5)C(=O)N([*])C6=O)cc4C3=O)c1C)C(C)(C)CC2,p_exp_N2,-8.657577319
1920,[*]c1c(C)c2c(c(N3C(=O)c4ccc(-c5ccc6c(c5)C(=O)N([*])C6=O)cc4C3=O)c1C)C(C)(C)CC2,p_exp_O2,-8.078833949
1921,[*]c1c(C)c2c(c(N3C(=O)c4ccc(C(=O)c5ccc6c(c5)C(=O)N([*])C6=O)cc4C3=O)c1C)C(C)(C)CC2,p_exp_CH4,-9.091514981
1922,[*]c1c(C)c2c(c(N3C(=O)c4ccc(C(=O)c5ccc6c(c5)C(=O)N([*])C6=O)cc4C3=O)c1C)C(C)(C)CC2,p_exp_CO2,-7.853871964
1923,[*]c1c(C)c2c(c(N3C(=O)c4ccc(C(=O)c5ccc6c(c5)C(=O)N([*])C6=O)cc4C3=O)c1C)C(C)(C)CC2,p_exp_N2,-9.070581074
1924,[*]c1c(C)c2c(c(N3C(=O)c4ccc(C(=O)c5ccc6c(c5)C(=O)N([*])C6=O)cc4C3=O)c1C)C(C)(C)CC2,p_exp_O2,-8.42945706
1925,[*]c1c(C)c2c(c(N3C(=O)c4ccc(C(c5ccc6c(c5)C(=O)N([*])C6=O)(C(F)(F)F)C(F)(F)F)cc4C3=O)c1C)C(C)(C)CC2,p_exp_CH4,-8.296708622
1926,[*]c1c(C)c2c(c(N3C(=O)c4ccc(C(c5ccc6c(c5)C(=O)N([*])C6=O)(C(F)(F)F)C(F)(F)F)cc4C3=O)c1C)C(C)(C)CC2,p_exp_CO2,-7.159893906
1927,[*]c1c(C)c2c(c(N3C(=O)c4ccc(C(c5ccc6c(c5)C(=O)N([*])C6=O)(C(F)(F)F)C(F)(F)F)cc4C3=O)c1C)C(C)(C)CC2,p_exp_N2,-8.232102384
1928,[*]c1c(C)c2c(c(N3C(=O)c4ccc(C(c5ccc6c(c5)C(=O)N([*])C6=O)(C(F)(F)F)C(F)(F)F)cc4C3=O)c1C)C(C)(C)CC2,p_exp_O2,-7.70333481
1929,[*]c1c(C)c2c(c(N3C(=O)c4ccc(Oc5ccc6c(c5)C(=O)N([*])C6=O)cc4C3=O)c1C)C(C)(C)CC2,p_exp_CH4,-8.987162775
1930,[*]c1c(C)c2c(c(N3C(=O)c4ccc(Oc5ccc6c(c5)C(=O)N([*])C6=O)cc4C3=O)c1C)C(C)(C)CC2,p_exp_CO2,-7.793174124
1931,[*]c1c(C)c2c(c(N3C(=O)c4ccc(Oc5ccc6c(c5)C(=O)N([*])C6=O)cc4C3=O)c1C)C(C)(C)CC2,p_exp_N2,-8.987162775
1932,[*]c1c(C)c2c(c(N3C(=O)c4ccc(Oc5ccc6c(c5)C(=O)N([*])C6=O)cc4C3=O)c1C)C(C)(C)CC2,p_exp_O2,-8.35753548
1933,[*]c1c(C)cc(-c2cc(C)c(N3C(=O)c4cc5c(cc4C3=O)C3(C(C)C)c4ccc(cc4)C5(C(C)C)c4cc5c(cc43)C(=O)N([*])C5=O)c3ccccc23)c2ccccc12,p_exp_CH4,-7.675717545
1934,[*]c1c(C)cc(-c2cc(C)c(N3C(=O)c4cc5c(cc4C3=O)C3(C(C)C)c4ccc(cc4)C5(C(C)C)c4cc5c(cc43)C(=O)N([*])C5=O)c3ccccc23)c2ccccc12,p_exp_CO2,-6.501689446
1935,[*]c1c(C)cc(-c2cc(C)c(N3C(=O)c4cc5c(cc4C3=O)C3(C(C)C)c4ccc(cc4)C5(C(C)C)c4cc5c(cc43)C(=O)N([*])C5=O)c3ccccc23)c2ccccc12,p_exp_H2,-6.651695137
1936,[*]c1c(C)cc(-c2cc(C)c(N3C(=O)c4cc5c(cc4C3=O)C3(C(C)C)c4ccc(cc4)C5(C(C)C)c4cc5c(cc43)C(=O)N([*])C5=O)c3ccccc23)c2ccccc12,p_exp_He,-7.039529222
1937,[*]c1c(C)cc(-c2cc(C)c(N3C(=O)c4cc5c(cc4C3=O)C3(C(C)C)c4ccc(cc4)C5(C(C)C)c4cc5c(cc43)C(=O)N([*])C5=O)c3ccccc23)c2ccccc12,p_exp_N2,-7.795880017
1938,[*]c1c(C)cc(-c2cc(C)c(N3C(=O)c4cc5c(cc4C3=O)C3(C(C)C)c4ccc(cc4)C5(C(C)C)c4cc5c(cc43)C(=O)N([*])C5=O)c3ccccc23)c2ccccc12,p_exp_O2,-7.226213555
1939,[*]c1c(C)cc(-c2cc(C)c(N3C(=O)c4cc5c(cc4C3=O)C3(C)c4ccc(cc4)C5(C)c4cc5c(cc43)C(=O)N([*])C5=O)c3ccccc23)c2ccccc12,p_exp_CH4,-7.665546249
1940,[*]c1c(C)cc(-c2cc(C)c(N3C(=O)c4cc5c(cc4C3=O)C3(C)c4ccc(cc4)C5(C)c4cc5c(cc43)C(=O)N([*])C5=O)c3ccccc23)c2ccccc12,p_exp_CO2,-6.431798276
1941,[*]c1c(C)cc(-c2cc(C)c(N3C(=O)c4cc5c(cc4C3=O)C3(C)c4ccc(cc4)C5(C)c4cc5c(cc43)C(=O)N([*])C5=O)c3ccccc23)c2ccccc12,p_exp_H2,-6.515700161
1942,[*]c1c(C)cc(-c2cc(C)c(N3C(=O)c4cc5c(cc4C3=O)C3(C)c4ccc(cc4)C5(C)c4cc5c(cc43)C(=O)N([*])C5=O)c3ccccc23)c2ccccc12,p_exp_He,-6.928117993
1943,[*]c1c(C)cc(-c2cc(C)c(N3C(=O)c4cc5c(cc4C3=O)C3(C)c4ccc(cc4)C5(C)c4cc5c(cc43)C(=O)N([*])C5=O)c3ccccc23)c2ccccc12,p_exp_N2,-7.739928612
1944,[*]c1c(C)cc(-c2cc(C)c(N3C(=O)c4cc5c(cc4C3=O)C3(C)c4ccc(cc4)C5(C)c4cc5c(cc43)C(=O)N([*])C5=O)c3ccccc23)c2ccccc12,p_exp_O2,-7.106238238
1945,[*]c1c(C)cc(-c2cc(C)c(N3C(=O)c4cc5c(cc4C3=O)C3(CC(C)(C)c4cc6c(cc43)C(=O)N([*])C6=O)CC5(C)C)c3ccccc23)c2ccccc12,p_exp_CH4,-7.444905551
1946,[*]c1c(C)cc(-c2cc(C)c(N3C(=O)c4cc5c(cc4C3=O)C3(CC(C)(C)c4cc6c(cc43)C(=O)N([*])C6=O)CC5(C)C)c3ccccc23)c2ccccc12,p_exp_CO2,-6.394694954
1947,[*]c1c(C)cc(-c2cc(C)c(N3C(=O)c4cc5c(cc4C3=O)C3(CC(C)(C)c4cc6c(cc43)C(=O)N([*])C6=O)CC5(C)C)c3ccccc23)c2ccccc12,p_exp_H2,-6.790484985
1948,[*]c1c(C)cc(-c2cc(C)c(N3C(=O)c4cc5c(cc4C3=O)C3(CC(C)(C)c4cc6c(cc43)C(=O)N([*])C6=O)CC5(C)C)c3ccccc23)c2ccccc12,p_exp_He,-7.204119983
1949,[*]c1c(C)cc(-c2cc(C)c(N3C(=O)c4cc5c(cc4C3=O)C3(CC(C)(C)c4cc6c(cc43)C(=O)N([*])C6=O)CC5(C)C)c3ccccc23)c2ccccc12,p_exp_N2,-7.673664139
1950,[*]c1c(C)cc(-c2cc(C)c(N3C(=O)c4cc5c(cc4C3=O)C3(CC(C)(C)c4cc6c(cc43)C(=O)N([*])C6=O)CC5(C)C)c3ccccc23)c2ccccc12,p_exp_O2,-7.193820026
1951,[*]c1c(C)cc(-c2cccc3c(-n4c(=O)c5cc6oc7cc8c(cc7oc6cc5c4=O)C4(CC(C)(C)c5cc6oc7cc9c(=O)n([*])c(=O)c9cc7oc6cc54)CC8(C)C)c(C)ccc23)c2ccccc12,p_exp_CH4,-7.585026652
1952,[*]c1c(C)cc(-c2cccc3c(-n4c(=O)c5cc6oc7cc8c(cc7oc6cc5c4=O)C4(CC(C)(C)c5cc6oc7cc9c(=O)n([*])c(=O)c9cc7oc6cc54)CC8(C)C)c(C)ccc23)c2ccccc12,p_exp_CO2,-6.431798276
1953,[*]c1c(C)cc(-c2cccc3c(-n4c(=O)c5cc6oc7cc8c(cc7oc6cc5c4=O)C4(CC(C)(C)c5cc6oc7cc9c(=O)n([*])c(=O)c9cc7oc6cc54)CC8(C)C)c(C)ccc23)c2ccccc12,p_exp_H2,-6.795880017
1954,[*]c1c(C)cc(-c2cccc3c(-n4c(=O)c5cc6oc7cc8c(cc7oc6cc5c4=O)C4(CC(C)(C)c5cc6oc7cc9c(=O)n([*])c(=O)c9cc7oc6cc54)CC8(C)C)c(C)ccc23)c2ccccc12,p_exp_He,-7.180456064
1955,[*]c1c(C)cc(-c2cccc3c(-n4c(=O)c5cc6oc7cc8c(cc7oc6cc5c4=O)C4(CC(C)(C)c5cc6oc7cc9c(=O)n([*])c(=O)c9cc7oc6cc54)CC8(C)C)c(C)ccc23)c2ccccc12,p_exp_N2,-7.795880017
1956,[*]c1c(C)cc(-c2cccc3c(-n4c(=O)c5cc6oc7cc8c(cc7oc6cc5c4=O)C4(CC(C)(C)c5cc6oc7cc9c(=O)n([*])c(=O)c9cc7oc6cc54)CC8(C)C)c(C)ccc23)c2ccccc12,p_exp_O2,-7.263603498
1957,[*]c1c(C)cc(C)c(-n2c(=O)c3cc4c(=O)n([*])c(=O)c4cc3c2=O)c1C,p_exp_H2,-7.628932138
1958,[*]c1c(C)cc(C)c(-n2c(=O)c3cc4c(=O)n([*])c(=O)c4cc3c2=O)c1C,p_exp_N2,-9.073657553
1959,[*]c1c(C)cc(C)c(-n2c(=O)c3cc4c(=O)n([*])c(=O)c4cc3c2=O)c1C,p_exp_O2,-8.440093375
1960,[*]c1c(C)cc(C)c(N2C(=O)c3ccc(-c4ccc5c(c4)C(=O)N([*])C5=O)cc3C2=O)c1C,p_exp_CH4,-9.094743951
1961,[*]c1c(C)cc(C)c(N2C(=O)c3ccc(-c4ccc5c(c4)C(=O)N([*])C5=O)cc3C2=O)c1C,p_exp_CO2,-7.795880017
1962,[*]c1c(C)cc(C)c(N2C(=O)c3ccc(-c4ccc5c(c4)C(=O)N([*])C5=O)cc3C2=O)c1C,p_exp_H2,-7.68613278
1963,[*]c1c(C)cc(C)c(N2C(=O)c3ccc(-c4ccc5c(c4)C(=O)N([*])C5=O)cc3C2=O)c1C,p_exp_N2,-9.099086932
1964,[*]c1c(C)cc(C)c(N2C(=O)c3ccc(-c4ccc5c(c4)C(=O)N([*])C5=O)cc3C2=O)c1C,p_exp_O2,-8.476253533
1965,[*]c1c(C)cc(C)c(N2C(=O)c3ccc(C(=O)c4ccc5c(c4)C(=O)N([*])C5=O)cc3C2=O)c1C,p_exp_CH4,-9.903089987
1966,[*]c1c(C)cc(C)c(N2C(=O)c3ccc(C(=O)c4ccc5c(c4)C(=O)N([*])C5=O)cc3C2=O)c1C,p_exp_CO2,-8.510041521
1967,[*]c1c(C)cc(C)c(N2C(=O)c3ccc(C(=O)c4ccc5c(c4)C(=O)N([*])C5=O)cc3C2=O)c1C,p_exp_H2,-8.235077015
1968,[*]c1c(C)cc(C)c(N2C(=O)c3ccc(C(=O)c4ccc5c(c4)C(=O)N([*])C5=O)cc3C2=O)c1C,p_exp_N2,-9.89279003
1969,[*]c1c(C)cc(C)c(N2C(=O)c3ccc(C(=O)c4ccc5c(c4)C(=O)N([*])C5=O)cc3C2=O)c1C,p_exp_O2,-9.181774106
1970,[*]c1c(C)cc(C)c(N2C(=O)c3ccc(C(c4ccc5c(c4)C(=O)N([*])C5=O)(C(F)(F)F)C(F)(F)F)cc3C2=O)c1C,p_exp_CH4,-8.632644079
1971,[*]c1c(C)cc(C)c(N2C(=O)c3ccc(C(c4ccc5c(c4)C(=O)N([*])C5=O)(C(F)(F)F)C(F)(F)F)cc3C2=O)c1C,p_exp_CO2,-7.303643611
1972,[*]c1c(C)cc(C)c(N2C(=O)c3ccc(C(c4ccc5c(c4)C(=O)N([*])C5=O)(C(F)(F)F)C(F)(F)F)cc3C2=O)c1C,p_exp_H2,-7.325138859
1973,[*]c1c(C)cc(C)c(N2C(=O)c3ccc(C(c4ccc5c(c4)C(=O)N([*])C5=O)(C(F)(F)F)C(F)(F)F)cc3C2=O)c1C,p_exp_N2,-8.552841969
1974,[*]c1c(C)cc(C)c(N2C(=O)c3ccc(C(c4ccc5c(c4)C(=O)N([*])C5=O)(C(F)(F)F)C(F)(F)F)cc3C2=O)c1C,p_exp_O2,-7.987162775
1975,[*]c1c(C)cc(C)c(N2C(=O)c3ccc(Oc4ccc(Oc5ccc6c(c5)C(=O)N([*])C6=O)cc4)cc3C2=O)c1C,p_exp_H2,-8.397940009
1976,[*]c1c(C)cc(C)c(N2C(=O)c3ccc(Oc4ccc(Oc5ccc6c(c5)C(=O)N([*])C6=O)cc4)cc3C2=O)c1C,p_exp_N2,-10.13548892
1977,[*]c1c(C)cc(C)c(N2C(=O)c3ccc(Oc4ccc(Oc5ccc6c(c5)C(=O)N([*])C6=O)cc4)cc3C2=O)c1C,p_exp_O2,-9.354577731
1978,[*]c1c(C)cc(C)c(N2C(=O)c3ccc(S(=O)(=O)c4ccc5c(c4)C(=O)N([*])C5=O)cc3C2=O)c1C,p_exp_H2,-8.326979093
1979,[*]c1c(C)cc(C)c(N2C(=O)c3ccc(S(=O)(=O)c4ccc5c(c4)C(=O)N([*])C5=O)cc3C2=O)c1C,p_exp_N2,-9.991399828
1980,[*]c1c(C)cc(C)c(N2C(=O)c3ccc(S(=O)(=O)c4ccc5c(c4)C(=O)N([*])C5=O)cc3C2=O)c1C,p_exp_O2,-9.244887734
1981,[*]c1c(C)cc(C)c(N2C(=O)c3ccc(Sc4ccc5c(c4)C(=O)N([*])C5=O)cc3C2=O)c1C,p_exp_H2,-8.163675884
1982,[*]c1c(C)cc(C)c(N2C(=O)c3ccc(Sc4ccc5c(c4)C(=O)N([*])C5=O)cc3C2=O)c1C,p_exp_N2,-9.790484985
1983,[*]c1c(C)cc(C)c(N2C(=O)c3ccc(Sc4ccc5c(c4)C(=O)N([*])C5=O)cc3C2=O)c1C,p_exp_O2,-9.086186148
1984,[*]c1c(C)cc2c(c1C)CN1CN2Cc2c1cc(C)c(-n1c(=O)c3cc4c(=O)n([*])c(=O)c4cc3c1=O)c2C,p_exp_CH4,-7.443697499
1985,[*]c1c(C)cc2c(c1C)CN1CN2Cc2c1cc(C)c(-n1c(=O)c3cc4c(=O)n([*])c(=O)c4cc3c1=O)c2C,p_exp_CO2,-6.350665141
1986,[*]c1c(C)cc2c(c1C)CN1CN2Cc2c1cc(C)c(-n1c(=O)c3cc4c(=O)n([*])c(=O)c4cc3c1=O)c2C,p_exp_H2,-6.48148606
1987,[*]c1c(C)cc2c(c1C)CN1CN2Cc2c1cc(C)c(-n1c(=O)c3cc4c(=O)n([*])c(=O)c4cc3c1=O)c2C,p_exp_N2,-7.537602002
1988,[*]c1c(C)cc2c(c1C)CN1CN2Cc2c1cc(C)c(-n1c(=O)c3cc4c(=O)n([*])c(=O)c4cc3c1=O)c2C,p_exp_O2,-6.966576245
1989,[*]c1c(C)cc2c(c1C)CN1CN2Cc2c1cc(C)c(N1C(=O)c3cc4c(cc3C1=O)C1(CC(C)(C)c3cc5c(cc31)C(=O)N([*])C5=O)CC4(C)C)c2C,p_exp_CH4,-7.228412519
1990,[*]c1c(C)cc2c(c1C)CN1CN2Cc2c1cc(C)c(N1C(=O)c3cc4c(cc3C1=O)C1(CC(C)(C)c3cc5c(cc31)C(=O)N([*])C5=O)CC4(C)C)c2C,p_exp_CO2,-6.289036881
1991,[*]c1c(C)cc2c(c1C)CN1CN2Cc2c1cc(C)c(N1C(=O)c3cc4c(cc3C1=O)C1(CC(C)(C)c3cc5c(cc31)C(=O)N([*])C5=O)CC4(C)C)c2C,p_exp_H2,-6.494850022
1992,[*]c1c(C)cc2c(c1C)CN1CN2Cc2c1cc(C)c(N1C(=O)c3cc4c(cc3C1=O)C1(CC(C)(C)c3cc5c(cc31)C(=O)N([*])C5=O)CC4(C)C)c2C,p_exp_N2,-7.428291168
1993,[*]c1c(C)cc2c(c1C)CN1CN2Cc2c1cc(C)c(N1C(=O)c3cc4c(cc3C1=O)C1(CC(C)(C)c3cc5c(cc31)C(=O)N([*])C5=O)CC4(C)C)c2C,p_exp_O2,-6.946921557
1994,[*]c1c(C)cc2c(c1C)CN1CN2Cc2c1cc(C)c(N1C(=O)c3cc4c(cc3C1=O)C1(c3ccccc3-c3cc5c(cc31)C(=O)N([*])C5=O)c1ccccc1-4)c2C,p_exp_CH4,-7.43062609
1995,[*]c1c(C)cc2c(c1C)CN1CN2Cc2c1cc(C)c(N1C(=O)c3cc4c(cc3C1=O)C1(c3ccccc3-c3cc5c(cc31)C(=O)N([*])C5=O)c1ccccc1-4)c2C,p_exp_CO2,-6.348721986
1996,[*]c1c(C)cc2c(c1C)CN1CN2Cc2c1cc(C)c(N1C(=O)c3cc4c(cc3C1=O)C1(c3ccccc3-c3cc5c(cc31)C(=O)N([*])C5=O)c1ccccc1-4)c2C,p_exp_H2,-6.537602002
1997,[*]c1c(C)cc2c(c1C)CN1CN2Cc2c1cc(C)c(N1C(=O)c3cc4c(cc3C1=O)C1(c3ccccc3-c3cc5c(cc31)C(=O)N([*])C5=O)c1ccccc1-4)c2C,p_exp_N2,-7.578396073
1998,[*]c1c(C)cc2c(c1C)CN1CN2Cc2c1cc(C)c(N1C(=O)c3cc4c(cc3C1=O)C1(c3ccccc3-c3cc5c(cc31)C(=O)N([*])C5=O)c1ccccc1-4)c2C,p_exp_O2,-7.026410377
1999,[*]c1c(C)cc2c(c1C)CN1CN2Cc2c1cc(C)c(N1C(=O)c3ccc(C(c4ccc5c(c4)C(=O)N([*])C5=O)(C(F)(F)F)C(F)(F)F)cc3C1=O)c2C,p_exp_CH4,-7.935542011
2000,[*]c1c(C)cc2c(c1C)CN1CN2Cc2c1cc(C)c(N1C(=O)c3ccc(C(c4ccc5c(c4)C(=O)N([*])C5=O)(C(F)(F)F)C(F)(F)F)cc3C1=O)c2C,p_exp_CO2,-6.777283529
2001,[*]c1c(C)cc2c(c1C)CN1CN2Cc2c1cc(C)c(N1C(=O)c3ccc(C(c4ccc5c(c4)C(=O)N([*])C5=O)(C(F)(F)F)C(F)(F)F)cc3C1=O)c2C,p_exp_H2,-6.838631998
2002,[*]c1c(C)cc2c(c1C)CN1CN2Cc2c1cc(C)c(N1C(=O)c3ccc(C(c4ccc5c(c4)C(=O)N([*])C5=O)(C(F)(F)F)C(F)(F)F)cc3C1=O)c2C,p_exp_N2,-7.876148359
2003,[*]c1c(C)cc2c(c1C)CN1CN2Cc2c1cc(C)c(N1C(=O)c3ccc(C(c4ccc5c(c4)C(=O)N([*])C5=O)(C(F)(F)F)C(F)(F)F)cc3C1=O)c2C,p_exp_O2,-7.389339837
2004,[*]c1cc(-c2nc3ccc(-c4ccc5[nH]c(-c6ccc(C([*])(C(F)(F)F)C(F)(F)F)cc6)nc5c4)cc3[nH]2)cc(C(C)(C)C)c1,p_exp_CH4,-11.15490196
2005,[*]c1cc(-c2nc3ccc(-c4ccc5[nH]c(-c6ccc(C([*])(C(F)(F)F)C(F)(F)F)cc6)nc5c4)cc3[nH]2)cc(C(C)(C)C)c1,p_exp_CO2,-9.536107011
2006,[*]c1cc(-c2nc3ccc(-c4ccc5[nH]c(-c6ccc(C([*])(C(F)(F)F)C(F)(F)F)cc6)nc5c4)cc3[nH]2)cc(C(C)(C)C)c1,p_exp_H2,-8.913640169
2007,[*]c1cc(-c2nc3ccc(-c4ccc5[nH]c(-c6ccc(C([*])(C(F)(F)F)C(F)(F)F)cc6)nc5c4)cc3[nH]2)cc(C(C)(C)C)c1,p_exp_He,-8.88941029
2008,[*]c1cc(-c2nc3ccc(-c4ccc5[nH]c(-c6ccc(C([*])(C(F)(F)F)C(F)(F)F)cc6)nc5c4)cc3[nH]2)cc(C(C)(C)C)c1,p_exp_N2,-10.88605665
2009,[*]c1cc(-c2nc3ccc(-c4ccc5[nH]c(-c6ccc(C([*])(C(F)(F)F)C(F)(F)F)cc6)nc5c4)cc3[nH]2)cc(C(C)(C)C)c1,p_exp_O2,-10.22184875
2010,[*]c1cc(-c2nc3ccc(-c4ccc5[nH]c([*])nc5c4)cc3[nH]2)cc(C(C)(C)C)c1,p_exp_CH4,-11.30103
2011,[*]c1cc(-c2nc3ccc(-c4ccc5[nH]c([*])nc5c4)cc3[nH]2)cc(C(C)(C)C)c1,p_exp_CO2,-9.718966633
2012,[*]c1cc(-c2nc3ccc(-c4ccc5[nH]c([*])nc5c4)cc3[nH]2)cc(C(C)(C)C)c1,p_exp_H2,-8.970616222
2013,[*]c1cc(-c2nc3ccc(-c4ccc5[nH]c([*])nc5c4)cc3[nH]2)cc(C(C)(C)C)c1,p_exp_He,-8.995678626
2014,[*]c1cc(-c2nc3ccc(-c4ccc5[nH]c([*])nc5c4)cc3[nH]2)cc(C(C)(C)C)c1,p_exp_N2,-11.22184875
2015,[*]c1cc(-c2nc3ccc(-c4ccc5[nH]c([*])nc5c4)cc3[nH]2)cc(C(C)(C)C)c1,p_exp_O2,-10.37675071
2016,[*]c1cc(-c2nc3ccc(-c4ccc5c(c4)nc([*])n5C[Si](C)(C)C)cc3n2C[Si](C)(C)C)cc(C(C)(C)C)c1,p_exp_He,-8.575118363
2017,[*]c1cc(Br)c(OC(=O)Oc2c(Br)cc(C([*])(C)C)cc2Br)c(Br)c1,p_exp_CH4,-10.29584948
2018,[*]c1cc(Br)c(OC(=O)Oc2c(Br)cc(C([*])(C)C)cc2Br)c(Br)c1,p_exp_CO2,-8.742321425
2019,[*]c1cc(Br)c(OC(=O)Oc2c(Br)cc(C([*])(C)C)cc2Br)c(Br)c1,p_exp_H2,-8.366531544
2020,[*]c1cc(Br)c(OC(=O)Oc2c(Br)cc(C([*])(C)C)cc2Br)c(Br)c1,p_exp_He,-8.229884705
2021,[*]c1cc(Br)c(OC(=O)Oc2c(Br)cc(C([*])(C)C)cc2Br)c(Br)c1,p_exp_N2,-10.00174066
2022,[*]c1cc(Br)c(OC(=O)Oc2c(Br)cc(C([*])(C)C)cc2Br)c(Br)c1,p_exp_O2,-9.254144805
2023,[*]c1cc(Br)c(OC(=O)c2cccc(C(=O)Oc3c(Br)cc(C([*])(C)C)cc3Br)c2)c(Br)c1,p_exp_CH4,-10.30980392
2024,[*]c1cc(Br)c(OC(=O)c2cccc(C(=O)Oc3c(Br)cc(C([*])(C)C)cc3Br)c2)c(Br)c1,p_exp_CO2,-8.910094889
2025,[*]c1cc(Br)c(OC(=O)c2cccc(C(=O)Oc3c(Br)cc(C([*])(C)C)cc3Br)c2)c(Br)c1,p_exp_H2,-8.749579998
2026,[*]c1cc(Br)c(OC(=O)c2cccc(C(=O)Oc3c(Br)cc(C([*])(C)C)cc3Br)c2)c(Br)c1,p_exp_He,-8.787812396
2027,[*]c1cc(Br)c(OC(=O)c2cccc(C(=O)Oc3c(Br)cc(C([*])(C)C)cc3Br)c2)c(Br)c1,p_exp_N2,-10.28903688
2028,[*]c1cc(Br)c(OC(=O)c2cccc(C(=O)Oc3c(Br)cc(C([*])(C)C)cc3Br)c2)c(Br)c1,p_exp_O2,-9.474955193
2029,[*]c1cc(Br)c(OCC(=O)c2cccc(C(=O)Oc3c(Br)cc(C([*])(C)C)cc3Br)c2)c(Br)c1,p_exp_CH4,-10.84771166
2030,[*]c1cc(Br)c(OCC(=O)c2cccc(C(=O)Oc3c(Br)cc(C([*])(C)C)cc3Br)c2)c(Br)c1,p_exp_CO2,-9.307153081
2031,[*]c1cc(Br)c(OCC(=O)c2cccc(C(=O)Oc3c(Br)cc(C([*])(C)C)cc3Br)c2)c(Br)c1,p_exp_H2,-8.73754891
2032,[*]c1cc(Br)c(OCC(=O)c2cccc(C(=O)Oc3c(Br)cc(C([*])(C)C)cc3Br)c2)c(Br)c1,p_exp_He,-8.787812396
2033,[*]c1cc(Br)c(OCC(=O)c2cccc(C(=O)Oc3c(Br)cc(C([*])(C)C)cc3Br)c2)c(Br)c1,p_exp_N2,-10.74472749
2034,[*]c1cc(Br)c(OCC(=O)c2cccc(C(=O)Oc3c(Br)cc(C([*])(C)C)cc3Br)c2)c(Br)c1,p_exp_O2,-9.886056648
2035,[*]c1cc(C(=O)OC)cc(N2C(=O)c3ccc(Oc4ccc(Oc5ccc6c(c5)C(=O)N([*])C6=O)cc4)cc3C2=O)c1,p_exp_CO2,-9.928117993
2036,[*]c1cc(C(=O)OC)cc(N2C(=O)c3ccc(Oc4ccc(Oc5ccc6c(c5)C(=O)N([*])C6=O)cc4)cc3C2=O)c1,p_exp_H2,-9.273272791
2037,[*]c1cc(C(=O)OC)cc(N2C(=O)c3ccc(Oc4ccc(Oc5ccc6c(c5)C(=O)N([*])C6=O)cc4)cc3C2=O)c1,p_exp_N2,-11.46852108
2038,[*]c1cc(C(=O)OC)cc(N2C(=O)c3ccc(Oc4ccc(Oc5ccc6c(c5)C(=O)N([*])C6=O)cc4)cc3C2=O)c1,p_exp_O2,-10.63078414
2039,[*]c1cc(C(=O)OCC)cc(N2C(=O)c3ccc(Oc4ccc(Oc5ccc6c(c5)C(=O)N([*])C6=O)cc4)cc3C2=O)c1,p_exp_CO2,-9.645891561
2040,[*]c1cc(C(=O)OCC)cc(N2C(=O)c3ccc(Oc4ccc(Oc5ccc6c(c5)C(=O)N([*])C6=O)cc4)cc3C2=O)c1,p_exp_H2,-9.108462542
2041,[*]c1cc(C(=O)OCC)cc(N2C(=O)c3ccc(Oc4ccc(Oc5ccc6c(c5)C(=O)N([*])C6=O)cc4)cc3C2=O)c1,p_exp_N2,-11.11350927
2042,[*]c1cc(C(=O)OCC)cc(N2C(=O)c3ccc(Oc4ccc(Oc5ccc6c(c5)C(=O)N([*])C6=O)cc4)cc3C2=O)c1,p_exp_O2,-10.27654433
2043,[*]c1cc(C(=O)[O-])cc(N2C(=O)c3ccc(C(c4ccc5c(c4)C(=O)N([*])C5=O)(C(F)(F)F)C(F)(F)F)cc3C2=O)c1,p_exp_CH4,-10.47886192
2044,[*]c1cc(C(=O)[O-])cc(N2C(=O)c3ccc(C(c4ccc5c(c4)C(=O)N([*])C5=O)(C(F)(F)F)C(F)(F)F)cc3C2=O)c1,p_exp_CO2,-8.769551079
2045,[*]c1cc(C(=O)[O-])cc(N2C(=O)c3ccc(C(c4ccc5c(c4)C(=O)N([*])C5=O)(C(F)(F)F)C(F)(F)F)cc3C2=O)c1,p_exp_H2,-8.304518324
2046,[*]c1cc(C(=O)[O-])cc(N2C(=O)c3ccc(C(c4ccc5c(c4)C(=O)N([*])C5=O)(C(F)(F)F)C(F)(F)F)cc3C2=O)c1,p_exp_N2,-10.2487209
2047,[*]c1cc(C(=O)[O-])cc(N2C(=O)c3ccc(C(c4ccc5c(c4)C(=O)N([*])C5=O)(C(F)(F)F)C(F)(F)F)cc3C2=O)c1,p_exp_O2,-9.448550002
2048,[*]c1cc(C(=O)[O-])cc(N2C(=O)c3ccc(Oc4ccc(Oc5ccc6c(c5)C(=O)N([*])C6=O)cc4)cc3C2=O)c1,p_exp_CH4,-11.67985371
2049,[*]c1cc(C(=O)[O-])cc(N2C(=O)c3ccc(Oc4ccc(Oc5ccc6c(c5)C(=O)N([*])C6=O)cc4)cc3C2=O)c1,p_exp_CO2,-9.779891912
2050,[*]c1cc(C(=O)[O-])cc(N2C(=O)c3ccc(Oc4ccc(Oc5ccc6c(c5)C(=O)N([*])C6=O)cc4)cc3C2=O)c1,p_exp_H2,-9.106238238
2051,[*]c1cc(C(=O)[O-])cc(N2C(=O)c3ccc(Oc4ccc(Oc5ccc6c(c5)C(=O)N([*])C6=O)cc4)cc3C2=O)c1,p_exp_N2,-11.44733178
2052,[*]c1cc(C(=O)[O-])cc(N2C(=O)c3ccc(Oc4ccc(Oc5ccc6c(c5)C(=O)N([*])C6=O)cc4)cc3C2=O)c1,p_exp_O2,-10.44855
2053,[*]c1cc(C)c(-c2ccc(CN3C(=O)c4ccc(C(c5ccc6c(c5)C(=O)N(Cc5ccc([*])c(C)c5C)C6=O)C(F)(F)F)cc4C3=O)c(C)c2C)cc1C.CC(F)(F)F,p_exp_CH4,-9.251811973
2054,[*]c1cc(C)c(-c2ccc(CN3C(=O)c4ccc(C(c5ccc6c(c5)C(=O)N(Cc5ccc([*])c(C)c5C)C6=O)C(F)(F)F)cc4C3=O)c(C)c2C)cc1C.CC(F)(F)F,p_exp_CO2,-7.721246399
2055,[*]c1cc(C)c(-c2ccc(CN3C(=O)c4ccc(C(c5ccc6c(c5)C(=O)N(Cc5ccc([*])c(C)c5C)C6=O)C(F)(F)F)cc4C3=O)c(C)c2C)cc1C.CC(F)(F)F,p_exp_H2,-7.677780705
2056,[*]c1cc(C)c(-c2ccc(CN3C(=O)c4ccc(C(c5ccc6c(c5)C(=O)N(Cc5ccc([*])c(C)c5C)C6=O)C(F)(F)F)cc4C3=O)c(C)c2C)cc1C.CC(F)(F)F,p_exp_He,-7.795880017
2057,[*]c1cc(C)c(-c2ccc(CN3C(=O)c4ccc(C(c5ccc6c(c5)C(=O)N(Cc5ccc([*])c(C)c5C)C6=O)C(F)(F)F)cc4C3=O)c(C)c2C)cc1C.CC(F)(F)F,p_exp_N2,-9.13667714
2058,[*]c1cc(C)c(-c2ccc(CN3C(=O)c4ccc(C(c5ccc6c(c5)C(=O)N(Cc5ccc([*])c(C)c5C)C6=O)C(F)(F)F)cc4C3=O)c(C)c2C)cc1C.CC(F)(F)F,p_exp_O2,-8.494850022
2059,[*]c1cc(C)c(-n2c(=O)c3cc4oc5cc6c(cc5oc4cc3c2=O)C2(C(C)C)c3cc4oc5cc7c(=O)n(-c8c(C)cc([*])cc8C)c(=O)c7cc5oc4cc3C23c2ccccc2C63C(C)C)c(C)c1,p_exp_CH4,-7.995678626
2060,[*]c1cc(C)c(-n2c(=O)c3cc4oc5cc6c(cc5oc4cc3c2=O)C2(C(C)C)c3cc4oc5cc7c(=O)n(-c8c(C)cc([*])cc8C)c(=O)c7cc5oc4cc3C23c2ccccc2C63C(C)C)c(C)c1,p_exp_CO2,-6.684029655
2061,[*]c1cc(C)c(-n2c(=O)c3cc4oc5cc6c(cc5oc4cc3c2=O)C2(C(C)C)c3cc4oc5cc7c(=O)n(-c8c(C)cc([*])cc8C)c(=O)c7cc5oc4cc3C23c2ccccc2C63C(C)C)c(C)c1,p_exp_H2,-6.625251654
2062,[*]c1cc(C)c(-n2c(=O)c3cc4oc5cc6c(cc5oc4cc3c2=O)C2(C(C)C)c3cc4oc5cc7c(=O)n(-c8c(C)cc([*])cc8C)c(=O)c7cc5oc4cc3C23c2ccccc2C63C(C)C)c(C)c1,p_exp_He,-6.987162775
2063,[*]c1cc(C)c(-n2c(=O)c3cc4oc5cc6c(cc5oc4cc3c2=O)C2(C(C)C)c3cc4oc5cc7c(=O)n(-c8c(C)cc([*])cc8C)c(=O)c7cc5oc4cc3C23c2ccccc2C63C(C)C)c(C)c1,p_exp_N2,-8.008773924
2064,[*]c1cc(C)c(-n2c(=O)c3cc4oc5cc6c(cc5oc4cc3c2=O)C2(C(C)C)c3cc4oc5cc7c(=O)n(-c8c(C)cc([*])cc8C)c(=O)c7cc5oc4cc3C23c2ccccc2C63C(C)C)c(C)c1,p_exp_O2,-7.30980392
2065,[*]c1cc(C)c(C)c(N2C(=O)c3ccc(Oc4cc(C)c(Oc5ccc6c(c5)C(=O)N([*])C6=O)c(C)c4C)cc3C2=O)c1C,p_exp_CH4,-9.397940009
2066,[*]c1cc(C)c(C)c(N2C(=O)c3ccc(Oc4cc(C)c(Oc5ccc6c(c5)C(=O)N([*])C6=O)c(C)c4C)cc3C2=O)c1C,p_exp_CO2,-7.958607315
2067,[*]c1cc(C)c(C)c(N2C(=O)c3ccc(Oc4cc(C)c(Oc5ccc6c(c5)C(=O)N([*])C6=O)c(C)c4C)cc3C2=O)c1C,p_exp_H2,-7.886056648
2068,[*]c1cc(C)c(C)c(N2C(=O)c3ccc(Oc4cc(C)c(Oc5ccc6c(c5)C(=O)N([*])C6=O)c(C)c4C)cc3C2=O)c1C,p_exp_He,-8.060480747
2069,[*]c1cc(C)c(C)c(N2C(=O)c3ccc(Oc4cc(C)c(Oc5ccc6c(c5)C(=O)N([*])C6=O)c(C)c4C)cc3C2=O)c1C,p_exp_N2,-9.420216403
2070,[*]c1cc(C)c(C)c(N2C(=O)c3ccc(Oc4cc(C)c(Oc5ccc6c(c5)C(=O)N([*])C6=O)c(C)c4C)cc3C2=O)c1C,p_exp_O2,-8.744727495
2071,[*]c1cc(C)c(CN2C(=O)c3ccc(C(c4ccc5c(c4)C(=O)N(Cc4c(C)cc(-c6cc(C)c([*])cc6C)cc4C)C5=O)C(F)(F)F)cc3C2=O)c(C)c1.CC(F)(F)F,p_exp_CH4,-8.823908741
2072,[*]c1cc(C)c(CN2C(=O)c3ccc(C(c4ccc5c(c4)C(=O)N(Cc4c(C)cc(-c6cc(C)c([*])cc6C)cc4C)C5=O)C(F)(F)F)cc3C2=O)c(C)c1.CC(F)(F)F,p_exp_CO2,-7.443697499
2073,[*]c1cc(C)c(CN2C(=O)c3ccc(C(c4ccc5c(c4)C(=O)N(Cc4c(C)cc(-c6cc(C)c([*])cc6C)cc4C)C5=O)C(F)(F)F)cc3C2=O)c(C)c1.CC(F)(F)F,p_exp_H2,-7.455931956
2074,[*]c1cc(C)c(CN2C(=O)c3ccc(C(c4ccc5c(c4)C(=O)N(Cc4c(C)cc(-c6cc(C)c([*])cc6C)cc4C)C5=O)C(F)(F)F)cc3C2=O)c(C)c1.CC(F)(F)F,p_exp_He,-7.638272164
2075,[*]c1cc(C)c(CN2C(=O)c3ccc(C(c4ccc5c(c4)C(=O)N(Cc4c(C)cc(-c6cc(C)c([*])cc6C)cc4C)C5=O)C(F)(F)F)cc3C2=O)c(C)c1.CC(F)(F)F,p_exp_N2,-8.782516056
2076,[*]c1cc(C)c(CN2C(=O)c3ccc(C(c4ccc5c(c4)C(=O)N(Cc4c(C)cc(-c6cc(C)c([*])cc6C)cc4C)C5=O)C(F)(F)F)cc3C2=O)c(C)c1.CC(F)(F)F,p_exp_O2,-8.173925197
2077,[*]c1cc(C)c(CN2C(=O)c3ccc(C(c4ccc5c(c4)C(=O)N(Cc4cc(C)c(-c6cc(C)c([*])cc6C)cc4C)C5=O)C(F)(F)F)cc3C2=O)cc1C.CC(F)(F)F,p_exp_CH4,-9.721246399
2078,[*]c1cc(C)c(CN2C(=O)c3ccc(C(c4ccc5c(c4)C(=O)N(Cc4cc(C)c(-c6cc(C)c([*])cc6C)cc4C)C5=O)C(F)(F)F)cc3C2=O)cc1C.CC(F)(F)F,p_exp_CO2,-8.207608311
2079,[*]c1cc(C)c(CN2C(=O)c3ccc(C(c4ccc5c(c4)C(=O)N(Cc4cc(C)c(-c6cc(C)c([*])cc6C)cc4C)C5=O)C(F)(F)F)cc3C2=O)cc1C.CC(F)(F)F,p_exp_H2,-8
2080,[*]c1cc(C)c(CN2C(=O)c3ccc(C(c4ccc5c(c4)C(=O)N(Cc4cc(C)c(-c6cc(C)c([*])cc6C)cc4C)C5=O)C(F)(F)F)cc3C2=O)cc1C.CC(F)(F)F,p_exp_He,-8.075720714
2081,[*]c1cc(C)c(CN2C(=O)c3ccc(C(c4ccc5c(c4)C(=O)N(Cc4cc(C)c(-c6cc(C)c([*])cc6C)cc4C)C5=O)C(F)(F)F)cc3C2=O)cc1C.CC(F)(F)F,p_exp_N2,-9.619788758
2082,[*]c1cc(C)c(CN2C(=O)c3ccc(C(c4ccc5c(c4)C(=O)N(Cc4cc(C)c(-c6cc(C)c([*])cc6C)cc4C)C5=O)C(F)(F)F)cc3C2=O)cc1C.CC(F)(F)F,p_exp_O2,-8.920818754
2083,[*]c1cc(C)c(Cc2cc(C)c(N3C(=O)c4ccc(Oc5ccc(Oc6ccc7c(c6)C(=O)N([*])C7=O)cc5)cc4C3=O)cc2C)cc1C,p_exp_CH4,-11.3990271
2084,[*]c1cc(C)c(Cc2cc(C)c(N3C(=O)c4ccc(Oc5ccc(Oc6ccc7c(c6)C(=O)N([*])C7=O)cc5)cc4C3=O)cc2C)cc1C,p_exp_CO2,-9.642065153
2085,[*]c1cc(C)c(Cc2cc(C)c(N3C(=O)c4ccc(Oc5ccc(Oc6ccc7c(c6)C(=O)N([*])C7=O)cc5)cc4C3=O)cc2C)cc1C,p_exp_H2,-8.8569852
2086,[*]c1cc(C)c(Cc2cc(C)c(N3C(=O)c4ccc(Oc5ccc(Oc6ccc7c(c6)C(=O)N([*])C7=O)cc5)cc4C3=O)cc2C)cc1C,p_exp_N2,-11.19791074
2087,[*]c1cc(C)c(Cc2cc(C)c(N3C(=O)c4ccc(Oc5ccc(Oc6ccc7c(c6)C(=O)N([*])C7=O)cc5)cc4C3=O)cc2C)cc1C,p_exp_O2,-10.16877031
2088,[*]c1cc(C)c(N2C(=O)c3cc4c(cc3C2=O)C2(C)CCC4(C)c3cc4c(cc32)C(=O)N(c2c(C)cc([*])c3ccccc23)C4=O)c2ccccc12,p_exp_CH4,-7.3400838
2089,[*]c1cc(C)c(N2C(=O)c3cc4c(cc3C2=O)C2(C)CCC4(C)c3cc4c(cc32)C(=O)N(c2c(C)cc([*])c3ccccc23)C4=O)c2ccccc12,p_exp_CO2,-6.197910742
2090,[*]c1cc(C)c(N2C(=O)c3cc4c(cc3C2=O)C2(C)CCC4(C)c3cc4c(cc32)C(=O)N(c2c(C)cc([*])c3ccccc23)C4=O)c2ccccc12,p_exp_H2,-6.373659633
2091,[*]c1cc(C)c(N2C(=O)c3cc4c(cc3C2=O)C2(C)CCC4(C)c3cc4c(cc32)C(=O)N(c2c(C)cc([*])c3ccccc23)C4=O)c2ccccc12,p_exp_He,-6.801342913
2092,[*]c1cc(C)c(N2C(=O)c3cc4c(cc3C2=O)C2(C)CCC4(C)c3cc4c(cc32)C(=O)N(c2c(C)cc([*])c3ccccc23)C4=O)c2ccccc12,p_exp_N2,-7.432973634
2093,[*]c1cc(C)c(N2C(=O)c3cc4c(cc3C2=O)C2(C)CCC4(C)c3cc4c(cc32)C(=O)N(c2c(C)cc([*])c3ccccc23)C4=O)c2ccccc12,p_exp_O2,-6.860120914
2094,[*]c1cc(C)c(N2C(=O)c3cc4c(cc3C2=O)C2(c3ccccc3-4)c3ccccc3-c3cc4c(cc32)C(=O)N(c2c(C)cc([*])c3ccccc23)C4=O)c2ccccc12,p_exp_CH4,-7.4867824
2095,[*]c1cc(C)c(N2C(=O)c3cc4c(cc3C2=O)C2(c3ccccc3-4)c3ccccc3-c3cc4c(cc32)C(=O)N(c2c(C)cc([*])c3ccccc23)C4=O)c2ccccc12,p_exp_CO2,-6.327902142
2096,[*]c1cc(C)c(N2C(=O)c3cc4c(cc3C2=O)C2(c3ccccc3-4)c3ccccc3-c3cc4c(cc32)C(=O)N(c2c(C)cc([*])c3ccccc23)C4=O)c2ccccc12,p_exp_H2,-6.527243551
2097,[*]c1cc(C)c(N2C(=O)c3cc4c(cc3C2=O)C2(c3ccccc3-4)c3ccccc3-c3cc4c(cc32)C(=O)N(c2c(C)cc([*])c3ccccc23)C4=O)c2ccccc12,p_exp_N2,-7.645891561
2098,[*]c1cc(C)c(N2C(=O)c3cc4c(cc3C2=O)C2(c3ccccc3-4)c3ccccc3-c3cc4c(cc32)C(=O)N(c2c(C)cc([*])c3ccccc23)C4=O)c2ccccc12,p_exp_O2,-7.070581074
2099,[*]c1cc(C)c(N2C(=O)c3cc4c(cc3C2=O)OC2C=C3C(=CC2O4)C2(C(C)C)c4ccccc4C3(C(C)C)c3cc4oc5cc6c(=O)n(-c7c(C)cc([*])c8ccccc78)c(=O)c6cc5oc4cc32)c2ccccc12,p_exp_N2,-7.619788758
2100,[*]c1cc(C)c(N2C(=O)c3cc4c(cc3C2=O)OC2C=C3C(=CC2O4)C2(C(C)C)c4ccccc4C3(C(C)C)c3cc4oc5cc6c(=O)n(-c7c(C)cc([*])c8ccccc78)c(=O)c6cc5oc4cc32)c2ccccc12,p_exp_O2,-7.062983893
2101,[*]c1cc(C)c(N2C(=O)c3cc4c(cc3C2=O)OC2C=C3C(=CC2O4)C2(C(C)C)c4ccccc4C3(C(C)C)c3cc4oc5cc6c(=O)n(-c7c(C)cc([*])cc7C)c(=O)c6cc5oc4cc32)c(C)c1,p_exp_H2,-6.612610174
2102,[*]c1cc(C)c(N2C(=O)c3cc4c(cc3C2=O)OC2C=C3C(=CC2O4)C2(C(C)C)c4ccccc4C3(C(C)C)c3cc4oc5cc6c(=O)n(-c7c(C)cc([*])cc7C)c(=O)c6cc5oc4cc32)c(C)c1,p_exp_N2,-7.882728704
2103,[*]c1cc(C)c(N2C(=O)c3cc4c(cc3C2=O)OC2C=C3C(=CC2O4)C2(C(C)C)c4ccccc4C3(C(C)C)c3cc4oc5cc6c(=O)n(-c7c(C)cc([*])cc7C)c(=O)c6cc5oc4cc32)c(C)c1,p_exp_O2,-7.235077015
2104,[*]c1cc(C)c(N2C(=O)c3ccc(C(=O)Oc4ccc(C(c5ccc(OC(=O)c6ccc7c(c6)C(=O)N(c6c(C)cc([*])cc6C)C7=O)cc5)(C(F)(F)F)C(F)(F)F)cc4)cc3C2=O)c(C)c1,p_exp_H2,-8.420216403
2105,[*]c1cc(C)c(N2C(=O)c3ccc(C(=O)Oc4ccc(C(c5ccc(OC(=O)c6ccc7c(c6)C(=O)N(c6c(C)cc([*])cc6C)C7=O)cc5)(C(F)(F)F)C(F)(F)F)cc4)cc3C2=O)c(C)c1,p_exp_N2,-10.26042766
2106,[*]c1cc(C)c(N2C(=O)c3ccc(C(=O)Oc4ccc(C(c5ccc(OC(=O)c6ccc7c(c6)C(=O)N(c6c(C)cc([*])cc6C)C7=O)cc5)(C(F)(F)F)C(F)(F)F)cc4)cc3C2=O)c(C)c1,p_exp_O2,-9.519993057
2107,[*]c1cc(C)c(N2C(=O)c3ccc(C(c4ccc5c(c4)C(=O)N([*])C5=O)(C(F)(F)F)C(F)(F)F)cc3C2=O)cc1C,p_exp_CH4,-9.970616222
2108,[*]c1cc(C)c(N2C(=O)c3ccc(C(c4ccc5c(c4)C(=O)N([*])C5=O)(C(F)(F)F)C(F)(F)F)cc3C2=O)cc1C,p_exp_CO2,-8.369572125
2109,[*]c1cc(C)c(N2C(=O)c3ccc(C(c4ccc5c(c4)C(=O)N([*])C5=O)(C(F)(F)F)C(F)(F)F)cc3C2=O)cc1C,p_exp_H2,-7.924453039
2110,[*]c1cc(C)c(N2C(=O)c3ccc(C(c4ccc5c(c4)C(=O)N([*])C5=O)(C(F)(F)F)C(F)(F)F)cc3C2=O)cc1C,p_exp_N2,-9.573488739
2111,[*]c1cc(C)c(N2C(=O)c3ccc(C(c4ccc5c(c4)C(=O)N([*])C5=O)(C(F)(F)F)C(F)(F)F)cc3C2=O)cc1C,p_exp_O2,-8.872895202
2112,[*]c1cc(C)c(N2C(=O)c3ccc(C(c4ccc5c(c4)C(=O)N(c4c(C)cc(-c6cc(C)c([*])cc6C)cc4C)C5=O)(C(F)(F)F)C(F)(F)F)cc3C2=O)c(C)c1,p_exp_CH4,-8.910094889
2113,[*]c1cc(C)c(N2C(=O)c3ccc(C(c4ccc5c(c4)C(=O)N(c4c(C)cc(-c6cc(C)c([*])cc6C)cc4C)C5=O)(C(F)(F)F)C(F)(F)F)cc3C2=O)c(C)c1,p_exp_CO2,-7.630784143
2114,[*]c1cc(C)c(N2C(=O)c3ccc(C(c4ccc5c(c4)C(=O)N(c4c(C)cc(-c6cc(C)c([*])cc6C)cc4C)C5=O)(C(F)(F)F)C(F)(F)F)cc3C2=O)c(C)c1,p_exp_N2,-8.872895202
2115,[*]c1cc(C)c(N2C(=O)c3ccc(C(c4ccc5c(c4)C(=O)N(c4c(C)cc(-c6cc(C)c([*])cc6C)cc4C)C5=O)(C(F)(F)F)C(F)(F)F)cc3C2=O)c(C)c1,p_exp_O2,-8.259637311
2116,[*]c1cc(C)c(N2C(=O)c3ccc(C(c4ccc5c(c4)C(=O)N(c4c(C)cc([*])c6ccccc46)C5=O)(C(F)(F)F)C(F)(F)F)cc3C2=O)c2ccccc12,p_exp_CH4,-8.399027104
2117,[*]c1cc(C)c(N2C(=O)c3ccc(C(c4ccc5c(c4)C(=O)N(c4c(C)cc([*])c6ccccc46)C5=O)(C(F)(F)F)C(F)(F)F)cc3C2=O)c2ccccc12,p_exp_CO2,-7.018634491
2118,[*]c1cc(C)c(N2C(=O)c3ccc(C(c4ccc5c(c4)C(=O)N(c4c(C)cc([*])c6ccccc46)C5=O)(C(F)(F)F)C(F)(F)F)cc3C2=O)c2ccccc12,p_exp_N2,-8.43062609
2119,[*]c1cc(C)c(N2C(=O)c3ccc(C(c4ccc5c(c4)C(=O)N(c4c(C)cc([*])c6ccccc46)C5=O)(C(F)(F)F)C(F)(F)F)cc3C2=O)c2ccccc12,p_exp_O2,-7.850780887
2120,[*]c1cc(C)c(N2C(=O)c3ccc(Oc4cc(C(C)(C)C)c(Oc5ccc6c(c5)C(=O)N(c5c(C)cc([*])cc5C)C6=O)cc4C(C)(C)C)cc3C2=O)c(C)c1,p_exp_CH4,-9.251811973
2121,[*]c1cc(C)c(N2C(=O)c3ccc(Oc4cc(C(C)(C)C)c(Oc5ccc6c(c5)C(=O)N(c5c(C)cc([*])cc5C)C6=O)cc4C(C)(C)C)cc3C2=O)c(C)c1,p_exp_CO2,-8.022276395
2122,[*]c1cc(C)c(N2C(=O)c3ccc(Oc4cc(C(C)(C)C)c(Oc5ccc6c(c5)C(=O)N(c5c(C)cc([*])cc5C)C6=O)cc4C(C)(C)C)cc3C2=O)c(C)c1,p_exp_H2,-7.823908741
2123,[*]c1cc(C)c(N2C(=O)c3ccc(Oc4cc(C(C)(C)C)c(Oc5ccc6c(c5)C(=O)N(c5c(C)cc([*])cc5C)C6=O)cc4C(C)(C)C)cc3C2=O)c(C)c1,p_exp_N2,-9.30980392
2124,[*]c1cc(C)c(N2C(=O)c3ccc(Oc4cc(C(C)(C)C)c(Oc5ccc6c(c5)C(=O)N(c5c(C)cc([*])cc5C)C6=O)cc4C(C)(C)C)cc3C2=O)c(C)c1,p_exp_O2,-8.657577319
2125,[*]c1cc(C)c(N2C(=O)c3ccc(Oc4cc(C)c(Oc5ccc6c(c5)C(=O)N(c5c(C)cc([*])cc5C)C6=O)c(C)c4C)cc3C2=O)c(C)c1,p_exp_CH4,-9.920818754
2126,[*]c1cc(C)c(N2C(=O)c3ccc(Oc4cc(C)c(Oc5ccc6c(c5)C(=O)N(c5c(C)cc([*])cc5C)C6=O)c(C)c4C)cc3C2=O)c(C)c1,p_exp_CO2,-8.408935393
2127,[*]c1cc(C)c(N2C(=O)c3ccc(Oc4cc(C)c(Oc5ccc6c(c5)C(=O)N(c5c(C)cc([*])cc5C)C6=O)c(C)c4C)cc3C2=O)c(C)c1,p_exp_H2,-8.259637311
2128,[*]c1cc(C)c(N2C(=O)c3ccc(Oc4cc(C)c(Oc5ccc6c(c5)C(=O)N(c5c(C)cc([*])cc5C)C6=O)c(C)c4C)cc3C2=O)c(C)c1,p_exp_He,-8.408935393
2129,[*]c1cc(C)c(N2C(=O)c3ccc(Oc4cc(C)c(Oc5ccc6c(c5)C(=O)N(c5c(C)cc([*])cc5C)C6=O)c(C)c4C)cc3C2=O)c(C)c1,p_exp_N2,-9.920818754
2130,[*]c1cc(C)c(N2C(=O)c3ccc(Oc4cc(C)c(Oc5ccc6c(c5)C(=O)N(c5c(C)cc([*])cc5C)C6=O)c(C)c4C)cc3C2=O)c(C)c1,p_exp_O2,-9.187086643
2131,[*]c1cc(C)c(NC(=O)c2ccc(Oc3cc(C(C)(C)C)c(Oc4ccc(C(=O)Nc5c(C)cc(C([*])(C)C)cc5C)cc4)cc3C(C)(C)C)cc2)c(C)c1,p_exp_CH4,-9.649751982
2132,[*]c1cc(C)c(NC(=O)c2ccc(Oc3cc(C(C)(C)C)c(Oc4ccc(C(=O)Nc5c(C)cc(C([*])(C)C)cc5C)cc4)cc3C(C)(C)C)cc2)c(C)c1,p_exp_CO2,-8.366531544
2133,[*]c1cc(C)c(NC(=O)c2ccc(Oc3cc(C(C)(C)C)c(Oc4ccc(C(=O)Nc5c(C)cc(C([*])(C)C)cc5C)cc4)cc3C(C)(C)C)cc2)c(C)c1,p_exp_He,-8.22184875
2134,[*]c1cc(C)c(NC(=O)c2ccc(Oc3cc(C(C)(C)C)c(Oc4ccc(C(=O)Nc5c(C)cc(C([*])(C)C)cc5C)cc4)cc3C(C)(C)C)cc2)c(C)c1,p_exp_N2,-9.761953897
2135,[*]c1cc(C)c(NC(=O)c2ccc(Oc3cc(C(C)(C)C)c(Oc4ccc(C(=O)Nc5c(C)cc(C([*])(C)C)cc5C)cc4)cc3C(C)(C)C)cc2)c(C)c1,p_exp_O2,-9.027797162
2136,[*]c1cc(C)c(OC(=O)Oc2c(C)cc(C([*])(C(F)(F)F)C(F)(F)F)cc2C)c(C)c1,p_exp_CH4,-9.333482019
2137,[*]c1cc(C)c(OC(=O)Oc2c(C)cc(C([*])(C(F)(F)F)C(F)(F)F)cc2C)c(C)c1,p_exp_CO2,-7.954677021
2138,[*]c1cc(C)c(OC(=O)Oc2c(C)cc(C([*])(C(F)(F)F)C(F)(F)F)cc2C)c(C)c1,p_exp_H2,-7.899629455
2139,[*]c1cc(C)c(OC(=O)Oc2c(C)cc(C([*])(C(F)(F)F)C(F)(F)F)cc2C)c(C)c1,p_exp_He,-7.692503962
2140,[*]c1cc(C)c(OC(=O)Oc2c(C)cc(C([*])(C(F)(F)F)C(F)(F)F)cc2C)c(C)c1,p_exp_N2,-9.110698297
2141,[*]c1cc(C)c(OC(=O)Oc2c(C)cc(C([*])(C(F)(F)F)C(F)(F)F)cc2C)c(C)c1,p_exp_O2,-8.494850022
2142,[*]c1cc(C)c(OC(=O)Oc2c(C)cc(C([*])(C)C)cc2C)c(C)c1,p_exp_CH4,-10.0619809
2143,[*]c1cc(C)c(OC(=O)Oc2c(C)cc(C([*])(C)C)cc2C)c(C)c1,p_exp_CO2,-8.732828272
2144,[*]c1cc(C)c(OC(=O)Oc2c(C)cc(C([*])(C)C)cc2C)c(C)c1,p_exp_H2,-8.494850022
2145,[*]c1cc(C)c(OC(=O)Oc2c(C)cc(C([*])(C)C)cc2C)c(C)c1,p_exp_He,-8.334419009
2146,[*]c1cc(C)c(OC(=O)Oc2c(C)cc(C([*])(C)C)cc2C)c(C)c1,p_exp_N2,-9.962573502
2147,[*]c1cc(C)c(OC(=O)Oc2c(C)cc(C([*])(C)C)cc2C)c(C)c1,p_exp_O2,-9.254144805
2148,[*]c1cc(C)c(OC(=O)c2cc(C(=O)Oc3c(C)cc(C([*])(C)C)cc3C)cc(C(C)(C)C)c2)c(C)c1,p_exp_CH4,-9.565431096
2149,[*]c1cc(C)c(OC(=O)c2cc(C(=O)Oc3c(C)cc(C([*])(C)C)cc3C)cc(C(C)(C)C)c2)c(C)c1,p_exp_CO2,-8.343901798
2150,[*]c1cc(C)c(OC(=O)c2cc(C(=O)Oc3c(C)cc(C([*])(C)C)cc3C)cc(C(C)(C)C)c2)c(C)c1,p_exp_H2,-8.017728767
2151,[*]c1cc(C)c(OC(=O)c2cc(C(=O)Oc3c(C)cc(C([*])(C)C)cc3C)cc(C(C)(C)C)c2)c(C)c1,p_exp_He,-8.142667504
2152,[*]c1cc(C)c(OC(=O)c2cc(C(=O)Oc3c(C)cc(C([*])(C)C)cc3C)cc(C(C)(C)C)c2)c(C)c1,p_exp_N2,-9.585026652
2153,[*]c1cc(C)c(OC(=O)c2cc(C(=O)Oc3c(C)cc(C([*])(C)C)cc3C)cc(C(C)(C)C)c2)c(C)c1,p_exp_O2,-8.899629455
2154,[*]c1cc(C)c(OC(=O)c2ccc(Oc3c(C)cc(C([*])(C)C)cc3C)cc2)c(C)c1,p_exp_CH4,-9.879426069
2155,[*]c1cc(C)c(OC(=O)c2ccc(Oc3c(C)cc(C([*])(C)C)cc3C)cc2)c(C)c1,p_exp_CO2,-9.327902142
2156,[*]c1cc(C)c(OC(=O)c2ccc(Oc3c(C)cc(C([*])(C)C)cc3C)cc2)c(C)c1,p_exp_He,-8.301029996
2157,[*]c1cc(C)c(OC(=O)c2ccc(Oc3c(C)cc(C([*])(C)C)cc3C)cc2)c(C)c1,p_exp_N2,-9.844663963
2158,[*]c1cc(C)c(OC(=O)c2ccc(Oc3c(C)cc(C([*])(C)C)cc3C)cc2)c(C)c1,p_exp_O2,-9.13667714
2159,[*]c1cc(C)c(OC(=O)c2cccc(C(=O)Oc3c(C)cc(C([*])(C)C)cc3Br)c2)c(Br)c1,p_exp_CH4,-9.974694135
2160,[*]c1cc(C)c(OC(=O)c2cccc(C(=O)Oc3c(C)cc(C([*])(C)C)cc3Br)c2)c(Br)c1,p_exp_CO2,-8.643974143
2161,[*]c1cc(C)c(OC(=O)c2cccc(C(=O)Oc3c(C)cc(C([*])(C)C)cc3Br)c2)c(Br)c1,p_exp_N2,-9.974694135
2162,[*]c1cc(C)c(OC(=O)c2cccc(C(=O)Oc3c(C)cc(C([*])(C)C)cc3Br)c2)c(Br)c1,p_exp_O2,-9.202732459
2163,[*]c1cc(C)c(OC(=O)c2cccc(C(=O)Oc3c(C)cc(C([*])(C)C)cc3C)c2)c(C)c1,p_exp_CH4,-10.326058
2164,[*]c1cc(C)c(OC(=O)c2cccc(C(=O)Oc3c(C)cc(C([*])(C)C)cc3C)c2)c(C)c1,p_exp_CO2,-8.920818754
2165,[*]c1cc(C)c(OC(=O)c2cccc(C(=O)Oc3c(C)cc(C([*])(C)C)cc3C)c2)c(C)c1,p_exp_H2,-8.413412695
2166,[*]c1cc(C)c(OC(=O)c2cccc(C(=O)Oc3c(C)cc(C([*])(C)C)cc3C)c2)c(C)c1,p_exp_He,-8.468521083
2167,[*]c1cc(C)c(OC(=O)c2cccc(C(=O)Oc3c(C)cc(C([*])(C)C)cc3C)c2)c(C)c1,p_exp_N2,-10.23732144
2168,[*]c1cc(C)c(OC(=O)c2cccc(C(=O)Oc3c(C)cc(C([*])(C)C)cc3C)c2)c(C)c1,p_exp_O2,-9.4867824
2169,[*]c1cc(C)c(OC(=O)c2cccc(C(=O)Oc3c(C)cc(C4([*])c5ccccc5-c5ccccc54)cc3Br)c2)c(Br)c1,p_exp_CH4,-9.48148606
2170,[*]c1cc(C)c(OC(=O)c2cccc(C(=O)Oc3c(C)cc(C4([*])c5ccccc5-c5ccccc54)cc3Br)c2)c(Br)c1,p_exp_CO2,-8.148741651
2171,[*]c1cc(C)c(OC(=O)c2cccc(C(=O)Oc3c(C)cc(C4([*])c5ccccc5-c5ccccc54)cc3Br)c2)c(Br)c1,p_exp_N2,-9.555955204
2172,[*]c1cc(C)c(OC(=O)c2cccc(C(=O)Oc3c(C)cc(C4([*])c5ccccc5-c5ccccc54)cc3Br)c2)c(Br)c1,p_exp_O2,-8.812479279
2173,[*]c1cc(C)c(OC(=O)c2cccc(Oc3c(C)cc(C([*])(C)C)cc3C)c2)c(C)c1,p_exp_CH4,-10.27572413
2174,[*]c1cc(C)c(OC(=O)c2cccc(Oc3c(C)cc(C([*])(C)C)cc3C)c2)c(C)c1,p_exp_CO2,-8.619788758
2175,[*]c1cc(C)c(OC(=O)c2cccc(Oc3c(C)cc(C([*])(C)C)cc3C)c2)c(C)c1,p_exp_He,-8.431798276
2176,[*]c1cc(C)c(OC(=O)c2cccc(Oc3c(C)cc(C([*])(C)C)cc3C)c2)c(C)c1,p_exp_N2,-10.16749109
2177,[*]c1cc(C)c(OC(=O)c2cccc(Oc3c(C)cc(C([*])(C)C)cc3C)c2)c(C)c1,p_exp_O2,-9.455931956
2178,[*]c1cc(C)c(Oc2ccc(C(=O)c3ccc(-c4c(C)cc([*])cc4C)cc3)cc2)c(C)c1,p_exp_CH4,-9.991399828
2179,[*]c1cc(C)c(Oc2ccc(C(=O)c3ccc(-c4c(C)cc([*])cc4C)cc3)cc2)c(C)c1,p_exp_CO2,-8.71219827
2180,[*]c1cc(C)c(Oc2ccc(C(=O)c3ccc(-c4c(C)cc([*])cc4C)cc3)cc2)c(C)c1,p_exp_N2,-10.01278077
2181,[*]c1cc(C)c(Oc2ccc(C(=O)c3ccc(-c4c(C)cc([*])cc4C)cc3)cc2)c(C)c1,p_exp_O2,-9.322393047
2182,[*]c1cc(C)c(Oc2ccc(C(=O)c3ccc(Oc4c(C)cc(C([*])(C)C)cc4C)cc3)cc2)c(C)c1,p_exp_CH4,-9.958607315
2183,[*]c1cc(C)c(Oc2ccc(C(=O)c3ccc(Oc4c(C)cc(C([*])(C)C)cc4C)cc3)cc2)c(C)c1,p_exp_CO2,-8.698970004
2184,[*]c1cc(C)c(Oc2ccc(C(=O)c3ccc(Oc4c(C)cc(C([*])(C)C)cc4C)cc3)cc2)c(C)c1,p_exp_H2,-8.283996656
2185,[*]c1cc(C)c(Oc2ccc(C(=O)c3ccc(Oc4c(C)cc(C([*])(C)C)cc4C)cc3)cc2)c(C)c1,p_exp_N2,-9.958607315
2186,[*]c1cc(C)c(Oc2ccc(C(=O)c3ccc(Oc4c(C)cc(C([*])(C)C)cc4C)cc3)cc2)c(C)c1,p_exp_O2,-9.251811973
2187,[*]c1cc(C)c(Oc2ccc(C(=O)c3ccc(Oc4cc(C)c(C5([*])OC(=O)c6ccccc65)cc4C)cc3)cc2)cc1C,p_exp_CH4,-10.76955108
2188,[*]c1cc(C)c(Oc2ccc(C(=O)c3ccc(Oc4cc(C)c(C5([*])OC(=O)c6ccccc65)cc4C)cc3)cc2)cc1C,p_exp_CO2,-9.2644011
2189,[*]c1cc(C)c(Oc2ccc(C(=O)c3ccc(Oc4cc(C)c(C5([*])OC(=O)c6ccccc65)cc4C)cc3)cc2)cc1C,p_exp_H2,-8.66756154
2190,[*]c1cc(C)c(Oc2ccc(C(=O)c3ccc(Oc4cc(C)c(C5([*])OC(=O)c6ccccc65)cc4C)cc3)cc2)cc1C,p_exp_N2,-10.7212464
2191,[*]c1cc(C)c(Oc2ccc(C(=O)c3ccc(Oc4cc(C)c(C5([*])OC(=O)c6ccccc65)cc4C)cc3)cc2)cc1C,p_exp_O2,-9.809668302
2192,[*]c1cc(C)c(Oc2ccc(C(C)(C)c3ccc(Oc4c(C)cc(C([*])(C(F)(F)F)C(F)(F)F)cc4C)cc3)cc2)c(C)c1,p_exp_CH4,-9.522878745
2193,[*]c1cc(C)c(Oc2ccc(C(C)(C)c3ccc(Oc4c(C)cc(C([*])(C(F)(F)F)C(F)(F)F)cc4C)cc3)cc2)c(C)c1,p_exp_CO2,-8.124938737
2194,[*]c1cc(C)c(Oc2ccc(C(C)(C)c3ccc(Oc4c(C)cc(C([*])(C(F)(F)F)C(F)(F)F)cc4C)cc3)cc2)c(C)c1,p_exp_H2,-7.899629455
2195,[*]c1cc(C)c(Oc2ccc(C(C)(C)c3ccc(Oc4c(C)cc(C([*])(C(F)(F)F)C(F)(F)F)cc4C)cc3)cc2)c(C)c1,p_exp_He,-7.946921557
2196,[*]c1cc(C)c(Oc2ccc(C(C)(C)c3ccc(Oc4c(C)cc(C([*])(C(F)(F)F)C(F)(F)F)cc4C)cc3)cc2)c(C)c1,p_exp_N2,-9.397940009
2197,[*]c1cc(C)c(Oc2ccc(C(C)(C)c3ccc(Oc4c(C)cc(C([*])(C(F)(F)F)C(F)(F)F)cc4C)cc3)cc2)c(C)c1,p_exp_O2,-8.744727495
2198,[*]c1cc(C)c(Oc2ccc(C(C)(C)c3ccc(Oc4c(C)cc(C([*])(C)C)cc4C)cc3)cc2)c(C)c1,p_exp_CH4,-10.04048162
2199,[*]c1cc(C)c(Oc2ccc(C(C)(C)c3ccc(Oc4c(C)cc(C([*])(C)C)cc4C)cc3)cc2)c(C)c1,p_exp_CO2,-8.677780705
2200,[*]c1cc(C)c(Oc2ccc(C(C)(C)c3ccc(Oc4c(C)cc(C([*])(C)C)cc4C)cc3)cc2)c(C)c1,p_exp_He,-8.387216143
2201,[*]c1cc(C)c(Oc2ccc(C(C)(C)c3ccc(Oc4c(C)cc(C([*])(C)C)cc4C)cc3)cc2)c(C)c1,p_exp_N2,-9.974694135
2202,[*]c1cc(C)c(Oc2ccc(C(C)(C)c3ccc(Oc4c(C)cc(C([*])(C)C)cc4C)cc3)cc2)c(C)c1,p_exp_O2,-9.251811973
2203,[*]c1cc(C)c(Oc2ccc(S(=O)(=O)c3ccc(Oc4c(C)cc(C(C)(C)c5ccc(C([*])(C)C)cc5)cc4C)cc3)cc2)c(C)c1,p_exp_CH4,-10.22184875
2204,[*]c1cc(C)c(Oc2ccc(S(=O)(=O)c3ccc(Oc4c(C)cc(C(C)(C)c5ccc(C([*])(C)C)cc5)cc4C)cc3)cc2)c(C)c1,p_exp_CO2,-8.879426069
2205,[*]c1cc(C)c(Oc2ccc(S(=O)(=O)c3ccc(Oc4c(C)cc(C(C)(C)c5ccc(C([*])(C)C)cc5)cc4C)cc3)cc2)c(C)c1,p_exp_He,-8.494850022
2206,[*]c1cc(C)c(Oc2ccc(S(=O)(=O)c3ccc(Oc4c(C)cc(C(C)(C)c5ccc(C([*])(C)C)cc5)cc4C)cc3)cc2)c(C)c1,p_exp_N2,-10.24412514
2207,[*]c1cc(C)c(Oc2ccc(S(=O)(=O)c3ccc(Oc4c(C)cc(C(C)(C)c5ccc(C([*])(C)C)cc5)cc4C)cc3)cc2)c(C)c1,p_exp_O2,-9.494850022
2208,[*]c1cc(C)c(Oc2ccc(S(=O)(=O)c3ccc(Oc4c(C)cc(C(C)(C)c5cccc(C([*])(C)C)c5)cc4C)cc3)cc2)c(C)c1,p_exp_CH4,-10.55284197
2209,[*]c1cc(C)c(Oc2ccc(S(=O)(=O)c3ccc(Oc4c(C)cc(C(C)(C)c5cccc(C([*])(C)C)c5)cc4C)cc3)cc2)c(C)c1,p_exp_CO2,-9.15490196
2210,[*]c1cc(C)c(Oc2ccc(S(=O)(=O)c3ccc(Oc4c(C)cc(C(C)(C)c5cccc(C([*])(C)C)c5)cc4C)cc3)cc2)c(C)c1,p_exp_H2,-8.698970004
2211,[*]c1cc(C)c(Oc2ccc(S(=O)(=O)c3ccc(Oc4c(C)cc(C(C)(C)c5cccc(C([*])(C)C)c5)cc4C)cc3)cc2)c(C)c1,p_exp_He,-8.677780705
2212,[*]c1cc(C)c(Oc2ccc(S(=O)(=O)c3ccc(Oc4c(C)cc(C(C)(C)c5cccc(C([*])(C)C)c5)cc4C)cc3)cc2)c(C)c1,p_exp_N2,-10.55284197
2213,[*]c1cc(C)c(Oc2ccc(S(=O)(=O)c3ccc(Oc4c(C)cc(C(C)(C)c5cccc(C([*])(C)C)c5)cc4C)cc3)cc2)c(C)c1,p_exp_O2,-9.744727495
2214,[*]c1cc(C)c(Oc2ccc(S(=O)(=O)c3ccc(Oc4c(C)cc(C([*])(C(F)(F)F)C(F)(F)F)cc4C)cc3)cc2)c(C)c1,p_exp_CH4,-9.522878745
2215,[*]c1cc(C)c(Oc2ccc(S(=O)(=O)c3ccc(Oc4c(C)cc(C([*])(C(F)(F)F)C(F)(F)F)cc4C)cc3)cc2)c(C)c1,p_exp_CO2,-8.142667504
2216,[*]c1cc(C)c(Oc2ccc(S(=O)(=O)c3ccc(Oc4c(C)cc(C([*])(C(F)(F)F)C(F)(F)F)cc4C)cc3)cc2)c(C)c1,p_exp_H2,-7.899629455
2217,[*]c1cc(C)c(Oc2ccc(S(=O)(=O)c3ccc(Oc4c(C)cc(C([*])(C(F)(F)F)C(F)(F)F)cc4C)cc3)cc2)c(C)c1,p_exp_He,-7.946921557
2218,[*]c1cc(C)c(Oc2ccc(S(=O)(=O)c3ccc(Oc4c(C)cc(C([*])(C(F)(F)F)C(F)(F)F)cc4C)cc3)cc2)c(C)c1,p_exp_N2,-9.397940009
2219,[*]c1cc(C)c(Oc2ccc(S(=O)(=O)c3ccc(Oc4c(C)cc(C([*])(C(F)(F)F)C(F)(F)F)cc4C)cc3)cc2)c(C)c1,p_exp_O2,-8.744727495
2220,[*]c1cc(C)c(Oc2ccc(S(=O)(=O)c3ccc(Oc4c(C)cc(C([*])(C(F)(F)F)C(F)(F)F)cc4C)cc3C(O)(C(F)(F)F)C(F)(F)F)c(C(O)(C(F)(F)F)C(F)(F)F)c2)c(C)c1,p_exp_CO2,-8.091514981
2221,[*]c1cc(C)c(Oc2ccc(S(=O)(=O)c3ccc(Oc4c(C)cc(C([*])(C(F)(F)F)C(F)(F)F)cc4C)cc3C(O)(C(F)(F)F)C(F)(F)F)c(C(O)(C(F)(F)F)C(F)(F)F)c2)c(C)c1,p_exp_He,-7.821023053
2222,[*]c1cc(C)c(Oc2ccc(S(=O)(=O)c3ccc(Oc4c(C)cc(C([*])(C(F)(F)F)C(F)(F)F)cc4C)cc3C(O)(C(F)(F)F)C(F)(F)F)c(C(O)(C(F)(F)F)C(F)(F)F)c2)c(C)c1,p_exp_N2,-9.227678293
2223,[*]c1cc(C)c(Oc2ccc(S(=O)(=O)c3ccc(Oc4c(C)cc(C([*])(C(F)(F)F)C(F)(F)F)cc4C)cc3C(O)(C(F)(F)F)C(F)(F)F)c(C(O)(C(F)(F)F)C(F)(F)F)c2)c(C)c1,p_exp_O2,-8.853871964
2224,[*]c1cc(C)c(Oc2ccc(S(=O)(=O)c3ccc(Oc4c(C)cc(C([*])(C)C)cc4C)cc3)cc2)c(C)c1,p_exp_CH4,-10.03105032
2225,[*]c1cc(C)c(Oc2ccc(S(=O)(=O)c3ccc(Oc4c(C)cc(C([*])(C)C)cc4C)cc3)cc2)c(C)c1,p_exp_CO2,-8.677780705
2226,[*]c1cc(C)c(Oc2ccc(S(=O)(=O)c3ccc(Oc4c(C)cc(C([*])(C)C)cc4C)cc3)cc2)c(C)c1,p_exp_He,-8.387216143
2227,[*]c1cc(C)c(Oc2ccc(S(=O)(=O)c3ccc(Oc4c(C)cc(C([*])(C)C)cc4C)cc3)cc2)c(C)c1,p_exp_N2,-9.966576245
2228,[*]c1cc(C)c(Oc2ccc(S(=O)(=O)c3ccc(Oc4c(C)cc(C([*])(C)C)cc4C)cc3)cc2)c(C)c1,p_exp_O2,-9.251811973
2229,[*]c1cc(C)c(Oc2ccc(S(=O)(=O)c3ccc(Oc4c(C)cc(C([*])(C)C)cc4C)cc3C(O)(C(F)(F)F)C(F)(F)F)c(C(O)(C(F)(F)F)C(F)(F)F)c2)c(C)c1,p_exp_CO2,-8.522878745
2230,[*]c1cc(C)c(Oc2ccc(S(=O)(=O)c3ccc(Oc4c(C)cc(C([*])(C)C)cc4C)cc3C(O)(C(F)(F)F)C(F)(F)F)c(C(O)(C(F)(F)F)C(F)(F)F)c2)c(C)c1,p_exp_He,-8.180456064
2231,[*]c1cc(C)c(Oc2ccc(S(=O)(=O)c3ccc(Oc4c(C)cc(C([*])(C)C)cc4C)cc3C(O)(C(F)(F)F)C(F)(F)F)c(C(O)(C(F)(F)F)C(F)(F)F)c2)c(C)c1,p_exp_N2,-9.823908741
2232,[*]c1cc(C)c(Oc2ccc(S(=O)(=O)c3ccc(Oc4c(C)cc(C([*])(C)C)cc4C)cc3C(O)(C(F)(F)F)C(F)(F)F)c(C(O)(C(F)(F)F)C(F)(F)F)c2)c(C)c1,p_exp_O2,-9.070581074
2233,[*]c1cc(C)c(Oc2ccc(S(=O)(=O)c3ccc(Oc4c(C)cc([*])cc4C)cc3)cc2)c(C)c1,p_exp_CH4,-9.896196279
2234,[*]c1cc(C)c(Oc2ccc(S(=O)(=O)c3ccc(Oc4c(C)cc([*])cc4C)cc3)cc2)c(C)c1,p_exp_CO2,-8.49757288
2235,[*]c1cc(C)c(Oc2ccc(S(=O)(=O)c3ccc(Oc4c(C)cc([*])cc4C)cc3)cc2)c(C)c1,p_exp_He,-8.443697499
2236,[*]c1cc(C)c(Oc2ccc(S(=O)(=O)c3ccc(Oc4c(C)cc([*])cc4C)cc3)cc2)c(C)c1,p_exp_N2,-9.454692884
2237,[*]c1cc(C)c(Oc2ccc(S(=O)(=O)c3ccc(Oc4c(C)cc([*])cc4C)cc3)cc2)c(C)c1,p_exp_O2,-9.454692884
2238,[*]c1cc(C)c(Oc2ccc(S(=O)(=O)c3ccc(Oc4cc(C)c(C5([*])OC(=O)c6ccccc65)cc4C)cc3)cc2)cc1C,p_exp_CH4,-10.64781748
2239,[*]c1cc(C)c(Oc2ccc(S(=O)(=O)c3ccc(Oc4cc(C)c(C5([*])OC(=O)c6ccccc65)cc4C)cc3)cc2)cc1C,p_exp_CO2,-9.11407366
2240,[*]c1cc(C)c(Oc2ccc(S(=O)(=O)c3ccc(Oc4cc(C)c(C5([*])OC(=O)c6ccccc65)cc4C)cc3)cc2)cc1C,p_exp_H2,-8.772113295
2241,[*]c1cc(C)c(Oc2ccc(S(=O)(=O)c3ccc(Oc4cc(C)c(C5([*])OC(=O)c6ccccc65)cc4C)cc3)cc2)cc1C,p_exp_N2,-10.67778071
2242,[*]c1cc(C)c(Oc2ccc(S(=O)(=O)c3ccc(Oc4cc(C)c(C5([*])OC(=O)c6ccccc65)cc4C)cc3)cc2)cc1C,p_exp_O2,-9.809668302
2243,[*]c1cc(C)c2c(c1)S(=O)(=O)c1cc(N3C(=O)c4ccc(-c5ccc6c(c5)C(=O)N([*])C6=O)cc4C3=O)cc(C)c1-2,p_exp_CH4,-10.71896663
2244,[*]c1cc(C)c2c(c1)S(=O)(=O)c1cc(N3C(=O)c4ccc(-c5ccc6c(c5)C(=O)N([*])C6=O)cc4C3=O)cc(C)c1-2,p_exp_CO2,-9.146301788
2245,[*]c1cc(C)c2c(c1)S(=O)(=O)c1cc(N3C(=O)c4ccc(-c5ccc6c(c5)C(=O)N([*])C6=O)cc4C3=O)cc(C)c1-2,p_exp_H2,-8.527243551
2246,[*]c1cc(C)c2c(c1)S(=O)(=O)c1cc(N3C(=O)c4ccc(-c5ccc6c(c5)C(=O)N([*])C6=O)cc4C3=O)cc(C)c1-2,p_exp_He,-8.920818754
2247,[*]c1cc(C)c2c(c1)S(=O)(=O)c1cc(N3C(=O)c4ccc(-c5ccc6c(c5)C(=O)N([*])C6=O)cc4C3=O)cc(C)c1-2,p_exp_N2,-10.54060751
2248,[*]c1cc(C)c2c(c1)S(=O)(=O)c1cc(N3C(=O)c4ccc(-c5ccc6c(c5)C(=O)N([*])C6=O)cc4C3=O)cc(C)c1-2,p_exp_O2,-9.714442691
2249,[*]c1cc(C)c2c(c1)S(=O)(=O)c1cc(N3C(=O)c4ccc(C(c5ccc6c(c5)C(=O)N([*])C6=O)(C(F)(F)F)C(F)(F)F)cc4C3=O)cc(C)c1-2,p_exp_CH4,-9.600326279
2250,[*]c1cc(C)c2c(c1)S(=O)(=O)c1cc(N3C(=O)c4ccc(C(c5ccc6c(c5)C(=O)N([*])C6=O)(C(F)(F)F)C(F)(F)F)cc4C3=O)cc(C)c1-2,p_exp_CO2,-8.040958608
2251,[*]c1cc(C)c2c(c1)S(=O)(=O)c1cc(N3C(=O)c4ccc(C(c5ccc6c(c5)C(=O)N([*])C6=O)(C(F)(F)F)C(F)(F)F)cc4C3=O)cc(C)c1-2,p_exp_H2,-7.747146969
2252,[*]c1cc(C)c2c(c1)S(=O)(=O)c1cc(N3C(=O)c4ccc(C(c5ccc6c(c5)C(=O)N([*])C6=O)(C(F)(F)F)C(F)(F)F)cc4C3=O)cc(C)c1-2,p_exp_N2,-9.289036881
2253,[*]c1cc(C)c2c(c1)S(=O)(=O)c1cc(N3C(=O)c4ccc(C(c5ccc6c(c5)C(=O)N([*])C6=O)(C(F)(F)F)C(F)(F)F)cc4C3=O)cc(C)c1-2,p_exp_O2,-8.628932138
2254,[*]c1cc(C)c2c(c1)S(=O)(=O)c1cc(N3C(=O)c4ccc(S(=O)(=O)c5ccc6c(c5)C(=O)N([*])C6=O)cc4C3=O)cc(C)c1-2,p_exp_CH4,-10.58838029
2255,[*]c1cc(C)c2c(c1)S(=O)(=O)c1cc(N3C(=O)c4ccc(S(=O)(=O)c5ccc6c(c5)C(=O)N([*])C6=O)cc4C3=O)cc(C)c1-2,p_exp_CO2,-8.863279433
2256,[*]c1cc(C)c2c(c1)S(=O)(=O)c1cc(N3C(=O)c4ccc(S(=O)(=O)c5ccc6c(c5)C(=O)N([*])C6=O)cc4C3=O)cc(C)c1-2,p_exp_H2,-8.342944147
2257,[*]c1cc(CCCCCCCCCCCC)c([*])s1,p_exp_CO2,-8.054531415
2258,[*]c1cc(CCCCCCCCCCCC)c([*])s1,p_exp_N2,-9.026872146
2259,[*]c1cc(CCCCCCCCCCCC)c([*])s1,p_exp_O2,-8.694648631
2260,[*]c1cc(Cl)c(OC(=O)Oc2c(Cl)cc(C([*])(C)C)cc2Cl)c(Cl)c1,p_exp_CH4,-10.64975198
2261,[*]c1cc(Cl)c(OC(=O)Oc2c(Cl)cc(C([*])(C)C)cc2Cl)c(Cl)c1,p_exp_CO2,-9.175874166
2262,[*]c1cc(Cl)c(OC(=O)Oc2c(Cl)cc(C([*])(C)C)cc2Cl)c(Cl)c1,p_exp_He,-8.562249437
2263,[*]c1cc(Cl)c(OC(=O)Oc2c(Cl)cc(C([*])(C)C)cc2Cl)c(Cl)c1,p_exp_N2,-10.4436975
2264,[*]c1cc(Cl)c(OC(=O)Oc2c(Cl)cc(C([*])(C)C)cc2Cl)c(Cl)c1,p_exp_O2,-9.638272164
2265,[*]c1cc(N2C(=O)c3ccc(Oc4ccc(Oc5ccc6c(c5)C(=O)N([*])C6=O)cc4)cc3C2=O)c(C(=O)OCC2c3ccccc3-c3ccccc32)c(C(=O)O)c1C(=O)OCC1c2ccccc2-c2ccccc21,p_exp_CO2,-10.1655793
2266,[*]c1cc(N2C(=O)c3ccc(Oc4ccc(Oc5ccc6c(c5)C(=O)N([*])C6=O)cc4)cc3C2=O)c(C(=O)OCC2c3ccccc3-c3ccccc32)c(C(=O)O)c1C(=O)OCC1c2ccccc2-c2ccccc21,p_exp_H2,-9.246416941
2267,[*]c1cc(N2C(=O)c3ccc(Oc4ccc(Oc5ccc6c(c5)C(=O)N([*])C6=O)cc4)cc3C2=O)c(C(=O)OCC2c3ccccc3-c3ccccc32)c(C(=O)O)c1C(=O)OCC1c2ccccc2-c2ccccc21,p_exp_N2,-11.82390874
2268,[*]c1cc(N2C(=O)c3ccc(Oc4ccc(Oc5ccc6c(c5)C(=O)N([*])C6=O)cc4)cc3C2=O)c(C(=O)OCC2c3ccccc3-c3ccccc32)c(C(=O)O)c1C(=O)OCC1c2ccccc2-c2ccccc21,p_exp_O2,-10.74714697
2269,[*]c1cc2c(cc1C)-c1c(C)cc(CN3C(=O)c4ccc(C(c5ccc6c(c5)C(=O)N([*])C6=O)(C(F)(F)F)C(F)(F)F)cc4C3=O)cc1S2(=O)=O,p_exp_CH4,-9.70333481
2270,[*]c1cc2c(cc1C)-c1c(C)cc(CN3C(=O)c4ccc(C(c5ccc6c(c5)C(=O)N([*])C6=O)(C(F)(F)F)C(F)(F)F)cc4C3=O)cc1S2(=O)=O,p_exp_CO2,-8.040958608
2271,[*]c1cc2c(cc1C)-c1c(C)cc(CN3C(=O)c4ccc(C(c5ccc6c(c5)C(=O)N([*])C6=O)(C(F)(F)F)C(F)(F)F)cc4C3=O)cc1S2(=O)=O,p_exp_H2,-7.806875402
2272,[*]c1cc2c(cc1C)-c1c(C)cc(CN3C(=O)c4ccc(C(c5ccc6c(c5)C(=O)N([*])C6=O)(C(F)(F)F)C(F)(F)F)cc4C3=O)cc1S2(=O)=O,p_exp_N2,-9.43062609
2273,[*]c1cc2c(cc1C)-c1c(C)cc(CN3C(=O)c4ccc(C(c5ccc6c(c5)C(=O)N([*])C6=O)(C(F)(F)F)C(F)(F)F)cc4C3=O)cc1S2(=O)=O,p_exp_O2,-8.725842151
2274,[*]c1cc2c(cc1C)-c1cc(C)c(N3C(=O)c4ccc(-c5ccc6c(c5)C(=O)N([*])C6=O)cc4C3=O)cc1S2(=O)=O,p_exp_CH4,-10.84771166
2275,[*]c1cc2c(cc1C)-c1cc(C)c(N3C(=O)c4ccc(-c5ccc6c(c5)C(=O)N([*])C6=O)cc4C3=O)cc1S2(=O)=O,p_exp_CO2,-9.216811309
2276,[*]c1cc2c(cc1C)-c1cc(C)c(N3C(=O)c4ccc(-c5ccc6c(c5)C(=O)N([*])C6=O)cc4C3=O)cc1S2(=O)=O,p_exp_H2,-8.549750892
2277,[*]c1cc2c(cc1C)-c1cc(C)c(N3C(=O)c4ccc(-c5ccc6c(c5)C(=O)N([*])C6=O)cc4C3=O)cc1S2(=O)=O,p_exp_He,-8.920818754
2278,[*]c1cc2c(cc1C)-c1cc(C)c(N3C(=O)c4ccc(-c5ccc6c(c5)C(=O)N([*])C6=O)cc4C3=O)cc1S2(=O)=O,p_exp_N2,-10.54060751
2279,[*]c1cc2c(cc1C)-c1cc(C)c(N3C(=O)c4ccc(-c5ccc6c(c5)C(=O)N([*])C6=O)cc4C3=O)cc1S2(=O)=O,p_exp_O2,-9.714442691
2280,[*]c1cc2c(cc1C)-c1cc(C)c(N3C(=O)c4ccc(C(c5ccc6c(c5)C(=O)N([*])C6=O)(C(F)(F)F)C(F)(F)F)cc4C3=O)cc1S2(=O)=O,p_exp_CH4,-9.826813732
2281,[*]c1cc2c(cc1C)-c1cc(C)c(N3C(=O)c4ccc(C(c5ccc6c(c5)C(=O)N([*])C6=O)(C(F)(F)F)C(F)(F)F)cc4C3=O)cc1S2(=O)=O,p_exp_CO2,-8.252588192
2282,[*]c1cc2c(cc1C)-c1cc(C)c(N3C(=O)c4ccc(C(c5ccc6c(c5)C(=O)N([*])C6=O)(C(F)(F)F)C(F)(F)F)cc4C3=O)cc1S2(=O)=O,p_exp_He,-7.982966661
2283,[*]c1cc2c(cc1C)-c1cc(C)c(N3C(=O)c4ccc(C(c5ccc6c(c5)C(=O)N([*])C6=O)(C(F)(F)F)C(F)(F)F)cc4C3=O)cc1S2(=O)=O,p_exp_N2,-9.549750892
2284,[*]c1cc2c(cc1C)-c1cc(C)c(N3C(=O)c4ccc(C(c5ccc6c(c5)C(=O)N([*])C6=O)(C(F)(F)F)C(F)(F)F)cc4C3=O)cc1S2(=O)=O,p_exp_O2,-8.847711656
2285,[*]c1cc2c(cc1O)C1(CC2(C)C)CC(C)(C)c2cc(-n3c(=O)c4cc5c(=O)n([*])c(=O)c5cc4c3=O)c(O)cc21,p_exp_CH4,-9.113509275
2286,[*]c1cc2c(cc1O)C1(CC2(C)C)CC(C)(C)c2cc(-n3c(=O)c4cc5c(=O)n([*])c(=O)c5cc4c3=O)c(O)cc21,p_exp_CO2,-7.70333481
2287,[*]c1cc2c(cc1O)C1(CC2(C)C)CC(C)(C)c2cc(-n3c(=O)c4cc5c(=O)n([*])c(=O)c5cc4c3=O)c(O)cc21,p_exp_H2,-7.721246399
2288,[*]c1cc2c(cc1O)C1(CC2(C)C)CC(C)(C)c2cc(-n3c(=O)c4cc5c(=O)n([*])c(=O)c5cc4c3=O)c(O)cc21,p_exp_N2,-8.515700161
2289,[*]c1cc2c(cc1O)C1(CC2(C)C)CC(C)(C)c2cc(-n3c(=O)c4cc5c(=O)n([*])c(=O)c5cc4c3=O)c(O)cc21,p_exp_O2,-9.161150909
2290,[*]c1cc2c(cc1O)C1(CC2(C)C)CC(C)(C)c2cc(N3C(=O)c4ccc(C(c5ccc6c(c5)C(=O)N([*])C6=O)(C(F)(F)F)C(F)(F)F)cc4C3=O)c(O)cc21,p_exp_CH4,-9.040958608
2291,[*]c1cc2c(cc1O)C1(CC2(C)C)CC(C)(C)c2cc(N3C(=O)c4ccc(C(c5ccc6c(c5)C(=O)N([*])C6=O)(C(F)(F)F)C(F)(F)F)cc4C3=O)c(O)cc21,p_exp_CO2,-7.580044252
2292,[*]c1cc2c(cc1O)C1(CC2(C)C)CC(C)(C)c2cc(N3C(=O)c4ccc(C(c5ccc6c(c5)C(=O)N([*])C6=O)(C(F)(F)F)C(F)(F)F)cc4C3=O)c(O)cc21,p_exp_H2,-7.586700236
2293,[*]c1cc2c(cc1O)C1(CC2(C)C)CC(C)(C)c2cc(N3C(=O)c4ccc(C(c5ccc6c(c5)C(=O)N([*])C6=O)(C(F)(F)F)C(F)(F)F)cc4C3=O)c(O)cc21,p_exp_N2,-8.966576245
2294,[*]c1cc2c(cc1O)C1(CC2(C)C)CC(C)(C)c2cc(N3C(=O)c4ccc(C(c5ccc6c(c5)C(=O)N([*])C6=O)(C(F)(F)F)C(F)(F)F)cc4C3=O)c(O)cc21,p_exp_O2,-8.344861565
2295,[*]c1cc2c(cc1Oc1ccc(C(C)(C)C)cc1)C(=O)N(Cc1ccc(Oc3ccc(N4C(=O)c5cc([*])c(Oc6ccc(C(C)(C)C)cc6)cc5C4=O)cc3)cc1)C2=O,p_exp_CH4,-9.500312917
2296,[*]c1cc2c(cc1Oc1ccc(C(C)(C)C)cc1)C(=O)N(Cc1ccc(Oc3ccc(N4C(=O)c5cc([*])c(Oc6ccc(C(C)(C)C)cc6)cc5C4=O)cc3)cc1)C2=O,p_exp_CO2,-8.067526235
2297,[*]c1cc2c(cc1Oc1ccc(C(C)(C)C)cc1)C(=O)N(Cc1ccc(Oc3ccc(N4C(=O)c5cc([*])c(Oc6ccc(C(C)(C)C)cc6)cc5C4=O)cc3)cc1)C2=O,p_exp_N2,-9.530177984
2298,[*]c1cc2c(cc1Oc1ccc(C(C)(C)C)cc1)C(=O)N(Cc1ccc(Oc3ccc(N4C(=O)c5cc([*])c(Oc6ccc(C(C)(C)C)cc6)cc5C4=O)cc3)cc1)C2=O,p_exp_O2,-8.946921557
2299,[*]c1cc2c(cc1Oc1ccc(C)cc1)C(=O)N(Cc1ccc(Oc3ccc(N4C(=O)c5cc([*])c(Oc6ccc(C)cc6)cc5C4=O)cc3)cc1)C2=O,p_exp_CH4,-9.838631998
2300,[*]c1cc2c(cc1Oc1ccc(C)cc1)C(=O)N(Cc1ccc(Oc3ccc(N4C(=O)c5cc([*])c(Oc6ccc(C)cc6)cc5C4=O)cc3)cc1)C2=O,p_exp_CO2,-8.356547324
2301,[*]c1cc2c(cc1Oc1ccc(C)cc1)C(=O)N(Cc1ccc(Oc3ccc(N4C(=O)c5cc([*])c(Oc6ccc(C)cc6)cc5C4=O)cc3)cc1)C2=O,p_exp_N2,-9.903089987
2302,[*]c1cc2c(cc1Oc1ccc(C)cc1)C(=O)N(Cc1ccc(Oc3ccc(N4C(=O)c5cc([*])c(Oc6ccc(C)cc6)cc5C4=O)cc3)cc1)C2=O,p_exp_O2,-9.301899454
2303,[*]c1cc2c(cc1Oc1ccccc1)C(=O)N(Cc1ccc(Cc3ccc(N4C(=O)c5cc([*])c(Oc6ccccc6)cc5C4=O)cc3)cc1)C2=O,p_exp_CH4,-10.07058107
2304,[*]c1cc2c(cc1Oc1ccccc1)C(=O)N(Cc1ccc(Cc3ccc(N4C(=O)c5cc([*])c(Oc6ccccc6)cc5C4=O)cc3)cc1)C2=O,p_exp_CO2,-8.537602002
2305,[*]c1cc2c(cc1Oc1ccccc1)C(=O)N(Cc1ccc(Cc3ccc(N4C(=O)c5cc([*])c(Oc6ccccc6)cc5C4=O)cc3)cc1)C2=O,p_exp_N2,-10.13667714
2306,[*]c1cc2c(cc1Oc1ccccc1)C(=O)N(Cc1ccc(Cc3ccc(N4C(=O)c5cc([*])c(Oc6ccccc6)cc5C4=O)cc3)cc1)C2=O,p_exp_O2,-9.473660723
2307,[*]c1cc2c(cc1Oc1ccccc1)C(=O)N(Cc1ccc(Oc3ccc(N4C(=O)c5cc([*])c(Oc6ccccc6)cc5C4=O)cc3)cc1)C2=O,p_exp_CH4,-10.07058107
2308,[*]c1cc2c(cc1Oc1ccccc1)C(=O)N(Cc1ccc(Oc3ccc(N4C(=O)c5cc([*])c(Oc6ccccc6)cc5C4=O)cc3)cc1)C2=O,p_exp_CO2,-8.521433504
2309,[*]c1cc2c(cc1Oc1ccccc1)C(=O)N(Cc1ccc(Oc3ccc(N4C(=O)c5cc([*])c(Oc6ccccc6)cc5C4=O)cc3)cc1)C2=O,p_exp_N2,-10.08092191
2310,[*]c1cc2c(cc1Oc1ccccc1)C(=O)N(Cc1ccc(Oc3ccc(N4C(=O)c5cc([*])c(Oc6ccccc6)cc5C4=O)cc3)cc1)C2=O,p_exp_O2,-9.444905551
2311,[*]c1ccc(-c2ccc(-c3ccc(-c4ccc(-c5ccc(-c6ccc(-c7ccc(-c8ccc(-c9ccc%10c(c9)C(=O)C(c9ccc(-c%11ccc([*])cc%11C(=O)c%11ccccc%11)cc9C(F)(F)F)C%10=O)cc8C(=O)c8ccccc8)c(C(=O)c8ccccc8)c7)c(C(=O)c7ccccc7)c6)cc5C(=O)c5ccccc5)c(C(=O)c5ccccc5)c4)c(C(=O)c4ccccc4)c3)c(C(=O)c3ccccc3)c2)c(C(=O)c2ccccc2)c1,p_exp_CH4,-10.88605665
2312,[*]c1ccc(-c2ccc(-c3ccc(-c4ccc(-c5ccc(-c6ccc(-c7ccc(-c8ccc(-c9ccc%10c(c9)C(=O)C(c9ccc(-c%11ccc([*])cc%11C(=O)c%11ccccc%11)cc9C(F)(F)F)C%10=O)cc8C(=O)c8ccccc8)c(C(=O)c8ccccc8)c7)c(C(=O)c7ccccc7)c6)cc5C(=O)c5ccccc5)c(C(=O)c5ccccc5)c4)c(C(=O)c4ccccc4)c3)c(C(=O)c3ccccc3)c2)c(C(=O)c2ccccc2)c1,p_exp_CO2,-9.442492798
2313,[*]c1ccc(-c2ccc(-c3ccc(-c4ccc(-c5ccc(-c6ccc(-c7ccc(-c8ccc(-c9ccc%10c(c9)C(=O)C(c9ccc(-c%11ccc([*])cc%11C(=O)c%11ccccc%11)cc9C(F)(F)F)C%10=O)cc8C(=O)c8ccccc8)c(C(=O)c8ccccc8)c7)c(C(=O)c7ccccc7)c6)cc5C(=O)c5ccccc5)c(C(=O)c5ccccc5)c4)c(C(=O)c4ccccc4)c3)c(C(=O)c3ccccc3)c2)c(C(=O)c2ccccc2)c1,p_exp_H2,-9.000869459
2314,[*]c1ccc(-c2ccc(-c3ccc(-c4ccc(-c5ccc(-c6ccc(-c7ccc(-c8ccc(-c9ccc%10c(c9)C(=O)C(c9ccc(-c%11ccc([*])cc%11C(=O)c%11ccccc%11)cc9C(F)(F)F)C%10=O)cc8C(=O)c8ccccc8)c(C(=O)c8ccccc8)c7)c(C(=O)c7ccccc7)c6)cc5C(=O)c5ccccc5)c(C(=O)c5ccccc5)c4)c(C(=O)c4ccccc4)c3)c(C(=O)c3ccccc3)c2)c(C(=O)c2ccccc2)c1,p_exp_N2,-10.92081875
2315,[*]c1ccc(-c2ccc(-c3ccc(-c4ccc(-c5ccc(-c6ccc(-c7ccc(-c8ccc(-c9ccc%10c(c9)C(=O)C(c9ccc(-c%11ccc([*])cc%11C(=O)c%11ccccc%11)cc9C(F)(F)F)C%10=O)cc8C(=O)c8ccccc8)c(C(=O)c8ccccc8)c7)c(C(=O)c7ccccc7)c6)cc5C(=O)c5ccccc5)c(C(=O)c5ccccc5)c4)c(C(=O)c4ccccc4)c3)c(C(=O)c3ccccc3)c2)c(C(=O)c2ccccc2)c1,p_exp_O2,-10.1079054
2316,[*]c1ccc(-c2ccc(-c3ccc(C([*])(c4ccccc4)C(F)(F)F)cc3)cc2)cc1,p_exp_CH4,-8.886056648
2317,[*]c1ccc(-c2ccc(-c3ccc(C([*])(c4ccccc4)C(F)(F)F)cc3)cc2)cc1,p_exp_CO2,-7.657577319
2318,[*]c1ccc(-c2ccc(-c3ccc(C([*])(c4ccccc4)C(F)(F)F)cc3)cc2)cc1,p_exp_H2,-7.899629455
2319,[*]c1ccc(-c2ccc(-c3ccc(C([*])(c4ccccc4)C(F)(F)F)cc3)cc2)cc1,p_exp_He,-8.086186148
2320,[*]c1ccc(-c2ccc(-c3ccc(C([*])(c4ccccc4)C(F)(F)F)cc3)cc2)cc1,p_exp_N2,-9.045757491
2321,[*]c1ccc(-c2ccc(-c3ccc(C([*])(c4ccccc4)C(F)(F)F)cc3)cc2)cc1,p_exp_O2,-8.494850022
2322,[*]c1ccc(-c2ccc(-n3c(=O)c4cc5oc6cc7c(cc6oc5cc4c3=O)C3(CC(C)(C)c4cc5oc6cc8c(=O)n([*])c(=O)c8cc6oc5cc43)CC7(C)C)cc2C(F)(F)F)c(C(F)(F)F)c1,p_exp_CH4,-8.698970004
2323,[*]c1ccc(-c2ccc(-n3c(=O)c4cc5oc6cc7c(cc6oc5cc4c3=O)C3(CC(C)(C)c4cc5oc6cc8c(=O)n([*])c(=O)c8cc6oc5cc43)CC7(C)C)cc2C(F)(F)F)c(C(F)(F)F)c1,p_exp_CO2,-7.37675071
2324,[*]c1ccc(-c2ccc(-n3c(=O)c4cc5oc6cc7c(cc6oc5cc4c3=O)C3(CC(C)(C)c4cc5oc6cc8c(=O)n([*])c(=O)c8cc6oc5cc43)CC7(C)C)cc2C(F)(F)F)c(C(F)(F)F)c1,p_exp_H2,-7.522878745
2325,[*]c1ccc(-c2ccc(-n3c(=O)c4cc5oc6cc7c(cc6oc5cc4c3=O)C3(CC(C)(C)c4cc5oc6cc8c(=O)n([*])c(=O)c8cc6oc5cc43)CC7(C)C)cc2C(F)(F)F)c(C(F)(F)F)c1,p_exp_He,-7.688246139
2326,[*]c1ccc(-c2ccc(-n3c(=O)c4cc5oc6cc7c(cc6oc5cc4c3=O)C3(CC(C)(C)c4cc5oc6cc8c(=O)n([*])c(=O)c8cc6oc5cc43)CC7(C)C)cc2C(F)(F)F)c(C(F)(F)F)c1,p_exp_N2,-8.795880017
2327,[*]c1ccc(-c2ccc(-n3c(=O)c4cc5oc6cc7c(cc6oc5cc4c3=O)C3(CC(C)(C)c4cc5oc6cc8c(=O)n([*])c(=O)c8cc6oc5cc43)CC7(C)C)cc2C(F)(F)F)c(C(F)(F)F)c1,p_exp_O2,-8.193820026
2328,[*]c1ccc(-c2ccc(C([*])(C(F)(F)F)C(F)(F)F)cc2)cc1,p_exp_CH4,-8.468521083
2329,[*]c1ccc(-c2ccc(C([*])(C(F)(F)F)C(F)(F)F)cc2)cc1,p_exp_CO2,-7.327902142
2330,[*]c1ccc(-c2ccc(C([*])(C(F)(F)F)C(F)(F)F)cc2)cc1,p_exp_H2,-7.327902142
2331,[*]c1ccc(-c2ccc(C([*])(C(F)(F)F)C(F)(F)F)cc2)cc1,p_exp_He,-7.408935393
2332,[*]c1ccc(-c2ccc(C([*])(C(F)(F)F)C(F)(F)F)cc2)cc1,p_exp_N2,-8.387216143
2333,[*]c1ccc(-c2ccc(C([*])(C(F)(F)F)C(F)(F)F)cc2)cc1,p_exp_O2,-7.920818754
2334,[*]c1ccc(-c2ccc(C([*])(c3ccccc3)C(F)(F)F)cc2)cc1,p_exp_CH4,-9
2335,[*]c1ccc(-c2ccc(C([*])(c3ccccc3)C(F)(F)F)cc2)cc1,p_exp_CO2,-7.779891912
2336,[*]c1ccc(-c2ccc(C([*])(c3ccccc3)C(F)(F)F)cc2)cc1,p_exp_H2,-7.943095149
2337,[*]c1ccc(-c2ccc(C([*])(c3ccccc3)C(F)(F)F)cc2)cc1,p_exp_He,-8.075720714
2338,[*]c1ccc(-c2ccc(C([*])(c3ccccc3)C(F)(F)F)cc2)cc1,p_exp_N2,-9.180456064
2339,[*]c1ccc(-c2ccc(C([*])(c3ccccc3)C(F)(F)F)cc2)cc1,p_exp_O2,-8.602059991
2340,[*]c1ccc(-c2ccc(C3([*])OC(=O)c4ccccc43)cc2)cc1,p_exp_CH4,-9.540607512
2341,[*]c1ccc(-c2ccc(C3([*])OC(=O)c4ccccc43)cc2)cc1,p_exp_CO2,-8.142667504
2342,[*]c1ccc(-c2ccc(C3([*])OC(=O)c4ccccc43)cc2)cc1,p_exp_H2,-8.13076828
2343,[*]c1ccc(-c2ccc(C3([*])OC(=O)c4ccccc43)cc2)cc1,p_exp_N2,-9.621602099
2344,[*]c1ccc(-c2ccc(C3([*])OC(=O)c4ccccc43)cc2)cc1,p_exp_O2,-8.958607315
2345,[*]c1ccc(-c2ccc(N3C(=O)c4cc5c(cc4C3=O)S(=O)(=O)c3cc4c(cc3S5(=O)=O)C(=O)N([*])C4=O)cc2C(F)(F)F)c(C(F)(F)F)c1,p_exp_CH4,-9.91721463
2346,[*]c1ccc(-c2ccc(N3C(=O)c4cc5c(cc4C3=O)S(=O)(=O)c3cc4c(cc3S5(=O)=O)C(=O)N([*])C4=O)cc2C(F)(F)F)c(C(F)(F)F)c1,p_exp_CO2,-8.408935393
2347,[*]c1ccc(-c2ccc(N3C(=O)c4cc5c(cc4C3=O)S(=O)(=O)c3cc4c(cc3S5(=O)=O)C(=O)N([*])C4=O)cc2C(F)(F)F)c(C(F)(F)F)c1,p_exp_H2,-8.236572006
2348,[*]c1ccc(-c2ccc(N3C(=O)c4cc5c(cc4C3=O)S(=O)(=O)c3cc4c(cc3S5(=O)=O)C(=O)N([*])C4=O)cc2C(F)(F)F)c(C(F)(F)F)c1,p_exp_N2,-9.876148359
2349,[*]c1ccc(-c2ccc(N3C(=O)c4cc5c(cc4C3=O)S(=O)(=O)c3cc4c(cc3S5(=O)=O)C(=O)N([*])C4=O)cc2C(F)(F)F)c(C(F)(F)F)c1,p_exp_O2,-9.180456064
2350,[*]c1ccc(-c2ccc(Oc3ccc(C4(c5ccc(Oc6ccc(-c7ccc(-n8c(=O)c9cc%10c(=O)n([*])c(=O)c%10cc9c8=O)cc7)cc6C(F)(F)F)cc5)C(=O)N(c5ccccc5)c5ccccc54)cc3)c(C(F)(F)F)c2)cc1,p_exp_CH4,-10.10237291
2351,[*]c1ccc(-c2ccc(Oc3ccc(C4(c5ccc(Oc6ccc(-c7ccc(-n8c(=O)c9cc%10c(=O)n([*])c(=O)c%10cc9c8=O)cc7)cc6C(F)(F)F)cc5)C(=O)N(c5ccccc5)c5ccccc54)cc3)c(C(F)(F)F)c2)cc1,p_exp_CO2,-8.402304814
2352,[*]c1ccc(-c2ccc(Oc3ccc(C4(c5ccc(Oc6ccc(-c7ccc(-n8c(=O)c9cc%10c(=O)n([*])c(=O)c%10cc9c8=O)cc7)cc6C(F)(F)F)cc5)C(=O)N(c5ccccc5)c5ccccc54)cc3)c(C(F)(F)F)c2)cc1,p_exp_N2,-9.920818754
2353,[*]c1ccc(-c2ccc(Oc3ccc(C4(c5ccc(Oc6ccc(-c7ccc(-n8c(=O)c9cc%10c(=O)n([*])c(=O)c%10cc9c8=O)cc7)cc6C(F)(F)F)cc5)C(=O)N(c5ccccc5)c5ccccc54)cc3)c(C(F)(F)F)c2)cc1,p_exp_O2,-9.118045029
2354,[*]c1ccc(-c2ccc(Oc3ccc(C4(c5ccc(Oc6ccc(-c7ccc(-n8c(=O)c9cc%10c(=O)n([*])c(=O)c%10cc9c8=O)cc7)cc6C(F)(F)F)cc5)c5ccccc5-c5ccccc54)cc3)c(C(F)(F)F)c2)cc1,p_exp_CH4,-10.02687215
2355,[*]c1ccc(-c2ccc(Oc3ccc(C4(c5ccc(Oc6ccc(-c7ccc(-n8c(=O)c9cc%10c(=O)n([*])c(=O)c%10cc9c8=O)cc7)cc6C(F)(F)F)cc5)c5ccccc5-c5ccccc54)cc3)c(C(F)(F)F)c2)cc1,p_exp_CO2,-8.442492798
2356,[*]c1ccc(-c2ccc(Oc3ccc(C4(c5ccc(Oc6ccc(-c7ccc(-n8c(=O)c9cc%10c(=O)n([*])c(=O)c%10cc9c8=O)cc7)cc6C(F)(F)F)cc5)c5ccccc5-c5ccccc54)cc3)c(C(F)(F)F)c2)cc1,p_exp_N2,-10.02227639
2357,[*]c1ccc(-c2ccc(Oc3ccc(C4(c5ccc(Oc6ccc(-c7ccc(-n8c(=O)c9cc%10c(=O)n([*])c(=O)c%10cc9c8=O)cc7)cc6C(F)(F)F)cc5)c5ccccc5-c5ccccc54)cc3)c(C(F)(F)F)c2)cc1,p_exp_O2,-9.20481541
2358,[*]c1ccc(-c2ccc3c(c2)C(=O)C(c2ccc(-c4ccc5c(c4)C(=O)C(c4ccc(-c6ccc7c(c6)C(=O)C(c6ccc([*])cc6C(F)(F)F)C7=O)cc4C(F)(F)F)C5=O)cc2C(F)(F)F)C3=O)c(C(=O)c2ccccc2)c1,p_exp_CH4,-10.4436975
2359,[*]c1ccc(-c2ccc3c(c2)C(=O)C(c2ccc(-c4ccc5c(c4)C(=O)C(c4ccc(-c6ccc7c(c6)C(=O)C(c6ccc([*])cc6C(F)(F)F)C7=O)cc4C(F)(F)F)C5=O)cc2C(F)(F)F)C3=O)c(C(=O)c2ccccc2)c1,p_exp_CO2,-8.869666232
2360,[*]c1ccc(-c2ccc3c(c2)C(=O)C(c2ccc(-c4ccc5c(c4)C(=O)C(c4ccc(-c6ccc7c(c6)C(=O)C(c6ccc([*])cc6C(F)(F)F)C7=O)cc4C(F)(F)F)C5=O)cc2C(F)(F)F)C3=O)c(C(=O)c2ccccc2)c1,p_exp_H2,-8.625251654
2361,[*]c1ccc(-c2ccc3c(c2)C(=O)C(c2ccc(-c4ccc5c(c4)C(=O)C(c4ccc(-c6ccc7c(c6)C(=O)C(c6ccc([*])cc6C(F)(F)F)C7=O)cc4C(F)(F)F)C5=O)cc2C(F)(F)F)C3=O)c(C(=O)c2ccccc2)c1,p_exp_N2,-10.30980392
2362,[*]c1ccc(-c2ccc3c(c2)C(=O)C(c2ccc(-c4ccc5c(c4)C(=O)C(c4ccc(-c6ccc7c(c6)C(=O)C(c6ccc([*])cc6C(F)(F)F)C7=O)cc4C(F)(F)F)C5=O)cc2C(F)(F)F)C3=O)c(C(=O)c2ccccc2)c1,p_exp_O2,-9.576754126
2363,[*]c1ccc(-c2nc3cc(-c4ccc5nc([*])[nH]c5c4)ccc3[nH]2)cc1,p_exp_H2,-10.79588002
2364,[*]c1ccc(-c2nc3cc(-c4ccc5nc([*])[nH]c5c4)ccc3[nH]2)cc1,p_exp_O2,-12.39794001
2365,[*]c1ccc(-c2nc3cc(C(c4ccc5oc(-c6ccc(C([*])(C(F)(F)F)C(F)(F)F)cc6)nc5c4)(C(F)(F)F)C(F)(F)F)ccc3o2)cc1,p_exp_CH4,-9.795880017
2366,[*]c1ccc(-c2nc3cc(C(c4ccc5oc(-c6ccc(C([*])(C(F)(F)F)C(F)(F)F)cc6)nc5c4)(C(F)(F)F)C(F)(F)F)ccc3o2)cc1,p_exp_CO2,-8.214670165
2367,[*]c1ccc(-c2nc3cc(C(c4ccc5oc(-c6ccc(C([*])(C(F)(F)F)C(F)(F)F)cc6)nc5c4)(C(F)(F)F)C(F)(F)F)ccc3o2)cc1,p_exp_H2,-7.920818754
2368,[*]c1ccc(-c2nc3cc(C(c4ccc5oc(-c6ccc(C([*])(C(F)(F)F)C(F)(F)F)cc6)nc5c4)(C(F)(F)F)C(F)(F)F)ccc3o2)cc1,p_exp_N2,-9.468521083
2369,[*]c1ccc(-c2nc3cc(C(c4ccc5oc(-c6ccc(C([*])(C(F)(F)F)C(F)(F)F)cc6)nc5c4)(C(F)(F)F)C(F)(F)F)ccc3o2)cc1,p_exp_O2,-8.785156152
2370,[*]c1ccc(-c2nc3ccc(-c4ccc5[nH]c([*])nc5c4)cc3[nH]2)c(Br)c1,p_exp_H2,-10.4202164
2371,[*]c1ccc(-c2nc3ccc(-c4ccc5[nH]c([*])nc5c4)cc3[nH]2)c(Br)c1,p_exp_O2,-12.22184875
2372,[*]c1ccc(-c2nc3ccc(C(c4ccc5nc(-c6ccc(C([*])(C(F)(F)F)C(F)(F)F)cc6)oc5c4)(C(F)(F)F)C(F)(F)F)cc3o2)cc1,p_exp_CH4,-7.772113295
2373,[*]c1ccc(-c2nc3ccc(C(c4ccc5nc(-c6ccc(C([*])(C(F)(F)F)C(F)(F)F)cc6)oc5c4)(C(F)(F)F)C(F)(F)F)cc3o2)cc1,p_exp_CO2,-6.395773947
2374,[*]c1ccc(-c2nc3ccc(C(c4ccc5nc(-c6ccc(C([*])(C(F)(F)F)C(F)(F)F)cc6)oc5c4)(C(F)(F)F)C(F)(F)F)cc3o2)cc1,p_exp_H2,-6.530177984
2375,[*]c1ccc(-c2nc3ccc(C(c4ccc5nc(-c6ccc(C([*])(C(F)(F)F)C(F)(F)F)cc6)oc5c4)(C(F)(F)F)C(F)(F)F)cc3o2)cc1,p_exp_He,-6.793174124
2376,[*]c1ccc(-c2nc3ccc(C(c4ccc5nc(-c6ccc(C([*])(C(F)(F)F)C(F)(F)F)cc6)oc5c4)(C(F)(F)F)C(F)(F)F)cc3o2)cc1,p_exp_N2,-7.567030709
2377,[*]c1ccc(-c2nc3ccc(C(c4ccc5nc(-c6ccc(C([*])(C(F)(F)F)C(F)(F)F)cc6)oc5c4)(C(F)(F)F)C(F)(F)F)cc3o2)cc1,p_exp_O2,-7.018634491
2378,[*]c1ccc(-c2nnc(-c3cccc(-c4nnc([*])n4-c4ccc(C)cc4)c3)n2-c2ccccc2)cc1,p_exp_CH4,-10.69464863
2379,[*]c1ccc(-c2nnc(-c3cccc(-c4nnc([*])n4-c4ccc(C)cc4)c3)n2-c2ccccc2)cc1,p_exp_CO2,-8.995678626
2380,[*]c1ccc(-c2nnc(-c3cccc(-c4nnc([*])n4-c4ccc(C)cc4)c3)n2-c2ccccc2)cc1,p_exp_N2,-10.63827216
2381,[*]c1ccc(-c2nnc(-c3cccc(-c4nnc([*])n4-c4ccc(C)cc4)c3)n2-c2ccccc2)cc1,p_exp_O2,-9.835647144
2382,[*]c1ccc(-c2nnc(-c3cccc(-c4nnc([*])n4-c4ccc(Cl)cc4)c3)n2-c2ccccc2)cc1,p_exp_CH4,-10.8728952
2383,[*]c1ccc(-c2nnc(-c3cccc(-c4nnc([*])n4-c4ccc(Cl)cc4)c3)n2-c2ccccc2)cc1,p_exp_CO2,-9.173925197
2384,[*]c1ccc(-c2nnc(-c3cccc(-c4nnc([*])n4-c4ccc(Cl)cc4)c3)n2-c2ccccc2)cc1,p_exp_N2,-10.74472749
2385,[*]c1ccc(-c2nnc(-c3cccc(-c4nnc([*])n4-c4ccc(Cl)cc4)c3)n2-c2ccccc2)cc1,p_exp_O2,-9.931814138
2386,[*]c1ccc(-c2nnc(-c3cccc(-c4nnc([*])n4-c4ccc(F)cc4)c3)n2-c2ccccc2)cc1,p_exp_CH4,-11.17198494
2387,[*]c1ccc(-c2nnc(-c3cccc(-c4nnc([*])n4-c4ccc(F)cc4)c3)n2-c2ccccc2)cc1,p_exp_CO2,-9.48148606
2388,[*]c1ccc(-c2nnc(-c3cccc(-c4nnc([*])n4-c4ccc(F)cc4)c3)n2-c2ccccc2)cc1,p_exp_N2,-11
2389,[*]c1ccc(-c2nnc(-c3cccc(-c4nnc([*])n4-c4ccc(F)cc4)c3)n2-c2ccccc2)cc1,p_exp_O2,-10.22914799
2390,[*]c1ccc(-c2nnc(-c3cccc(-c4nnc([*])n4-c4ccccc4)c3)n2-c2ccccc2)cc1,p_exp_CH4,-11.15739076
2391,[*]c1ccc(-c2nnc(-c3cccc(-c4nnc([*])n4-c4ccccc4)c3)n2-c2ccccc2)cc1,p_exp_CO2,-9.403402904
2392,[*]c1ccc(-c2nnc(-c3cccc(-c4nnc([*])n4-c4ccccc4)c3)n2-c2ccccc2)cc1,p_exp_He,-8.853871964
2393,[*]c1ccc(-c2nnc(-c3cccc(-c4nnc([*])n4-c4ccccc4)c3)n2-c2ccccc2)cc1,p_exp_N2,-10.93930216
2394,[*]c1ccc(-c2nnc(-c3cccc(-c4nnc([*])n4-c4ccccc4)c3)n2-c2ccccc2)cc1,p_exp_O2,-10.07572071
2395,[*]c1ccc(-c2nnc([*])o2)cc1,p_exp_CH4,-9.446116973
2396,[*]c1ccc(-c2nnc([*])o2)cc1,p_exp_CO2,-8.031517051
2397,[*]c1ccc(-c2nnc([*])o2)cc1,p_exp_N2,-9.48148606
2398,[*]c1ccc(-c2nnc([*])o2)cc1,p_exp_O2,-8.76700389
2399,[*]c1ccc(-n2c(=O)c3cc4c(=O)n(-c5ccc(C([*])(C)C)cc5)c(=O)c4cc3c2=O)cc1,p_exp_CH4,-10.04575749
2400,[*]c1ccc(-n2c(=O)c3cc4c(=O)n(-c5ccc(C([*])(C)C)cc5)c(=O)c4cc3c2=O)cc1,p_exp_CO2,-8.568636236
2401,[*]c1ccc(-n2c(=O)c3cc4c(=O)n(-c5ccc(C([*])(C)C)cc5)c(=O)c4cc3c2=O)cc1,p_exp_H2,-8.769551079
2402,[*]c1ccc(-n2c(=O)c3cc4c(=O)n(-c5ccc(C([*])(C)C)cc5)c(=O)c4cc3c2=O)cc1,p_exp_He,-8.43062609
2403,[*]c1ccc(-n2c(=O)c3cc4c(=O)n(-c5ccc(C([*])(C)C)cc5)c(=O)c4cc3c2=O)cc1,p_exp_N2,-9.823908741
2404,[*]c1ccc(-n2c(=O)c3cc4c(=O)n(-c5ccc(C([*])(C)C)cc5)c(=O)c4cc3c2=O)cc1,p_exp_O2,-9.148741651
2405,[*]c1ccc(C(=O)Nc2ccc(-c3ccc(NC(=O)c4ccc5c(c4)C(C)(C)CC5([*])C)cc3C(F)(F)F)c(C(F)(F)F)c2)cc1,p_exp_CH4,-10.04575749
2406,[*]c1ccc(C(=O)Nc2ccc(-c3ccc(NC(=O)c4ccc5c(c4)C(C)(C)CC5([*])C)cc3C(F)(F)F)c(C(F)(F)F)c2)cc1,p_exp_CO2,-8.505845406
2407,[*]c1ccc(C(=O)Nc2ccc(-c3ccc(NC(=O)c4ccc5c(c4)C(C)(C)CC5([*])C)cc3C(F)(F)F)c(C(F)(F)F)c2)cc1,p_exp_He,-8.199282922
2408,[*]c1ccc(C(=O)Nc2ccc(-c3ccc(NC(=O)c4ccc5c(c4)C(C)(C)CC5([*])C)cc3C(F)(F)F)c(C(F)(F)F)c2)cc1,p_exp_N2,-9.886056648
2409,[*]c1ccc(C(=O)Nc2ccc(-c3ccc(NC(=O)c4ccc5c(c4)C(C)(C)CC5([*])C)cc3C(F)(F)F)c(C(F)(F)F)c2)cc1,p_exp_O2,-9.140861703
2410,[*]c1ccc(C(=O)Nc2ccc(C(c3ccc(NC(=O)c4ccc5c(c4)C(C)(C)CC5([*])C)cc3)(C(F)(F)F)C(F)(F)F)cc2)cc1,p_exp_CH4,-10.04095861
2411,[*]c1ccc(C(=O)Nc2ccc(C(c3ccc(NC(=O)c4ccc5c(c4)C(C)(C)CC5([*])C)cc3)(C(F)(F)F)C(F)(F)F)cc2)cc1,p_exp_CO2,-8.452225295
2412,[*]c1ccc(C(=O)Nc2ccc(C(c3ccc(NC(=O)c4ccc5c(c4)C(C)(C)CC5([*])C)cc3)(C(F)(F)F)C(F)(F)F)cc2)cc1,p_exp_He,-8.181774106
2413,[*]c1ccc(C(=O)Nc2ccc(C(c3ccc(NC(=O)c4ccc5c(c4)C(C)(C)CC5([*])C)cc3)(C(F)(F)F)C(F)(F)F)cc2)cc1,p_exp_N2,-9.866461092
2414,[*]c1ccc(C(=O)Nc2ccc(C(c3ccc(NC(=O)c4ccc5c(c4)C(C)(C)CC5([*])C)cc3)(C(F)(F)F)C(F)(F)F)cc2)cc1,p_exp_O2,-9.133712661
2415,[*]c1ccc(C(=O)Nc2ccc(Oc3ccc(C(C)(C)c4ccc(Oc5ccc(NC(=O)c6ccc7c(c6)C(C)(C)CC7([*])C)cc5)cc4)cc3)cc2)cc1,p_exp_CH4,-10.48148606
2416,[*]c1ccc(C(=O)Nc2ccc(Oc3ccc(C(C)(C)c4ccc(Oc5ccc(NC(=O)c6ccc7c(c6)C(C)(C)CC7([*])C)cc5)cc4)cc3)cc2)cc1,p_exp_CO2,-9.017728767
2417,[*]c1ccc(C(=O)Nc2ccc(Oc3ccc(C(C)(C)c4ccc(Oc5ccc(NC(=O)c6ccc7c(c6)C(C)(C)CC7([*])C)cc5)cc4)cc3)cc2)cc1,p_exp_He,-8.772113295
2418,[*]c1ccc(C(=O)Nc2ccc(Oc3ccc(C(C)(C)c4ccc(Oc5ccc(NC(=O)c6ccc7c(c6)C(C)(C)CC7([*])C)cc5)cc4)cc3)cc2)cc1,p_exp_N2,-10.50863831
2419,[*]c1ccc(C(=O)Nc2ccc(Oc3ccc(C(C)(C)c4ccc(Oc5ccc(NC(=O)c6ccc7c(c6)C(C)(C)CC7([*])C)cc5)cc4)cc3)cc2)cc1,p_exp_O2,-9.718966633
2420,[*]c1ccc(C(=O)Nc2ccc(Oc3ccc(NC(=O)c4ccc5c(c4)C(C)(C)CC5([*])C)cc3)cc2)cc1,p_exp_CH4,-10.67778071
2421,[*]c1ccc(C(=O)Nc2ccc(Oc3ccc(NC(=O)c4ccc5c(c4)C(C)(C)CC5([*])C)cc3)cc2)cc1,p_exp_CO2,-9.075720714
2422,[*]c1ccc(C(=O)Nc2ccc(Oc3ccc(NC(=O)c4ccc5c(c4)C(C)(C)CC5([*])C)cc3)cc2)cc1,p_exp_He,-8.716698771
2423,[*]c1ccc(C(=O)Nc2ccc(Oc3ccc(NC(=O)c4ccc5c(c4)C(C)(C)CC5([*])C)cc3)cc2)cc1,p_exp_N2,-10.61978876
2424,[*]c1ccc(C(=O)Nc2ccc(Oc3ccc(NC(=O)c4ccc5c(c4)C(C)(C)CC5([*])C)cc3)cc2)cc1,p_exp_O2,-9.777283529
2425,[*]c1ccc(C(=O)Nc2ccc(S(=O)(=O)c3ccc(NC(=O)c4ccc5c(c4)C(C)(C)CC5([*])C)cc3)cc2)cc1,p_exp_CH4,-11.39794001
2426,[*]c1ccc(C(=O)Nc2ccc(S(=O)(=O)c3ccc(NC(=O)c4ccc5c(c4)C(C)(C)CC5([*])C)cc3)cc2)cc1,p_exp_CO2,-9.657577319
2427,[*]c1ccc(C(=O)Nc2ccc(S(=O)(=O)c3ccc(NC(=O)c4ccc5c(c4)C(C)(C)CC5([*])C)cc3)cc2)cc1,p_exp_He,-8.924453039
2428,[*]c1ccc(C(=O)Nc2ccc(S(=O)(=O)c3ccc(NC(=O)c4ccc5c(c4)C(C)(C)CC5([*])C)cc3)cc2)cc1,p_exp_N2,-11.22184875
2429,[*]c1ccc(C(=O)Nc2ccc(S(=O)(=O)c3ccc(NC(=O)c4ccc5c(c4)C(C)(C)CC5([*])C)cc3)cc2)cc1,p_exp_O2,-10.27572413
2430,[*]c1ccc(C(=O)Nc2cccc(NC(=O)c3ccc4c(c3)C(C)(C)CC4([*])C)c2)cc1,p_exp_CH4,-10.86966623
2431,[*]c1ccc(C(=O)Nc2cccc(NC(=O)c3ccc4c(c3)C(C)(C)CC4([*])C)c2)cc1,p_exp_CO2,-9.151810883
2432,[*]c1ccc(C(=O)Nc2cccc(NC(=O)c3ccc4c(c3)C(C)(C)CC4([*])C)c2)cc1,p_exp_He,-8.744727495
2433,[*]c1ccc(C(=O)Nc2cccc(NC(=O)c3ccc4c(c3)C(C)(C)CC4([*])C)c2)cc1,p_exp_N2,-10.69897
2434,[*]c1ccc(C(=O)Nc2cccc(NC(=O)c3ccc4c(c3)C(C)(C)CC4([*])C)c2)cc1,p_exp_O2,-9.847711656
2435,[*]c1ccc(C(=O)Nc2cccc3c(NC(=O)c4ccc5c(c4)C(C)(C)CC5([*])C)cccc23)cc1,p_exp_CH4,-11.04575749
2436,[*]c1ccc(C(=O)Nc2cccc3c(NC(=O)c4ccc5c(c4)C(C)(C)CC5([*])C)cccc23)cc1,p_exp_CO2,-9.387216143
2437,[*]c1ccc(C(=O)Nc2cccc3c(NC(=O)c4ccc5c(c4)C(C)(C)CC5([*])C)cccc23)cc1,p_exp_He,-8.801342913
2438,[*]c1ccc(C(=O)Nc2cccc3c(NC(=O)c4ccc5c(c4)C(C)(C)CC5([*])C)cccc23)cc1,p_exp_N2,-10.92081875
2439,[*]c1ccc(C(=O)Nc2cccc3c(NC(=O)c4ccc5c(c4)C(C)(C)CC5([*])C)cccc23)cc1,p_exp_O2,-10.02687215
2440,[*]c1ccc(C(=O)c2ccc(Oc3ccc(-c4ccc(Oc5ccc(C(=O)c6ccc7c(c6)C(C)(C6CCCCC6)CC7([*])C6CCCCC6)cc5)cc4)cc3)cc2)cc1,p_exp_CO2,-9.190440285
2441,[*]c1ccc(C(=O)c2ccc(Oc3ccc(-c4ccc(Oc5ccc(C(=O)c6ccc7c(c6)C(C)(C6CCCCC6)CC7([*])C6CCCCC6)cc5)cc4)cc3)cc2)cc1,p_exp_H2,-8.826813732
2442,[*]c1ccc(C(=O)c2ccc(Oc3ccc(-c4ccc(Oc5ccc(C(=O)c6ccc7c(c6)C(C)(C6CCCCC6)CC7([*])C6CCCCC6)cc5)cc4)cc3)cc2)cc1,p_exp_N2,-10.37675071
2443,[*]c1ccc(C(=O)c2ccc(Oc3ccc(-c4ccc(Oc5ccc(C(=O)c6ccc7c(c6)C(C)(C6CCCCC6)CC7([*])C6CCCCC6)cc5)cc4)cc3)cc2)cc1,p_exp_O2,-9.832682665
2444,[*]c1ccc(C(=O)c2ccc(Oc3ccc(C(=O)c4ccc(C(=O)c5ccc(Oc6ccc(C(=O)c7ccc(C8([*])OC(=O)c9ccccc98)cc7)cc6)cc5)cc4)cc3)cc2)cc1,p_exp_CH4,-11.16115091
2445,[*]c1ccc(C(=O)c2ccc(Oc3ccc(C(=O)c4ccc(C(=O)c5ccc(Oc6ccc(C(=O)c7ccc(C8([*])OC(=O)c9ccccc98)cc7)cc6)cc5)cc4)cc3)cc2)cc1,p_exp_CO2,-9.669586227
2446,[*]c1ccc(C(=O)c2ccc(Oc3ccc(C(=O)c4ccc(C(=O)c5ccc(Oc6ccc(C(=O)c7ccc(C8([*])OC(=O)c9ccccc98)cc7)cc6)cc5)cc4)cc3)cc2)cc1,p_exp_H2,-9.124938737
2447,[*]c1ccc(C(=O)c2ccc(Oc3ccc(C(=O)c4ccc(C(=O)c5ccc(Oc6ccc(C(=O)c7ccc(C8([*])OC(=O)c9ccccc98)cc7)cc6)cc5)cc4)cc3)cc2)cc1,p_exp_N2,-11.13727247
2448,[*]c1ccc(C(=O)c2ccc(Oc3ccc(C(=O)c4ccc(C(=O)c5ccc(Oc6ccc(C(=O)c7ccc(C8([*])OC(=O)c9ccccc98)cc7)cc6)cc5)cc4)cc3)cc2)cc1,p_exp_O2,-10.29242982
2449,[*]c1ccc(C(=O)c2ccc(Oc3ccc(C(=O)c4ccc(Oc5ccc(C(=O)c6ccc(C7([*])OC(=O)c8ccccc87)cc6)cc5)cc4)cc3)cc2)cc1,p_exp_CH4,-11
2450,[*]c1ccc(C(=O)c2ccc(Oc3ccc(C(=O)c4ccc(Oc5ccc(C(=O)c6ccc(C7([*])OC(=O)c8ccccc87)cc6)cc5)cc4)cc3)cc2)cc1,p_exp_CO2,-9.508638306
2451,[*]c1ccc(C(=O)c2ccc(Oc3ccc(C(=O)c4ccc(Oc5ccc(C(=O)c6ccc(C7([*])OC(=O)c8ccccc87)cc6)cc5)cc4)cc3)cc2)cc1,p_exp_H2,-9.036212173
2452,[*]c1ccc(C(=O)c2ccc(Oc3ccc(C(=O)c4ccc(Oc5ccc(C(=O)c6ccc(C7([*])OC(=O)c8ccccc87)cc6)cc5)cc4)cc3)cc2)cc1,p_exp_N2,-11.00612309
2453,[*]c1ccc(C(=O)c2ccc(Oc3ccc(C(=O)c4ccc(Oc5ccc(C(=O)c6ccc(C7([*])OC(=O)c8ccccc87)cc6)cc5)cc4)cc3)cc2)cc1,p_exp_O2,-10.16749109
2454,[*]c1ccc(C(=O)c2ccc(Oc3ccc(C(=O)c4ccc(Oc5ccc(C(=O)c6ccc7c(c6)C(C)(C6CCCCC6)CC7([*])C6CCCCC6)cc5)cc4)cc3)cc2)cc1,p_exp_CO2,-9.301029996
2455,[*]c1ccc(C(=O)c2ccc(Oc3ccc(C(=O)c4ccc(Oc5ccc(C(=O)c6ccc7c(c6)C(C)(C6CCCCC6)CC7([*])C6CCCCC6)cc5)cc4)cc3)cc2)cc1,p_exp_H2,-8.903089987
2456,[*]c1ccc(C(=O)c2ccc(Oc3ccc(C(=O)c4ccc(Oc5ccc(C(=O)c6ccc7c(c6)C(C)(C6CCCCC6)CC7([*])C6CCCCC6)cc5)cc4)cc3)cc2)cc1,p_exp_N2,-10.79588002
2457,[*]c1ccc(C(=O)c2ccc(Oc3ccc(C(=O)c4ccc(Oc5ccc(C(=O)c6ccc7c(c6)C(C)(C6CCCCC6)CC7([*])C6CCCCC6)cc5)cc4)cc3)cc2)cc1,p_exp_O2,-9.987162775
2458,[*]c1ccc(C(=O)c2ccc(Oc3ccc(C(=O)c4cccc(C(=O)c5ccc(Oc6ccc(C(=O)c7ccc(C8([*])OC(=O)c9ccccc98)cc7)cc6)cc5)c4)cc3)cc2)cc1,p_exp_CH4,-11.55909092
2459,[*]c1ccc(C(=O)c2ccc(Oc3ccc(C(=O)c4cccc(C(=O)c5ccc(Oc6ccc(C(=O)c7ccc(C8([*])OC(=O)c9ccccc98)cc7)cc6)cc5)c4)cc3)cc2)cc1,p_exp_CO2,-10.04095861
2460,[*]c1ccc(C(=O)c2ccc(Oc3ccc(C(=O)c4cccc(C(=O)c5ccc(Oc6ccc(C(=O)c7ccc(C8([*])OC(=O)c9ccccc98)cc7)cc6)cc5)c4)cc3)cc2)cc1,p_exp_H2,-9.27572413
2461,[*]c1ccc(C(=O)c2ccc(Oc3ccc(C(=O)c4cccc(C(=O)c5ccc(Oc6ccc(C(=O)c7ccc(C8([*])OC(=O)c9ccccc98)cc7)cc6)cc5)c4)cc3)cc2)cc1,p_exp_N2,-11.50863831
2462,[*]c1ccc(C(=O)c2ccc(Oc3ccc(C(=O)c4cccc(C(=O)c5ccc(Oc6ccc(C(=O)c7ccc(C8([*])OC(=O)c9ccccc98)cc7)cc6)cc5)c4)cc3)cc2)cc1,p_exp_O2,-10.56863624
2463,[*]c1ccc(C(=O)c2ccc(Oc3ccc(C(c4ccc(Oc5ccc(C(=O)c6ccc(C([*])(C)C)cc6)cc5)cc4)(C(F)(F)F)C(F)(F)F)cc3)cc2)cc1,p_exp_CH4,-10.4621809
2464,[*]c1ccc(C(=O)c2ccc(Oc3ccc(C(c4ccc(Oc5ccc(C(=O)c6ccc(C([*])(C)C)cc6)cc5)cc4)(C(F)(F)F)C(F)(F)F)cc3)cc2)cc1,p_exp_CO2,-9.096910013
2465,[*]c1ccc(C(=O)c2ccc(Oc3ccc(C(c4ccc(Oc5ccc(C(=O)c6ccc(C([*])(C)C)cc6)cc5)cc4)(C(F)(F)F)C(F)(F)F)cc3)cc2)cc1,p_exp_H2,-8.642065153
2466,[*]c1ccc(C(=O)c2ccc(Oc3ccc(C(c4ccc(Oc5ccc(C(=O)c6ccc(C([*])(C)C)cc6)cc5)cc4)(C(F)(F)F)C(F)(F)F)cc3)cc2)cc1,p_exp_He,-8.578396073
2467,[*]c1ccc(C(=O)c2ccc(Oc3ccc(C(c4ccc(Oc5ccc(C(=O)c6ccc(C([*])(C)C)cc6)cc5)cc4)(C(F)(F)F)C(F)(F)F)cc3)cc2)cc1,p_exp_N2,-10.35654732
2468,[*]c1ccc(C(=O)c2ccc(Oc3ccc(C(c4ccc(Oc5ccc(C(=O)c6ccc(C([*])(C)C)cc6)cc5)cc4)(C(F)(F)F)C(F)(F)F)cc3)cc2)cc1,p_exp_O2,-9.619788758
2469,[*]c1ccc(C(=O)c2ccc(Oc3ccc(C(c4ccc(Oc5ccc(C(=O)c6ccc7c(c6)C(C)(C6CCCCC6)CC7([*])C6CCCCC6)cc5)cc4)(C(F)(F)F)C(F)(F)F)cc3)cc2)cc1,p_exp_CO2,-9.113509275
2470,[*]c1ccc(C(=O)c2ccc(Oc3ccc(C(c4ccc(Oc5ccc(C(=O)c6ccc7c(c6)C(C)(C6CCCCC6)CC7([*])C6CCCCC6)cc5)cc4)(C(F)(F)F)C(F)(F)F)cc3)cc2)cc1,p_exp_H2,-8.761953897
2471,[*]c1ccc(C(=O)c2ccc(Oc3ccc(C(c4ccc(Oc5ccc(C(=O)c6ccc7c(c6)C(C)(C6CCCCC6)CC7([*])C6CCCCC6)cc5)cc4)(C(F)(F)F)C(F)(F)F)cc3)cc2)cc1,p_exp_N2,-10.49485002
2472,[*]c1ccc(C(=O)c2ccc(Oc3ccc(C(c4ccc(Oc5ccc(C(=O)c6ccc7c(c6)C(C)(C6CCCCC6)CC7([*])C6CCCCC6)cc5)cc4)(C(F)(F)F)C(F)(F)F)cc3)cc2)cc1,p_exp_O2,-9.785156152
2473,[*]c1ccc(C(=O)c2ccc(Oc3ccc(C4(c5ccc(Oc6ccc(C(=O)c7ccc8c(c7)C(C)(C7CCCCC7)CC8([*])C7CCCCC7)cc6)cc5)CCCCC4)cc3)cc2)cc1,p_exp_CO2,-9.131355562
2474,[*]c1ccc(C(=O)c2ccc(Oc3ccc(C4(c5ccc(Oc6ccc(C(=O)c7ccc8c(c7)C(C)(C7CCCCC7)CC8([*])C7CCCCC7)cc6)cc5)CCCCC4)cc3)cc2)cc1,p_exp_H2,-8.777283529
2475,[*]c1ccc(C(=O)c2ccc(Oc3ccc(C4(c5ccc(Oc6ccc(C(=O)c7ccc8c(c7)C(C)(C7CCCCC7)CC8([*])C7CCCCC7)cc6)cc5)CCCCC4)cc3)cc2)cc1,p_exp_N2,-10.537602
2476,[*]c1ccc(C(=O)c2ccc(Oc3ccc(C4(c5ccc(Oc6ccc(C(=O)c7ccc8c(c7)C(C)(C7CCCCC7)CC8([*])C7CCCCC7)cc6)cc5)CCCCC4)cc3)cc2)cc1,p_exp_O2,-9.804100348
2477,[*]c1ccc(C(=O)c2ccc(Oc3ccc(Oc4ccc(Oc5ccc(C(=O)c6ccc7c(c6)C(C)(C6CCCCC6)CC7([*])C6CCCCC6)cc5)cc4)cc3)cc2)cc1,p_exp_CO2,-9.378823718
2478,[*]c1ccc(C(=O)c2ccc(Oc3ccc(Oc4ccc(Oc5ccc(C(=O)c6ccc7c(c6)C(C)(C6CCCCC6)CC7([*])C6CCCCC6)cc5)cc4)cc3)cc2)cc1,p_exp_H2,-8.935542011
2479,[*]c1ccc(C(=O)c2ccc(Oc3ccc(Oc4ccc(Oc5ccc(C(=O)c6ccc7c(c6)C(C)(C6CCCCC6)CC7([*])C6CCCCC6)cc5)cc4)cc3)cc2)cc1,p_exp_N2,-10.67778071
2480,[*]c1ccc(C(=O)c2ccc(Oc3ccc(Oc4ccc(Oc5ccc(C(=O)c6ccc7c(c6)C(C)(C6CCCCC6)CC7([*])C6CCCCC6)cc5)cc4)cc3)cc2)cc1,p_exp_O2,-9.966576245
2481,[*]c1ccc(C(=O)c2ccc(Oc3ccc(S(=O)(=O)c4ccc(Oc5ccc(C(=O)c6ccc7c(c6)C(C)(C6CCCCC6)CC7([*])C6CCCCC6)cc5)cc4)cc3)cc2)cc1,p_exp_CO2,-9.142667504
2482,[*]c1ccc(C(=O)c2ccc(Oc3ccc(S(=O)(=O)c4ccc(Oc5ccc(C(=O)c6ccc7c(c6)C(C)(C6CCCCC6)CC7([*])C6CCCCC6)cc5)cc4)cc3)cc2)cc1,p_exp_H2,-8.838631998
2483,[*]c1ccc(C(=O)c2ccc(Oc3ccc(S(=O)(=O)c4ccc(Oc5ccc(C(=O)c6ccc7c(c6)C(C)(C6CCCCC6)CC7([*])C6CCCCC6)cc5)cc4)cc3)cc2)cc1,p_exp_N2,-10.63827216
2484,[*]c1ccc(C(=O)c2ccc(Oc3ccc(S(=O)(=O)c4ccc(Oc5ccc(C(=O)c6ccc7c(c6)C(C)(C6CCCCC6)CC7([*])C6CCCCC6)cc5)cc4)cc3)cc2)cc1,p_exp_O2,-9.879426069
2485,[*]c1ccc(C(=O)c2ccc(Oc3ccc(Sc4ccc(Oc5ccc(C(=O)c6ccc7c(c6)C(C)(C6CCCCC6)CC7([*])C6CCCCC6)cc5)cc4)cc3)cc2)cc1,p_exp_CO2,-9.244125144
2486,[*]c1ccc(C(=O)c2ccc(Oc3ccc(Sc4ccc(Oc5ccc(C(=O)c6ccc7c(c6)C(C)(C6CCCCC6)CC7([*])C6CCCCC6)cc5)cc4)cc3)cc2)cc1,p_exp_H2,-8.869666232
2487,[*]c1ccc(C(=O)c2ccc(Oc3ccc(Sc4ccc(Oc5ccc(C(=O)c6ccc7c(c6)C(C)(C6CCCCC6)CC7([*])C6CCCCC6)cc5)cc4)cc3)cc2)cc1,p_exp_N2,-10.69897
2488,[*]c1ccc(C(=O)c2ccc(Oc3ccc(Sc4ccc(Oc5ccc(C(=O)c6ccc7c(c6)C(C)(C6CCCCC6)CC7([*])C6CCCCC6)cc5)cc4)cc3)cc2)cc1,p_exp_O2,-9.950781977
2489,[*]c1ccc(C(c2ccc(-n3c(=O)c4cc5oc6cc7c(cc6oc5cc4c3=O)C3(CC(C)(C)c4cc5oc6cc8c(=O)n([*])c(=O)c8cc6oc5cc43)CC7(C)C)cc2)(C(F)(F)F)C(F)(F)F)cc1,p_exp_CH4,-8.568636236
2490,[*]c1ccc(C(c2ccc(-n3c(=O)c4cc5oc6cc7c(cc6oc5cc4c3=O)C3(CC(C)(C)c4cc5oc6cc8c(=O)n([*])c(=O)c8cc6oc5cc43)CC7(C)C)cc2)(C(F)(F)F)C(F)(F)F)cc1,p_exp_CO2,-7.283996656
2491,[*]c1ccc(C(c2ccc(-n3c(=O)c4cc5oc6cc7c(cc6oc5cc4c3=O)C3(CC(C)(C)c4cc5oc6cc8c(=O)n([*])c(=O)c8cc6oc5cc43)CC7(C)C)cc2)(C(F)(F)F)C(F)(F)F)cc1,p_exp_H2,-7.443697499
2492,[*]c1ccc(C(c2ccc(-n3c(=O)c4cc5oc6cc7c(cc6oc5cc4c3=O)C3(CC(C)(C)c4cc5oc6cc8c(=O)n([*])c(=O)c8cc6oc5cc43)CC7(C)C)cc2)(C(F)(F)F)C(F)(F)F)cc1,p_exp_He,-7.721246399
2493,[*]c1ccc(C(c2ccc(-n3c(=O)c4cc5oc6cc7c(cc6oc5cc4c3=O)C3(CC(C)(C)c4cc5oc6cc8c(=O)n([*])c(=O)c8cc6oc5cc43)CC7(C)C)cc2)(C(F)(F)F)C(F)(F)F)cc1,p_exp_N2,-8.638272164
2494,[*]c1ccc(C(c2ccc(-n3c(=O)c4cc5oc6cc7c(cc6oc5cc4c3=O)C3(CC(C)(C)c4cc5oc6cc8c(=O)n([*])c(=O)c8cc6oc5cc43)CC7(C)C)cc2)(C(F)(F)F)C(F)(F)F)cc1,p_exp_O2,-8.070581074
2495,[*]c1ccc(C(c2ccc(O)c(N3C(=O)c4cc5c(cc4C3=O)C3(C)c4ccc(cc4)C5(C)c4cc5c(cc43)C(=O)N([*])C5=O)c2)(C(F)(F)F)C(F)(F)F)cc1,p_exp_CH4,-10.13667714
2496,[*]c1ccc(C(c2ccc(O)c(N3C(=O)c4cc5c(cc4C3=O)C3(C)c4ccc(cc4)C5(C)c4cc5c(cc43)C(=O)N([*])C5=O)c2)(C(F)(F)F)C(F)(F)F)cc1,p_exp_CO2,-8.397940009
2497,[*]c1ccc(C(c2ccc(O)c(N3C(=O)c4cc5c(cc4C3=O)C3(C)c4ccc(cc4)C5(C)c4cc5c(cc43)C(=O)N([*])C5=O)c2)(C(F)(F)F)C(F)(F)F)cc1,p_exp_H2,-8.026872146
2498,[*]c1ccc(C(c2ccc(O)c(N3C(=O)c4cc5c(cc4C3=O)C3(C)c4ccc(cc4)C5(C)c4cc5c(cc43)C(=O)N([*])C5=O)c2)(C(F)(F)F)C(F)(F)F)cc1,p_exp_He,-8.036212173
2499,[*]c1ccc(C(c2ccc(O)c(N3C(=O)c4cc5c(cc4C3=O)C3(C)c4ccc(cc4)C5(C)c4cc5c(cc43)C(=O)N([*])C5=O)c2)(C(F)(F)F)C(F)(F)F)cc1,p_exp_N2,-9.823908741
2500,[*]c1ccc(C(c2ccc(O)c(N3C(=O)c4cc5c(cc4C3=O)C3(C)c4ccc(cc4)C5(C)c4cc5c(cc43)C(=O)N([*])C5=O)c2)(C(F)(F)F)C(F)(F)F)cc1,p_exp_O2,-9.070581074
2501,[*]c1ccc(C)c(-n2c(=O)c3cc4oc5cc6c(cc5oc4cc3c2=O)C2(CC6(C)C)CC(C)(C)c3cc4oc5cc6c(=O)n(-c7cc(C([*])(C(F)(F)F)C(F)(F)F)ccc7C)c(=O)c6cc5oc4cc32)c1,p_exp_CH4,-9.045757491
2502,[*]c1ccc(C)c(-n2c(=O)c3cc4oc5cc6c(cc5oc4cc3c2=O)C2(CC6(C)C)CC(C)(C)c3cc4oc5cc6c(=O)n(-c7cc(C([*])(C(F)(F)F)C(F)(F)F)ccc7C)c(=O)c6cc5oc4cc32)c1,p_exp_CO2,-7.677780705
2503,[*]c1ccc(C)c(-n2c(=O)c3cc4oc5cc6c(cc5oc4cc3c2=O)C2(CC6(C)C)CC(C)(C)c3cc4oc5cc6c(=O)n(-c7cc(C([*])(C(F)(F)F)C(F)(F)F)ccc7C)c(=O)c6cc5oc4cc32)c1,p_exp_H2,-7.657577319
2504,[*]c1ccc(C)c(-n2c(=O)c3cc4oc5cc6c(cc5oc4cc3c2=O)C2(CC6(C)C)CC(C)(C)c3cc4oc5cc6c(=O)n(-c7cc(C([*])(C(F)(F)F)C(F)(F)F)ccc7C)c(=O)c6cc5oc4cc32)c1,p_exp_He,-7.795880017
2505,[*]c1ccc(C)c(-n2c(=O)c3cc4oc5cc6c(cc5oc4cc3c2=O)C2(CC6(C)C)CC(C)(C)c3cc4oc5cc6c(=O)n(-c7cc(C([*])(C(F)(F)F)C(F)(F)F)ccc7C)c(=O)c6cc5oc4cc32)c1,p_exp_N2,-9.045757491
2506,[*]c1ccc(C)c(-n2c(=O)c3cc4oc5cc6c(cc5oc4cc3c2=O)C2(CC6(C)C)CC(C)(C)c3cc4oc5cc6c(=O)n(-c7cc(C([*])(C(F)(F)F)C(F)(F)F)ccc7C)c(=O)c6cc5oc4cc32)c1,p_exp_O2,-8.408935393
2507,[*]c1ccc(C)c(N2C(=O)c3ccc(C(c4ccc5c(c4)C(=O)N([*])C5=O)(C(F)(F)F)C(F)(F)F)cc3C2=O)c1,p_exp_CH4,-10.14874165
2508,[*]c1ccc(C)c(N2C(=O)c3ccc(C(c4ccc5c(c4)C(=O)N([*])C5=O)(C(F)(F)F)C(F)(F)F)cc3C2=O)c1,p_exp_CO2,-8.543633967
2509,[*]c1ccc(C)c(N2C(=O)c3ccc(C(c4ccc5c(c4)C(=O)N([*])C5=O)(C(F)(F)F)C(F)(F)F)cc3C2=O)c1,p_exp_H2,-8.059483515
2510,[*]c1ccc(C)c(N2C(=O)c3ccc(C(c4ccc5c(c4)C(=O)N([*])C5=O)(C(F)(F)F)C(F)(F)F)cc3C2=O)c1,p_exp_N2,-9.882728704
2511,[*]c1ccc(C)c(N2C(=O)c3ccc(C(c4ccc5c(c4)C(=O)N([*])C5=O)(C(F)(F)F)C(F)(F)F)cc3C2=O)c1,p_exp_O2,-9.128427064
2512,[*]c1ccc(CN2C(=O)c3ccc(C(c4ccc5c(c4)C(=O)N(Cc4ccc(-c6cc(C)c([*])cc6C)cc4C)C5=O)C(F)(F)F)cc3C2=O)c(C)c1.CC(F)(F)F,p_exp_CH4,-9.958607315
2513,[*]c1ccc(CN2C(=O)c3ccc(C(c4ccc5c(c4)C(=O)N(Cc4ccc(-c6cc(C)c([*])cc6C)cc4C)C5=O)C(F)(F)F)cc3C2=O)c(C)c1.CC(F)(F)F,p_exp_H2,-8.292429824
2514,[*]c1ccc(CN2C(=O)c3ccc(C(c4ccc5c(c4)C(=O)N(Cc4ccc(-c6cc(C)c([*])cc6C)cc4C)C5=O)C(F)(F)F)cc3C2=O)c(C)c1.CC(F)(F)F,p_exp_He,-8.327902142
2515,[*]c1ccc(CN2C(=O)c3ccc(C(c4ccc5c(c4)C(=O)N(Cc4ccc(-c6cc(C)c([*])cc6C)cc4C)C5=O)C(F)(F)F)cc3C2=O)c(C)c1.CC(F)(F)F,p_exp_N2,-9.795880017
2516,[*]c1ccc(CN2C(=O)c3ccc(C(c4ccc5c(c4)C(=O)N(Cc4ccc(-c6cc(C)c([*])cc6C)cc4C)C5=O)C(F)(F)F)cc3C2=O)c(C)c1.CC(F)(F)F,p_exp_O2,-9.065501549
2517,[*]c1ccc(Cc2ccc(-n3c(=O)c4cc5c(=O)n([*])c(=O)c5cc4c3=O)cc2)cc1,p_exp_CH4,-11.12033079
2518,[*]c1ccc(Cc2ccc(-n3c(=O)c4cc5c(=O)n([*])c(=O)c5cc4c3=O)cc2)cc1,p_exp_CO2,-9.485452247
2519,[*]c1ccc(Cc2ccc(-n3c(=O)c4cc5c(=O)n([*])c(=O)c5cc4c3=O)cc2)cc1,p_exp_H2,-9.179798541
2520,[*]c1ccc(Cc2ccc(-n3c(=O)c4cc5c(=O)n([*])c(=O)c5cc4c3=O)cc2)cc1,p_exp_He,-9.175223538
2521,[*]c1ccc(Cc2ccc(-n3c(=O)c4cc5c(=O)n([*])c(=O)c5cc4c3=O)cc2)cc1,p_exp_N2,-10.99567863
2522,[*]c1ccc(Cc2ccc(-n3c(=O)c4cc5c(=O)n([*])c(=O)c5cc4c3=O)cc2)cc1,p_exp_O2,-10.27736608
2523,[*]c1ccc(Cc2ccc(N3C(=O)c4ccc(Oc5ccc(Oc6ccc7c(c6)C(=O)N([*])C7=O)cc5)cc4C3=O)c(C)c2C)c(C)c1C,p_exp_CH4,-11.39361863
2524,[*]c1ccc(Cc2ccc(N3C(=O)c4ccc(Oc5ccc(Oc6ccc7c(c6)C(=O)N([*])C7=O)cc5)cc4C3=O)c(C)c2C)c(C)c1C,p_exp_CO2,-9.645891561
2525,[*]c1ccc(Cc2ccc(N3C(=O)c4ccc(Oc5ccc(Oc6ccc7c(c6)C(=O)N([*])C7=O)cc5)cc4C3=O)c(C)c2C)c(C)c1C,p_exp_H2,-8.847711656
2526,[*]c1ccc(Cc2ccc(N3C(=O)c4ccc(Oc5ccc(Oc6ccc7c(c6)C(=O)N([*])C7=O)cc5)cc4C3=O)c(C)c2C)c(C)c1C,p_exp_N2,-11.19997064
2527,[*]c1ccc(Cc2ccc(N3C(=O)c4ccc(Oc5ccc(Oc6ccc7c(c6)C(=O)N([*])C7=O)cc5)cc4C3=O)c(C)c2C)c(C)c1C,p_exp_O2,-10.17522354
2528,[*]c1ccc(Cc2ccc(N3C(=O)c4ccc(Oc5ccc(Oc6ccc7c(c6)C(=O)N([*])C7=O)cc5)cc4C3=O)cc2C)c(C)c1,p_exp_CH4,-11.67985371
2529,[*]c1ccc(Cc2ccc(N3C(=O)c4ccc(Oc5ccc(Oc6ccc7c(c6)C(=O)N([*])C7=O)cc5)cc4C3=O)cc2C)c(C)c1,p_exp_CO2,-9.821023053
2530,[*]c1ccc(Cc2ccc(N3C(=O)c4ccc(Oc5ccc(Oc6ccc7c(c6)C(=O)N([*])C7=O)cc5)cc4C3=O)cc2C)c(C)c1,p_exp_H2,-9.165579296
2531,[*]c1ccc(Cc2ccc(N3C(=O)c4ccc(Oc5ccc(Oc6ccc7c(c6)C(=O)N([*])C7=O)cc5)cc4C3=O)cc2C)c(C)c1,p_exp_N2,-11.44855
2532,[*]c1ccc(Cc2ccc(N3C(=O)c4ccc(Oc5ccc(Oc6ccc7c(c6)C(=O)N([*])C7=O)cc5)cc4C3=O)cc2C)c(C)c1,p_exp_O2,-10.49894074
2533,[*]c1ccc(N2C(=O)c3ccc(-c4ccc5c(c4)C(=O)N(c4ccc(C([*])(C)C)cc4)C5=O)cc3C2=O)cc1,p_exp_CH4,-10.1079054
2534,[*]c1ccc(N2C(=O)c3ccc(-c4ccc5c(c4)C(=O)N(c4ccc(C([*])(C)C)cc4)C5=O)cc3C2=O)cc1,p_exp_CO2,-8.557520231
2535,[*]c1ccc(N2C(=O)c3ccc(-c4ccc5c(c4)C(=O)N(c4ccc(C([*])(C)C)cc4)C5=O)cc3C2=O)cc1,p_exp_H2,-8.228412519
2536,[*]c1ccc(N2C(=O)c3ccc(-c4ccc5c(c4)C(=O)N(c4ccc(C([*])(C)C)cc4)C5=O)cc3C2=O)cc1,p_exp_N2,-9.8569852
2537,[*]c1ccc(N2C(=O)c3ccc(-c4ccc5c(c4)C(=O)N(c4ccc(C([*])(C)C)cc4)C5=O)cc3C2=O)cc1,p_exp_O2,-9.142667504
2538,[*]c1ccc(N2C(=O)c3ccc(-c4ccc5c(c4)C(=O)N(c4ccc([*])cc4C)C5=O)cc3C2=O)c(C)c1,p_exp_CH4,-11.5559552
2539,[*]c1ccc(N2C(=O)c3ccc(-c4ccc5c(c4)C(=O)N(c4ccc([*])cc4C)C5=O)cc3C2=O)c(C)c1,p_exp_CO2,-9.850780887
2540,[*]c1ccc(N2C(=O)c3ccc(-c4ccc5c(c4)C(=O)N(c4ccc([*])cc4C)C5=O)cc3C2=O)c(C)c1,p_exp_He,-9.050122296
2541,[*]c1ccc(N2C(=O)c3ccc(-c4ccc5c(c4)C(=O)N(c4ccc([*])cc4C)C5=O)cc3C2=O)c(C)c1,p_exp_N2,-11.31605287
2542,[*]c1ccc(N2C(=O)c3ccc(-c4ccc5c(c4)C(=O)N(c4ccc([*])cc4C)C5=O)cc3C2=O)c(C)c1,p_exp_O2,-10.43297363
2543,[*]c1ccc(N2C(=O)c3ccc(C(=O)Oc4ccc(C(C)(C)c5ccc(OC(=O)c6ccc7c(c6)C(=O)N(c6ccc([*])cc6C)C7=O)cc5)cc4)cc3C2=O)c(C)c1,p_exp_H2,-9.189767482
2544,[*]c1ccc(N2C(=O)c3ccc(C(=O)Oc4ccc(C(C)(C)c5ccc(OC(=O)c6ccc7c(c6)C(=O)N(c6ccc([*])cc6C)C7=O)cc5)cc4)cc3C2=O)c(C)c1,p_exp_N2,-11.29073004
2545,[*]c1ccc(N2C(=O)c3ccc(C(=O)Oc4ccc(C(C)(C)c5ccc(OC(=O)c6ccc7c(c6)C(=O)N(c6ccc([*])cc6C)C7=O)cc5)cc4)cc3C2=O)c(C)c1,p_exp_O2,-10.39254498
2546,[*]c1ccc(N2C(=O)c3ccc(C(=O)c4ccc5c(c4)C(=O)N(c4cc6c(cc4Br)C(C)(C)CC6([*])C)C5=O)cc3C2=O)cc1,p_exp_CH4,-10.35654732
2547,[*]c1ccc(N2C(=O)c3ccc(C(=O)c4ccc5c(c4)C(=O)N(c4cc6c(cc4Br)C(C)(C)CC6([*])C)C5=O)cc3C2=O)cc1,p_exp_CO2,-8.876148359
2548,[*]c1ccc(N2C(=O)c3ccc(C(=O)c4ccc5c(c4)C(=O)N(c4cc6c(cc4Br)C(C)(C)CC6([*])C)C5=O)cc3C2=O)cc1,p_exp_He,-8.420216403
2549,[*]c1ccc(N2C(=O)c3ccc(C(=O)c4ccc5c(c4)C(=O)N(c4cc6c(cc4Br)C(C)(C)CC6([*])C)C5=O)cc3C2=O)cc1,p_exp_N2,-10.25963731
2550,[*]c1ccc(N2C(=O)c3ccc(C(=O)c4ccc5c(c4)C(=O)N(c4cc6c(cc4Br)C(C)(C)CC6([*])C)C5=O)cc3C2=O)cc1,p_exp_O2,-9.443697499
2551,[*]c1ccc(N2C(=O)c3ccc(C(=O)c4ccc5c(c4)C(=O)N(c4ccc6c(c4)C([*])(C)CC6(C)C)C5=O)cc3C2=O)cc1,p_exp_CH4,-10.6716204
2552,[*]c1ccc(N2C(=O)c3ccc(C(=O)c4ccc5c(c4)C(=O)N(c4ccc6c(c4)C([*])(C)CC6(C)C)C5=O)cc3C2=O)cc1,p_exp_CO2,-9.13076828
2553,[*]c1ccc(N2C(=O)c3ccc(C(=O)c4ccc5c(c4)C(=O)N(c4ccc6c(c4)C([*])(C)CC6(C)C)C5=O)cc3C2=O)cc1,p_exp_H2,-8.565431096
2554,[*]c1ccc(N2C(=O)c3ccc(C(=O)c4ccc5c(c4)C(=O)N(c4ccc6c(c4)C([*])(C)CC6(C)C)C5=O)cc3C2=O)cc1,p_exp_He,-8.638272164
2555,[*]c1ccc(N2C(=O)c3ccc(C(=O)c4ccc5c(c4)C(=O)N(c4ccc6c(c4)C([*])(C)CC6(C)C)C5=O)cc3C2=O)cc1,p_exp_N2,-10.57348874
2556,[*]c1ccc(N2C(=O)c3ccc(C(=O)c4ccc5c(c4)C(=O)N(c4ccc6c(c4)C([*])(C)CC6(C)C)C5=O)cc3C2=O)cc1,p_exp_O2,-9.728158393
2557,[*]c1ccc(N2C(=O)c3ccc(C(c4ccc5c(c4)C(=O)N(c4ccc(C([*])(C)C)cc4)C5=O)(C(F)(F)F)C(F)(F)F)cc3C2=O)cc1,p_exp_CH4,-10.15490196
2558,[*]c1ccc(N2C(=O)c3ccc(C(c4ccc5c(c4)C(=O)N(c4ccc(C([*])(C)C)cc4)C5=O)(C(F)(F)F)C(F)(F)F)cc3C2=O)cc1,p_exp_CO2,-8.522878745
2559,[*]c1ccc(N2C(=O)c3ccc(C(c4ccc5c(c4)C(=O)N(c4ccc(C([*])(C)C)cc4)C5=O)(C(F)(F)F)C(F)(F)F)cc3C2=O)cc1,p_exp_He,-8.147520006
2560,[*]c1ccc(N2C(=O)c3ccc(C(c4ccc5c(c4)C(=O)N(c4ccc(C([*])(C)C)cc4)C5=O)(C(F)(F)F)C(F)(F)F)cc3C2=O)cc1,p_exp_N2,-9.872895202
2561,[*]c1ccc(N2C(=O)c3ccc(C(c4ccc5c(c4)C(=O)N(c4ccc(C([*])(C)C)cc4)C5=O)(C(F)(F)F)C(F)(F)F)cc3C2=O)cc1,p_exp_O2,-9.124360063
2562,[*]c1ccc(N2C(=O)c3ccc(C(c4ccc5c(c4)C(=O)N(c4ccc(N([*])c6ccc(N(c7ccc(OC)cc7)c7ccc(OC)cc7)cc6)cc4)C5=O)(C(F)(F)F)C(F)(F)F)cc3C2=O)cc1,p_exp_CH4,-10.39794001
2563,[*]c1ccc(N2C(=O)c3ccc(C(c4ccc5c(c4)C(=O)N(c4ccc(N([*])c6ccc(N(c7ccc(OC)cc7)c7ccc(OC)cc7)cc6)cc4)C5=O)(C(F)(F)F)C(F)(F)F)cc3C2=O)cc1,p_exp_CO2,-8.886056648
2564,[*]c1ccc(N2C(=O)c3ccc(C(c4ccc5c(c4)C(=O)N(c4ccc(N([*])c6ccc(N(c7ccc(OC)cc7)c7ccc(OC)cc7)cc6)cc4)C5=O)(C(F)(F)F)C(F)(F)F)cc3C2=O)cc1,p_exp_N2,-10.22914799
2565,[*]c1ccc(N2C(=O)c3ccc(C(c4ccc5c(c4)C(=O)N(c4ccc(N([*])c6ccc(N(c7ccc(OC)cc7)c7ccc(OC)cc7)cc6)cc4)C5=O)(C(F)(F)F)C(F)(F)F)cc3C2=O)cc1,p_exp_O2,-9.53165267
2566,[*]c1ccc(N2C(=O)c3ccc(C(c4ccc5c(c4)C(=O)N(c4ccc(N([*])c6ccc(OC)cc6)cc4)C5=O)(C(F)(F)F)C(F)(F)F)cc3C2=O)cc1,p_exp_CH4,-10.30103
2567,[*]c1ccc(N2C(=O)c3ccc(C(c4ccc5c(c4)C(=O)N(c4ccc(N([*])c6ccc(OC)cc6)cc4)C5=O)(C(F)(F)F)C(F)(F)F)cc3C2=O)cc1,p_exp_CO2,-8.774690718
2568,[*]c1ccc(N2C(=O)c3ccc(C(c4ccc5c(c4)C(=O)N(c4ccc(N([*])c6ccc(OC)cc6)cc4)C5=O)(C(F)(F)F)C(F)(F)F)cc3C2=O)cc1,p_exp_N2,-10.05060999
2569,[*]c1ccc(N2C(=O)c3ccc(C(c4ccc5c(c4)C(=O)N(c4ccc(N([*])c6ccc(OC)cc6)cc4)C5=O)(C(F)(F)F)C(F)(F)F)cc3C2=O)cc1,p_exp_O2,-9.368556231
2570,[*]c1ccc(N2C(=O)c3ccc(C(c4ccc5c(c4)C(=O)N(c4cccc(C([*])(C)C)c4)C5)(C(F)(F)F)C(F)(F)F)cc3C2=O)cc1,p_exp_CH4,-10.66354027
2571,[*]c1ccc(N2C(=O)c3ccc(C(c4ccc5c(c4)C(=O)N(c4cccc(C([*])(C)C)c4)C5)(C(F)(F)F)C(F)(F)F)cc3C2=O)cc1,p_exp_CO2,-8.970616222
2572,[*]c1ccc(N2C(=O)c3ccc(C(c4ccc5c(c4)C(=O)N(c4cccc(C([*])(C)C)c4)C5)(C(F)(F)F)C(F)(F)F)cc3C2=O)cc1,p_exp_H2,-8.417936637
2573,[*]c1ccc(N2C(=O)c3ccc(C(c4ccc5c(c4)C(=O)N(c4cccc(C([*])(C)C)c4)C5)(C(F)(F)F)C(F)(F)F)cc3C2=O)cc1,p_exp_N2,-10.32513886
2574,[*]c1ccc(N2C(=O)c3ccc(C(c4ccc5c(c4)C(=O)N(c4cccc(C([*])(C)C)c4)C5)(C(F)(F)F)C(F)(F)F)cc3C2=O)cc1,p_exp_O2,-9.539102157
2575,[*]c1ccc(N2C(=O)c3ccc(Oc4ccc(C(C)(C)C)cc4Oc4ccc5c(c4)C(=O)N(c4ccc([*])cc4OC)C5=O)cc3C2=O)c(OC)c1,p_exp_CH4,-10.79588002
2576,[*]c1ccc(N2C(=O)c3ccc(Oc4ccc(C(C)(C)C)cc4Oc4ccc5c(c4)C(=O)N(c4ccc([*])cc4OC)C5=O)cc3C2=O)c(OC)c1,p_exp_CO2,-9.173925197
2577,[*]c1ccc(N2C(=O)c3ccc(Oc4ccc(C(C)(C)C)cc4Oc4ccc5c(c4)C(=O)N(c4ccc([*])cc4OC)C5=O)cc3C2=O)c(OC)c1,p_exp_H2,-8.657577319
2578,[*]c1ccc(N2C(=O)c3ccc(Oc4ccc(C(C)(C)C)cc4Oc4ccc5c(c4)C(=O)N(c4ccc([*])cc4OC)C5=O)cc3C2=O)c(OC)c1,p_exp_He,-8.698970004
2579,[*]c1ccc(N2C(=O)c3ccc(Oc4ccc(C(C)(C)C)cc4Oc4ccc5c(c4)C(=O)N(c4ccc([*])cc4OC)C5=O)cc3C2=O)c(OC)c1,p_exp_N2,-10.67778071
2580,[*]c1ccc(N2C(=O)c3ccc(Oc4ccc(C(C)(C)C)cc4Oc4ccc5c(c4)C(=O)N(c4ccc([*])cc4OC)C5=O)cc3C2=O)c(OC)c1,p_exp_O2,-9.853871964
2581,[*]c1ccc(N2C(=O)c3ccc(Oc4ccc(Oc5ccc6c(c5)C(=O)N(c5ccc(C([*])(C)C)cc5)C6=O)cc4)cc3C2=O)cc1,p_exp_CH4,-11.15989391
2582,[*]c1ccc(N2C(=O)c3ccc(Oc4ccc(Oc5ccc6c(c5)C(=O)N(c5ccc(C([*])(C)C)cc5)C6=O)cc4)cc3C2=O)cc1,p_exp_CO2,-9.576754126
2583,[*]c1ccc(N2C(=O)c3ccc(Oc4ccc(Oc5ccc6c(c5)C(=O)N(c5ccc(C([*])(C)C)cc5)C6=O)cc4)cc3C2=O)cc1,p_exp_H2,-9.030118356
2584,[*]c1ccc(N2C(=O)c3ccc(Oc4ccc(Oc5ccc6c(c5)C(=O)N(c5ccc(C([*])(C)C)cc5)C6=O)cc4)cc3C2=O)cc1,p_exp_N2,-10.98296666
2585,[*]c1ccc(N2C(=O)c3ccc(Oc4ccc(Oc5ccc6c(c5)C(=O)N(c5ccc(C([*])(C)C)cc5)C6=O)cc4)cc3C2=O)cc1,p_exp_O2,-10.23210238
2586,[*]c1ccc(N2C(=O)c3ccc([Si](C)(C)c4ccc5c(c4)C(=O)N(c4ccc([*])cc4C)C5=O)cc3C2=O)c(C)c1,p_exp_H2,-8.962573502
2587,[*]c1ccc(N2C(=O)c3ccc([Si](C)(C)c4ccc5c(c4)C(=O)N(c4ccc([*])cc4C)C5=O)cc3C2=O)c(C)c1,p_exp_N2,-11.02687215
2588,[*]c1ccc(N2C(=O)c3ccc([Si](C)(C)c4ccc5c(c4)C(=O)N(c4ccc([*])cc4C)C5=O)cc3C2=O)c(C)c1,p_exp_O2,-10.17848647
2589,[*]c1ccc(N2C(=O)c3ccc([Si](C)(C)c4ccc5c(c4)C(=O)N(c4ccc([*])cc4OC)C5=O)cc3C2=O)c(OC)c1,p_exp_H2,-9.030118356
2590,[*]c1ccc(N2C(=O)c3ccc([Si](C)(C)c4ccc5c(c4)C(=O)N(c4ccc([*])cc4OC)C5=O)cc3C2=O)c(OC)c1,p_exp_N2,-11.01772877
2591,[*]c1ccc(N2C(=O)c3ccc([Si](C)(C)c4ccc5c(c4)C(=O)N(c4ccc([*])cc4OC)C5=O)cc3C2=O)c(OC)c1,p_exp_O2,-10.27572413
2592,[*]c1ccc(NC(=O)c2ccc(Oc3cc(C(C)(C)C)c(Oc4ccc(C(=O)Nc5ccc(C([*])(C)C)cc5C)cc4)cc3C(C)(C)C)cc2)c(C)c1,p_exp_CH4,-10.04575749
2593,[*]c1ccc(NC(=O)c2ccc(Oc3cc(C(C)(C)C)c(Oc4ccc(C(=O)Nc5ccc(C([*])(C)C)cc5C)cc4)cc3C(C)(C)C)cc2)c(C)c1,p_exp_CO2,-8.677780705
2594,[*]c1ccc(NC(=O)c2ccc(Oc3cc(C(C)(C)C)c(Oc4ccc(C(=O)Nc5ccc(C([*])(C)C)cc5C)cc4)cc3C(C)(C)C)cc2)c(C)c1,p_exp_He,-8.443697499
2595,[*]c1ccc(NC(=O)c2ccc(Oc3cc(C(C)(C)C)c(Oc4ccc(C(=O)Nc5ccc(C([*])(C)C)cc5C)cc4)cc3C(C)(C)C)cc2)c(C)c1,p_exp_N2,-10.09151498
2596,[*]c1ccc(NC(=O)c2ccc(Oc3cc(C(C)(C)C)c(Oc4ccc(C(=O)Nc5ccc(C([*])(C)C)cc5C)cc4)cc3C(C)(C)C)cc2)c(C)c1,p_exp_O2,-9.346787486
2597,[*]c1ccc(OC(=O)Oc2ccc(C([*])(C)C)cc2)cc1,p_exp_CH4,-10.48811664
2598,[*]c1ccc(OC(=O)Oc2ccc(C([*])(C)C)cc2)cc1,p_exp_CO2,-9.119186408
2599,[*]c1ccc(OC(=O)Oc2ccc(C([*])(C)C)cc2)cc1,p_exp_H2,-8.886056648
2600,[*]c1ccc(OC(=O)Oc2ccc(C([*])(C)C)cc2)cc1,p_exp_He,-8.876148359
2601,[*]c1ccc(OC(=O)Oc2ccc(C([*])(C)C)cc2)cc1,p_exp_N2,-10.51004152
2602,[*]c1ccc(OC(=O)Oc2ccc(C([*])(C)C)cc2)cc1,p_exp_O2,-9.815308569
2603,[*]c1ccc(OC(=O)Oc2ccc(C([*])(C)c3ccccc3)cc2)cc1,p_exp_CH4,-10.43179828
2604,[*]c1ccc(OC(=O)Oc2ccc(C([*])(C)c3ccccc3)cc2)cc1,p_exp_CO2,-9.055517328
2605,[*]c1ccc(OC(=O)Oc2ccc(C([*])(C)c3ccccc3)cc2)cc1,p_exp_He,-8.866461092
2606,[*]c1ccc(OC(=O)Oc2ccc(C([*])(C)c3ccccc3)cc2)cc1,p_exp_N2,-10.49485002
2607,[*]c1ccc(OC(=O)Oc2ccc(C([*])(C)c3ccccc3)cc2)cc1,p_exp_O2,-9.769551079
2608,[*]c1ccc(OC(=O)Oc2ccc(C3([*])CC(C)CC(C)(C)C3)cc2)cc1,p_exp_CH4,-9.649751982
2609,[*]c1ccc(OC(=O)Oc2ccc(C3([*])CC(C)CC(C)(C)C3)cc2)cc1,p_exp_CO2,-8.427128398
2610,[*]c1ccc(OC(=O)Oc2ccc(C3([*])CC(C)CC(C)(C)C3)cc2)cc1,p_exp_He,-8.381951903
2611,[*]c1ccc(OC(=O)Oc2ccc(C3([*])CC(C)CC(C)(C)C3)cc2)cc1,p_exp_N2,-9.764471553
2612,[*]c1ccc(OC(=O)Oc2ccc(C3([*])CC(C)CC(C)(C)C3)cc2)cc1,p_exp_O2,-9.119758224
2613,[*]c1ccc(OC(=O)c2cc(C(=O)Oc3ccc(C([*])(C)C)cc3C(C)C)cc(C(C)(C)C)c2)c(C(C)C)c1,p_exp_CH4,-9.844663963
2614,[*]c1ccc(OC(=O)c2cc(C(=O)Oc3ccc(C([*])(C)C)cc3C(C)C)cc(C(C)(C)C)c2)c(C(C)C)c1,p_exp_CO2,-8.793174124
2615,[*]c1ccc(OC(=O)c2cc(C(=O)Oc3ccc(C([*])(C)C)cc3C(C)C)cc(C(C)(C)C)c2)c(C(C)C)c1,p_exp_H2,-8.382999659
2616,[*]c1ccc(OC(=O)c2cc(C(=O)Oc3ccc(C([*])(C)C)cc3C(C)C)cc(C(C)(C)C)c2)c(C(C)C)c1,p_exp_He,-8.428291168
2617,[*]c1ccc(OC(=O)c2cc(C(=O)Oc3ccc(C([*])(C)C)cc3C(C)C)cc(C(C)(C)C)c2)c(C(C)C)c1,p_exp_N2,-9.966576245
2618,[*]c1ccc(OC(=O)c2cc(C(=O)Oc3ccc(C([*])(C)C)cc3C(C)C)cc(C(C)(C)C)c2)c(C(C)C)c1,p_exp_O2,-9.298432015
2619,[*]c1ccc(OC(=O)c2cc(C(=O)Oc3ccc(C([*])(C)C)cc3C)cc(C(C)(C)C)c2)c(C)c1,p_exp_CH4,-10.39794001
2620,[*]c1ccc(OC(=O)c2cc(C(=O)Oc3ccc(C([*])(C)C)cc3C)cc(C(C)(C)C)c2)c(C)c1,p_exp_CO2,-9.096910013
2621,[*]c1ccc(OC(=O)c2cc(C(=O)Oc3ccc(C([*])(C)C)cc3C)cc(C(C)(C)C)c2)c(C)c1,p_exp_H2,-8.567030709
2622,[*]c1ccc(OC(=O)c2cc(C(=O)Oc3ccc(C([*])(C)C)cc3C)cc(C(C)(C)C)c2)c(C)c1,p_exp_He,-8.585026652
2623,[*]c1ccc(OC(=O)c2cc(C(=O)Oc3ccc(C([*])(C)C)cc3C)cc(C(C)(C)C)c2)c(C)c1,p_exp_N2,-10.40560745
2624,[*]c1ccc(OC(=O)c2cc(C(=O)Oc3ccc(C([*])(C)C)cc3C)cc(C(C)(C)C)c2)c(C)c1,p_exp_O2,-9.625251654
2625,[*]c1ccc(OC(=O)c2ccc(-c3ccc(C(=O)Oc4ccc(C([*])(C)C)cc4)cc3)cc2)cc1,p_exp_CH4,-10.53910216
2626,[*]c1ccc(OC(=O)c2ccc(-c3ccc(C(=O)Oc4ccc(C([*])(C)C)cc4)cc3)cc2)cc1,p_exp_CO2,-9.251811973
2627,[*]c1ccc(OC(=O)c2ccc(-c3ccc(C(=O)Oc4ccc(C([*])(C)C)cc4)cc3)cc2)cc1,p_exp_He,-9.040958608
2628,[*]c1ccc(OC(=O)c2ccc(-c3ccc(C(=O)Oc4ccc(C([*])(C)C)cc4)cc3)cc2)cc1,p_exp_N2,-10.59345982
2629,[*]c1ccc(OC(=O)c2ccc(-c3ccc(C(=O)Oc4ccc(C([*])(C)C)cc4)cc3)cc2)cc1,p_exp_O2,-9.920818754
2630,[*]c1ccc(OC(=O)c2ccc(C(=O)Oc3ccc(C(C)(C)c4ccc(OC(=O)c5cccc(C(=O)Oc6ccc(C([*])(C)C)cc6)c5)cc4)cc3)cc2)cc1,p_exp_CH4,-10.39794001
2631,[*]c1ccc(OC(=O)c2ccc(C(=O)Oc3ccc(C(C)(C)c4ccc(OC(=O)c5cccc(C(=O)Oc6ccc(C([*])(C)C)cc6)c5)cc4)cc3)cc2)cc1,p_exp_CO2,-9.124938737
2632,[*]c1ccc(OC(=O)c2ccc(C(=O)Oc3ccc(C(C)(C)c4ccc(OC(=O)c5cccc(C(=O)Oc6ccc(C([*])(C)C)cc6)c5)cc4)cc3)cc2)cc1,p_exp_He,-8.853871964
2633,[*]c1ccc(OC(=O)c2ccc(C(=O)Oc3ccc(C(C)(C)c4ccc(OC(=O)c5cccc(C(=O)Oc6ccc(C([*])(C)C)cc6)c5)cc4)cc3)cc2)cc1,p_exp_N2,-10.48148606
2634,[*]c1ccc(OC(=O)c2ccc(C(=O)Oc3ccc(C(C)(C)c4ccc(OC(=O)c5cccc(C(=O)Oc6ccc(C([*])(C)C)cc6)c5)cc4)cc3)cc2)cc1,p_exp_O2,-9.769551079
2635,[*]c1ccc(OC(=O)c2ccc(C(=O)Oc3ccc(C([*])(C)C)cc3)cc2)cc1,p_exp_CH4,-10.16813023
2636,[*]c1ccc(OC(=O)c2ccc(C(=O)Oc3ccc(C([*])(C)C)cc3)cc2)cc1,p_exp_CO2,-8.935542011
2637,[*]c1ccc(OC(=O)c2ccc(C(=O)Oc3ccc(C([*])(C)C)cc3)cc2)cc1,p_exp_He,-8.774690718
2638,[*]c1ccc(OC(=O)c2ccc(C(=O)Oc3ccc(C([*])(C)C)cc3)cc2)cc1,p_exp_N2,-10.20065945
2639,[*]c1ccc(OC(=O)c2ccc(C(=O)Oc3ccc(C([*])(C)C)cc3)cc2)cc1,p_exp_O2,-9.595166283
2640,[*]c1ccc(OC(=O)c2ccc(Oc3ccc(C([*])(C)C)cc3)cc2)cc1,p_exp_CH4,-10.39794001
2641,[*]c1ccc(OC(=O)c2ccc(Oc3ccc(C([*])(C)C)cc3)cc2)cc1,p_exp_CO2,-9.096910013
2642,[*]c1ccc(OC(=O)c2ccc(Oc3ccc(C([*])(C)C)cc3)cc2)cc1,p_exp_He,-8.853871964
2643,[*]c1ccc(OC(=O)c2ccc(Oc3ccc(C([*])(C)C)cc3)cc2)cc1,p_exp_N2,-10.43179828
2644,[*]c1ccc(OC(=O)c2ccc(Oc3ccc(C([*])(C)C)cc3)cc2)cc1,p_exp_O2,-9.725842151
2645,[*]c1ccc(OC(=O)c2ccc(Oc3ccc(C([*])(C)C)cc3C)cc2)c(C)c1,p_exp_CH4,-10.76955108
2646,[*]c1ccc(OC(=O)c2ccc(Oc3ccc(C([*])(C)C)cc3C)cc2)c(C)c1,p_exp_CO2,-9.236572006
2647,[*]c1ccc(OC(=O)c2ccc(Oc3ccc(C([*])(C)C)cc3C)cc2)c(C)c1,p_exp_He,-8.744727495
2648,[*]c1ccc(OC(=O)c2ccc(Oc3ccc(C([*])(C)C)cc3C)cc2)c(C)c1,p_exp_N2,-10.63827216
2649,[*]c1ccc(OC(=O)c2ccc(Oc3ccc(C([*])(C)C)cc3C)cc2)c(C)c1,p_exp_O2,-9.950781977
2650,[*]c1ccc(OC(=O)c2ccc(Oc3ccc(C4([*])OC(=O)c5ccccc54)cc3C)cc2)c(C)c1,p_exp_CH4,-10.74472749
2651,[*]c1ccc(OC(=O)c2ccc(Oc3ccc(C4([*])OC(=O)c5ccccc54)cc3C)cc2)c(C)c1,p_exp_CO2,-9.301029996
2652,[*]c1ccc(OC(=O)c2ccc(Oc3ccc(C4([*])OC(=O)c5ccccc54)cc3C)cc2)c(C)c1,p_exp_He,-8.876148359
2653,[*]c1ccc(OC(=O)c2ccc(Oc3ccc(C4([*])OC(=O)c5ccccc54)cc3C)cc2)c(C)c1,p_exp_N2,-10.82390874
2654,[*]c1ccc(OC(=O)c2ccc(Oc3ccc(C4([*])OC(=O)c5ccccc54)cc3C)cc2)c(C)c1,p_exp_O2,-9.982966661
2655,[*]c1ccc(OC(=O)c2ccc3c(c2)C(=O)N(c2ccc(-c4ccc(N5C(=O)c6ccc(C(=O)Oc7ccc(C([*])(C)C)cc7)cc6C5=O)cc4)cc2)C3=O)cc1,p_exp_H2,-10.1408617
2656,[*]c1ccc(OC(=O)c2ccc3c(c2)C(=O)N(c2ccc(-c4ccc(N5C(=O)c6ccc(C(=O)Oc7ccc(C([*])(C)C)cc7)cc6C5=O)cc4)cc2)C3=O)cc1,p_exp_N2,-12.18708664
2657,[*]c1ccc(OC(=O)c2ccc3c(c2)C(=O)N(c2ccc(-c4ccc(N5C(=O)c6ccc(C(=O)Oc7ccc(C([*])(C)C)cc7)cc6C5=O)cc4)cc2)C3=O)cc1,p_exp_O2,-11.33818731
2658,[*]c1ccc(OC(=O)c2ccc3c(c2)C(=O)N(c2ccc(Cc4ccc(N5C(=O)c6ccc(C(=O)Oc7ccc(C([*])(C)C)cc7)cc6C5=O)cc4)cc2)C3=O)cc1,p_exp_H2,-9.332547047
2659,[*]c1ccc(OC(=O)c2ccc3c(c2)C(=O)N(c2ccc(Cc4ccc(N5C(=O)c6ccc(C(=O)Oc7ccc(C([*])(C)C)cc7)cc6C5=O)cc4)cc2)C3=O)cc1,p_exp_N2,-11.3400838
2660,[*]c1ccc(OC(=O)c2ccc3c(c2)C(=O)N(c2ccc(Cc4ccc(N5C(=O)c6ccc(C(=O)Oc7ccc(C([*])(C)C)cc7)cc6C5=O)cc4)cc2)C3=O)cc1,p_exp_O2,-10.53313238
2661,[*]c1ccc(OC(=O)c2ccc3c(c2)C(=O)N(c2ccc(Oc4ccc(N5C(=O)c6ccc(C(=O)Oc7ccc(C([*])(C)C)cc7)cc6C5=O)cc4)cc2)C3=O)cc1,p_exp_H2,-9.316052869
2662,[*]c1ccc(OC(=O)c2ccc3c(c2)C(=O)N(c2ccc(Oc4ccc(N5C(=O)c6ccc(C(=O)Oc7ccc(C([*])(C)C)cc7)cc6C5=O)cc4)cc2)C3=O)cc1,p_exp_N2,-11.31515464
2663,[*]c1ccc(OC(=O)c2ccc3c(c2)C(=O)N(c2ccc(Oc4ccc(N5C(=O)c6ccc(C(=O)Oc7ccc(C([*])(C)C)cc7)cc6C5=O)cc4)cc2)C3=O)cc1,p_exp_O2,-10.50863831
2664,[*]c1ccc(OC(=O)c2ccc3c(c2)C(=O)n2c-3nc3ccc(Oc4ccc5c(c4)nc4n5C(=O)c5ccc(C(=O)Oc6ccc(C([*])(C)C)cc6)cc5-4)cc32)cc1,p_exp_H2,-9.133122186
2665,[*]c1ccc(OC(=O)c2ccc3c(c2)C(=O)n2c-3nc3ccc(Oc4ccc5c(c4)nc4n5C(=O)c5ccc(C(=O)Oc6ccc(C([*])(C)C)cc6)cc5-4)cc32)cc1,p_exp_N2,-11.23284413
2666,[*]c1ccc(OC(=O)c2ccc3c(c2)C(=O)n2c-3nc3ccc(Oc4ccc5c(c4)nc4n5C(=O)c5ccc(C(=O)Oc6ccc(C([*])(C)C)cc6)cc5-4)cc32)cc1,p_exp_O2,-10.36251027
2667,[*]c1ccc(OC(=O)c2cccc(C(=O)Oc3ccc(C([*])(C)C)cc3)c2)cc1,p_exp_CH4,-10.25258819
2668,[*]c1ccc(OC(=O)c2cccc(C(=O)Oc3ccc(C([*])(C)C)cc3)c2)cc1,p_exp_CO2,-9
2669,[*]c1ccc(OC(=O)c2cccc(C(=O)Oc3ccc(C([*])(C)C)cc3)c2)cc1,p_exp_He,-8.63638802
2670,[*]c1ccc(OC(=O)c2cccc(C(=O)Oc3ccc(C([*])(C)C)cc3)c2)cc1,p_exp_N2,-10.28819277
2671,[*]c1ccc(OC(=O)c2cccc(C(=O)Oc3ccc(C([*])(C)C)cc3)c2)cc1,p_exp_O2,-9.563837353
2672,[*]c1ccc(OC(=O)c2cccc(C(=O)Oc3ccc(C([*])(C)C)cc3C(C)C)c2)c(C(C)C)c1,p_exp_CH4,-10.51570016
2673,[*]c1ccc(OC(=O)c2cccc(C(=O)Oc3ccc(C([*])(C)C)cc3C(C)C)c2)c(C(C)C)c1,p_exp_CO2,-9.287350298
2674,[*]c1ccc(OC(=O)c2cccc(C(=O)Oc3ccc(C([*])(C)C)cc3C(C)C)c2)c(C(C)C)c1,p_exp_H2,-8.723538196
2675,[*]c1ccc(OC(=O)c2cccc(C(=O)Oc3ccc(C([*])(C)C)cc3C(C)C)c2)c(C(C)C)c1,p_exp_He,-8.709965389
2676,[*]c1ccc(OC(=O)c2cccc(C(=O)Oc3ccc(C([*])(C)C)cc3C(C)C)c2)c(C(C)C)c1,p_exp_N2,-10.56383735
2677,[*]c1ccc(OC(=O)c2cccc(C(=O)Oc3ccc(C([*])(C)C)cc3C(C)C)c2)c(C(C)C)c1,p_exp_O2,-9.785156152
2678,[*]c1ccc(OC(=O)c2cccc(C(=O)Oc3ccc(C([*])(C)C)cc3C)c2)c(C)c1,p_exp_CH4,-11.33818731
2679,[*]c1ccc(OC(=O)c2cccc(C(=O)Oc3ccc(C([*])(C)C)cc3C)c2)c(C)c1,p_exp_CO2,-9.906578315
2680,[*]c1ccc(OC(=O)c2cccc(C(=O)Oc3ccc(C([*])(C)C)cc3C)c2)c(C)c1,p_exp_H2,-9.108462542
2681,[*]c1ccc(OC(=O)c2cccc(C(=O)Oc3ccc(C([*])(C)C)cc3C)c2)c(C)c1,p_exp_He,-9.022276395
2682,[*]c1ccc(OC(=O)c2cccc(C(=O)Oc3ccc(C([*])(C)C)cc3C)c2)c(C)c1,p_exp_N2,-11.20204036
2683,[*]c1ccc(OC(=O)c2cccc(C(=O)Oc3ccc(C([*])(C)C)cc3C)c2)c(C)c1,p_exp_O2,-10.39794001
2684,[*]c1ccc(OC(=O)c2cccc(C(=O)Oc3ccc(C([*])(C)c4ccccc4)cc3)c2)cc1,p_exp_CH4,-10.22914799
2685,[*]c1ccc(OC(=O)c2cccc(C(=O)Oc3ccc(C([*])(C)c4ccccc4)cc3)c2)cc1,p_exp_CO2,-8.882728704
2686,[*]c1ccc(OC(=O)c2cccc(C(=O)Oc3ccc(C([*])(C)c4ccccc4)cc3)c2)cc1,p_exp_He,-8.638272164
2687,[*]c1ccc(OC(=O)c2cccc(C(=O)Oc3ccc(C([*])(C)c4ccccc4)cc3)c2)cc1,p_exp_N2,-10.26760624
2688,[*]c1ccc(OC(=O)c2cccc(C(=O)Oc3ccc(C([*])(C)c4ccccc4)cc3)c2)cc1,p_exp_O2,-9.588380294
2689,[*]c1ccc(OC(=O)c2cccc(C(=O)Oc3ccc(C([*])c4ccccc4C(=O)O)cc3)c2)cc1,p_exp_CH4,-10.47625353
2690,[*]c1ccc(OC(=O)c2cccc(C(=O)Oc3ccc(C([*])c4ccccc4C(=O)O)cc3)c2)cc1,p_exp_CO2,-9.045757491
2691,[*]c1ccc(OC(=O)c2cccc(C(=O)Oc3ccc(C([*])c4ccccc4C(=O)O)cc3)c2)cc1,p_exp_H2,-8.705533774
2692,[*]c1ccc(OC(=O)c2cccc(C(=O)Oc3ccc(C([*])c4ccccc4C(=O)O)cc3)c2)cc1,p_exp_He,-8.744727495
2693,[*]c1ccc(OC(=O)c2cccc(C(=O)Oc3ccc(C([*])c4ccccc4C(=O)O)cc3)c2)cc1,p_exp_N2,-10.46597389
2694,[*]c1ccc(OC(=O)c2cccc(C(=O)Oc3ccc(C([*])c4ccccc4C(=O)O)cc3)c2)cc1,p_exp_O2,-9.688246139
2695,[*]c1ccc(OC(=O)c2cccc(Oc3ccc(C([*])(C)C)cc3)c2)cc1,p_exp_CO2,-9.677780705
2696,[*]c1ccc(OC(=O)c2cccc(Oc3ccc(C([*])(C)C)cc3)c2)cc1,p_exp_He,-9.055517328
2697,[*]c1ccc(OC(=O)c2cccc(Oc3ccc(C([*])(C)C)cc3)c2)cc1,p_exp_N2,-11.04575749
2698,[*]c1ccc(OC(=O)c2cccc(Oc3ccc(C([*])(C)C)cc3)c2)cc1,p_exp_O2,-10.30980392
2699,[*]c1ccc(OC(=O)c2cccc(Oc3ccc(C([*])(C)C)cc3C)c2)c(C)c1,p_exp_CH4,-11.35654732
2700,[*]c1ccc(OC(=O)c2cccc(Oc3ccc(C([*])(C)C)cc3C)c2)c(C)c1,p_exp_CO2,-9.602059991
2701,[*]c1ccc(OC(=O)c2cccc(Oc3ccc(C([*])(C)C)cc3C)c2)c(C)c1,p_exp_He,-9.055517328
2702,[*]c1ccc(OC(=O)c2cccc(Oc3ccc(C([*])(C)C)cc3C)c2)c(C)c1,p_exp_N2,-11.11918641
2703,[*]c1ccc(OC(=O)c2cccc(Oc3ccc(C([*])(C)C)cc3C)c2)c(C)c1,p_exp_O2,-10.33724217
2704,[*]c1ccc(OCC(O)COc2ccc(C([*])(C)C)cc2)cc1,p_exp_CH4,-11.7212464
2705,[*]c1ccc(OCC(O)COc2ccc(C([*])(C)C)cc2)cc1,p_exp_CO2,-10.39794001
2706,[*]c1ccc(OCC(O)COc2ccc(C([*])(C)C)cc2)cc1,p_exp_He,-9.602059991
2707,[*]c1ccc(OCC(O)COc2ccc(C([*])(C)C)cc2)cc1,p_exp_N2,-11.82390874
2708,[*]c1ccc(OCC(O)COc2ccc(C([*])(C)C)cc2)cc1,p_exp_O2,-11
2709,[*]c1ccc(OOC(=O)c2ccc3c(c2)C(=O)c2cc(C(=O)Oc4ccc(C([*])(C)C)cc4)ccc2-3)cc1,p_exp_CH4,-10.68193667
2710,[*]c1ccc(OOC(=O)c2ccc3c(c2)C(=O)c2cc(C(=O)Oc4ccc(C([*])(C)C)cc4)ccc2-3)cc1,p_exp_CO2,-9.22184875
2711,[*]c1ccc(OOC(=O)c2ccc3c(c2)C(=O)c2cc(C(=O)Oc4ccc(C([*])(C)C)cc4)ccc2-3)cc1,p_exp_He,-8.739928612
2712,[*]c1ccc(OOC(=O)c2ccc3c(c2)C(=O)c2cc(C(=O)Oc4ccc(C([*])(C)C)cc4)ccc2-3)cc1,p_exp_N2,-10.60205999
2713,[*]c1ccc(OOC(=O)c2ccc3c(c2)C(=O)c2cc(C(=O)Oc4ccc(C([*])(C)C)cc4)ccc2-3)cc1,p_exp_O2,-9.795880017
2714,[*]c1ccc(OOc2ccc(C([*])(C)C)cc2)cc1,p_exp_CH4,-9.665546249
2715,[*]c1ccc(OOc2ccc(C([*])(C)C)cc2)cc1,p_exp_CO2,-8.079354999
2716,[*]c1ccc(OOc2ccc(C([*])(C)C)cc2)cc1,p_exp_N2,-9.539102157
2717,[*]c1ccc(OOc2ccc(C([*])(C)C)cc2)cc1,p_exp_O2,-8.793174124
2718,[*]c1ccc(OOc2ccc(S(=O)(=O)c3ccc(Oc4ccc(C([*])(C)C)cc4)cc3)cc2)cc1,p_exp_CH4,-10.35654732
2719,[*]c1ccc(OOc2ccc(S(=O)(=O)c3ccc(Oc4ccc(C([*])(C)C)cc4)cc3)cc2)cc1,p_exp_CO2,-9.350665141
2720,[*]c1ccc(OOc2ccc(S(=O)(=O)c3ccc(Oc4ccc(C([*])(C)C)cc4)cc3)cc2)cc1,p_exp_H2,-9.161150909
2721,[*]c1ccc(OOc2ccc(S(=O)(=O)c3ccc(Oc4ccc(C([*])(C)C)cc4)cc3)cc2)cc1,p_exp_N2,-10.68824614
2722,[*]c1ccc(OOc2ccc(S(=O)(=O)c3ccc(Oc4ccc(C([*])(C)C)cc4)cc3)cc2)cc1,p_exp_O2,-9.869666232
2723,[*]c1ccc(OOc2ccc([*])cc2)cc1,p_exp_CH4,-9.759450752
2724,[*]c1ccc(OOc2ccc([*])cc2)cc1,p_exp_CO2,-8.149966742
2725,[*]c1ccc(OOc2ccc([*])cc2)cc1,p_exp_N2,-9.583359493
2726,[*]c1ccc(OOc2ccc([*])cc2)cc1,p_exp_O2,-8.818156412
2727,[*]c1ccc(Oc2c(F)c(F)c(COC(c3ccc(C(OCc4c(F)c(F)c(Oc5ccc(C([*])(C)C)cc5)c(F)c4F)(C(F)(F)F)C(F)(F)F)cc3)(C(F)(F)F)C(F)(F)F)c(F)c2F)cc1,p_exp_CH4,-10.49485002
2728,[*]c1ccc(Oc2c(F)c(F)c(COC(c3ccc(C(OCc4c(F)c(F)c(Oc5ccc(C([*])(C)C)cc5)c(F)c4F)(C(F)(F)F)C(F)(F)F)cc3)(C(F)(F)F)C(F)(F)F)c(F)c2F)cc1,p_exp_CO2,-9.193820026
2729,[*]c1ccc(Oc2c(F)c(F)c(COC(c3ccc(C(OCc4c(F)c(F)c(Oc5ccc(C([*])(C)C)cc5)c(F)c4F)(C(F)(F)F)C(F)(F)F)cc3)(C(F)(F)F)C(F)(F)F)c(F)c2F)cc1,p_exp_H2,-8.769551079
2730,[*]c1ccc(Oc2c(F)c(F)c(COC(c3ccc(C(OCc4c(F)c(F)c(Oc5ccc(C([*])(C)C)cc5)c(F)c4F)(C(F)(F)F)C(F)(F)F)cc3)(C(F)(F)F)C(F)(F)F)c(F)c2F)cc1,p_exp_He,-8.522878745
2731,[*]c1ccc(Oc2c(F)c(F)c(COC(c3ccc(C(OCc4c(F)c(F)c(Oc5ccc(C([*])(C)C)cc5)c(F)c4F)(C(F)(F)F)C(F)(F)F)cc3)(C(F)(F)F)C(F)(F)F)c(F)c2F)cc1,p_exp_N2,-10.31875876
2732,[*]c1ccc(Oc2c(F)c(F)c(COC(c3ccc(C(OCc4c(F)c(F)c(Oc5ccc(C([*])(C)C)cc5)c(F)c4F)(C(F)(F)F)C(F)(F)F)cc3)(C(F)(F)F)C(F)(F)F)c(F)c2F)cc1,p_exp_O2,-9.677780705
2733,[*]c1ccc(Oc2c(F)c(F)c(COC(c3cccc(C(OCc4c(F)c(F)c(Oc5ccc(N6C(=O)CCC67CCC(=O)N7[*])cc5)c(F)c4F)(C(F)(F)F)C(F)(F)F)c3)(C(F)(F)F)C(F)(F)F)c(F)c2F)cc1,p_exp_CH4,-10.60205999
2734,[*]c1ccc(Oc2c(F)c(F)c(COC(c3cccc(C(OCc4c(F)c(F)c(Oc5ccc(N6C(=O)CCC67CCC(=O)N7[*])cc5)c(F)c4F)(C(F)(F)F)C(F)(F)F)c3)(C(F)(F)F)C(F)(F)F)c(F)c2F)cc1,p_exp_CO2,-9.148741651
2735,[*]c1ccc(Oc2c(F)c(F)c(COC(c3cccc(C(OCc4c(F)c(F)c(Oc5ccc(N6C(=O)CCC67CCC(=O)N7[*])cc5)c(F)c4F)(C(F)(F)F)C(F)(F)F)c3)(C(F)(F)F)C(F)(F)F)c(F)c2F)cc1,p_exp_H2,-8.677780705
2736,[*]c1ccc(Oc2c(F)c(F)c(COC(c3cccc(C(OCc4c(F)c(F)c(Oc5ccc(N6C(=O)CCC67CCC(=O)N7[*])cc5)c(F)c4F)(C(F)(F)F)C(F)(F)F)c3)(C(F)(F)F)C(F)(F)F)c(F)c2F)cc1,p_exp_He,-8.455931956
2737,[*]c1ccc(Oc2c(F)c(F)c(COC(c3cccc(C(OCc4c(F)c(F)c(Oc5ccc(N6C(=O)CCC67CCC(=O)N7[*])cc5)c(F)c4F)(C(F)(F)F)C(F)(F)F)c3)(C(F)(F)F)C(F)(F)F)c(F)c2F)cc1,p_exp_N2,-10.33724217
2738,[*]c1ccc(Oc2c(F)c(F)c(COC(c3cccc(C(OCc4c(F)c(F)c(Oc5ccc(N6C(=O)CCC67CCC(=O)N7[*])cc5)c(F)c4F)(C(F)(F)F)C(F)(F)F)c3)(C(F)(F)F)C(F)(F)F)c(F)c2F)cc1,p_exp_O2,-9.657577319
2739,[*]c1ccc(Oc2ccc(-c3ccc(-n4c(=O)c5cc6c(=O)n(-c7ccc(-c8ccc(Oc9ccc%10c(c9)C([*])(C)CC%10(C)C)c(C(F)(F)F)c8)cc7)c(=O)c6cc5c4=O)cc3)cc2C(F)(F)F)cc1,p_exp_CH4,-9.818156412
2740,[*]c1ccc(Oc2ccc(-c3ccc(-n4c(=O)c5cc6c(=O)n(-c7ccc(-c8ccc(Oc9ccc%10c(c9)C([*])(C)CC%10(C)C)c(C(F)(F)F)c8)cc7)c(=O)c6cc5c4=O)cc3)cc2C(F)(F)F)cc1,p_exp_CO2,-8.349692477
2741,[*]c1ccc(Oc2ccc(-c3ccc(-n4c(=O)c5cc6c(=O)n(-c7ccc(-c8ccc(Oc9ccc%10c(c9)C([*])(C)CC%10(C)C)c(C(F)(F)F)c8)cc7)c(=O)c6cc5c4=O)cc3)cc2C(F)(F)F)cc1,p_exp_N2,-9.627087997
2742,[*]c1ccc(Oc2ccc(-c3ccc(-n4c(=O)c5cc6c(=O)n(-c7ccc(-c8ccc(Oc9ccc%10c(c9)C([*])(C)CC%10(C)C)c(C(F)(F)F)c8)cc7)c(=O)c6cc5c4=O)cc3)cc2C(F)(F)F)cc1,p_exp_O2,-8.913640169
2743,[*]c1ccc(Oc2ccc(-c3ccc(N4C(=O)c5ccc(C(=O)c6ccc7c(c6)C(=O)N(c6ccc(-c8ccc(Oc9ccc%10c(c9)C([*])(C)CC%10(C)C)c(C(F)(F)F)c8)cc6)C7=O)cc5C4=O)cc3)cc2C(F)(F)F)cc1,p_exp_CH4,-10.05551733
2744,[*]c1ccc(Oc2ccc(-c3ccc(N4C(=O)c5ccc(C(=O)c6ccc7c(c6)C(=O)N(c6ccc(-c8ccc(Oc9ccc%10c(c9)C([*])(C)CC%10(C)C)c(C(F)(F)F)c8)cc6)C7=O)cc5C4=O)cc3)cc2C(F)(F)F)cc1,p_exp_CO2,-8.465973894
2745,[*]c1ccc(Oc2ccc(-c3ccc(N4C(=O)c5ccc(C(=O)c6ccc7c(c6)C(=O)N(c6ccc(-c8ccc(Oc9ccc%10c(c9)C([*])(C)CC%10(C)C)c(C(F)(F)F)c8)cc6)C7=O)cc5C4=O)cc3)cc2C(F)(F)F)cc1,p_exp_N2,-9.879426069
2746,[*]c1ccc(Oc2ccc(-c3ccc(N4C(=O)c5ccc(C(=O)c6ccc7c(c6)C(=O)N(c6ccc(-c8ccc(Oc9ccc%10c(c9)C([*])(C)CC%10(C)C)c(C(F)(F)F)c8)cc6)C7=O)cc5C4=O)cc3)cc2C(F)(F)F)cc1,p_exp_O2,-9.097997109
2747,[*]c1ccc(Oc2ccc(-c3ccc(N4C(=O)c5ccc(Oc6ccc(C(C)(C)c7ccc(Oc8ccc9c(c8)C(=O)N(c8ccc(-c%10ccc(Oc%11ccc%12c(c%11)C([*])(C)CC%12(C)C)c(C(F)(F)F)c%10)cc8)C9=O)cc7)cc6)cc5C4=O)cc3)cc2C(F)(F)F)cc1,p_exp_CH4,-9.860120914
2748,[*]c1ccc(Oc2ccc(-c3ccc(N4C(=O)c5ccc(Oc6ccc(C(C)(C)c7ccc(Oc8ccc9c(c8)C(=O)N(c8ccc(-c%10ccc(Oc%11ccc%12c(c%11)C([*])(C)CC%12(C)C)c(C(F)(F)F)c%10)cc8)C9=O)cc7)cc6)cc5C4=O)cc3)cc2C(F)(F)F)cc1,p_exp_CO2,-8.403402904
2749,[*]c1ccc(Oc2ccc(-c3ccc(N4C(=O)c5ccc(Oc6ccc(C(C)(C)c7ccc(Oc8ccc9c(c8)C(=O)N(c8ccc(-c%10ccc(Oc%11ccc%12c(c%11)C([*])(C)CC%12(C)C)c(C(F)(F)F)c%10)cc8)C9=O)cc7)cc6)cc5C4=O)cc3)cc2C(F)(F)F)cc1,p_exp_N2,-9.681936665
2750,[*]c1ccc(Oc2ccc(-c3ccc(N4C(=O)c5ccc(Oc6ccc(C(C)(C)c7ccc(Oc8ccc9c(c8)C(=O)N(c8ccc(-c%10ccc(Oc%11ccc%12c(c%11)C([*])(C)CC%12(C)C)c(C(F)(F)F)c%10)cc8)C9=O)cc7)cc6)cc5C4=O)cc3)cc2C(F)(F)F)cc1,p_exp_O2,-8.958607315
2751,[*]c1ccc(Oc2ccc(-c3ccc(N4C(=O)c5ccc(Oc6ccc7c(c6)C(=O)N(c6ccc(-c8ccc(Oc9ccc%10c(c9)C([*])(C)CC%10(C)C)c(C(F)(F)F)c8)cc6)C7=O)cc5C4=O)cc3)cc2C(F)(F)F)cc1,p_exp_CH4,-9.790484985
2752,[*]c1ccc(Oc2ccc(-c3ccc(N4C(=O)c5ccc(Oc6ccc7c(c6)C(=O)N(c6ccc(-c8ccc(Oc9ccc%10c(c9)C([*])(C)CC%10(C)C)c(C(F)(F)F)c8)cc6)C7=O)cc5C4=O)cc3)cc2C(F)(F)F)cc1,p_exp_CO2,-8.240332155
2753,[*]c1ccc(Oc2ccc(-c3ccc(N4C(=O)c5ccc(Oc6ccc7c(c6)C(=O)N(c6ccc(-c8ccc(Oc9ccc%10c(c9)C([*])(C)CC%10(C)C)c(C(F)(F)F)c8)cc6)C7=O)cc5C4=O)cc3)cc2C(F)(F)F)cc1,p_exp_N2,-9.612610174
2754,[*]c1ccc(Oc2ccc(-c3ccc(N4C(=O)c5ccc(Oc6ccc7c(c6)C(=O)N(c6ccc(-c8ccc(Oc9ccc%10c(c9)C([*])(C)CC%10(C)C)c(C(F)(F)F)c8)cc6)C7=O)cc5C4=O)cc3)cc2C(F)(F)F)cc1,p_exp_O2,-8.823908741
2755,[*]c1ccc(Oc2ccc(-c3ccc(Oc4ccc(S([*])(=O)=O)cc4)cc3)cc2)cc1,p_exp_CH4,-10.67366414
2756,[*]c1ccc(Oc2ccc(-c3ccc(Oc4ccc(S([*])(=O)=O)cc4)cc3)cc2)cc1,p_exp_CO2,-9.251811973
2757,[*]c1ccc(Oc2ccc(-c3ccc(Oc4ccc(S([*])(=O)=O)cc4)cc3)cc2)cc1,p_exp_H2,-8.552841969
2758,[*]c1ccc(Oc2ccc(-c3ccc(Oc4ccc(S([*])(=O)=O)cc4)cc3)cc2)cc1,p_exp_He,-8.920818754
2759,[*]c1ccc(Oc2ccc(-c3ccc(Oc4ccc(S([*])(=O)=O)cc4)cc3)cc2)cc1,p_exp_N2,-10.11407366
2760,[*]c1ccc(Oc2ccc(-c3ccc(Oc4ccc(S([*])(=O)=O)cc4)cc3)cc2)cc1,p_exp_O2,-10.11463878
2761,[*]c1ccc(Oc2ccc(-n3c(=O)c4cc5c(=O)n([*])c(=O)c5cc4c3=O)cc2)cc1,p_exp_CH4,-11.32513886
2762,[*]c1ccc(Oc2ccc(-n3c(=O)c4cc5c(=O)n([*])c(=O)c5cc4c3=O)cc2)cc1,p_exp_CO2,-9.698970004
2763,[*]c1ccc(Oc2ccc(-n3c(=O)c4cc5c(=O)n([*])c(=O)c5cc4c3=O)cc2)cc1,p_exp_H2,-9.223298816
2764,[*]c1ccc(Oc2ccc(-n3c(=O)c4cc5c(=O)n([*])c(=O)c5cc4c3=O)cc2)cc1,p_exp_He,-9.251811973
2765,[*]c1ccc(Oc2ccc(-n3c(=O)c4cc5c(=O)n([*])c(=O)c5cc4c3=O)cc2)cc1,p_exp_N2,-11.1700533
2766,[*]c1ccc(Oc2ccc(-n3c(=O)c4cc5c(=O)n([*])c(=O)c5cc4c3=O)cc2)cc1,p_exp_O2,-10.39147397
2767,[*]c1ccc(Oc2ccc(-n3c(=O)c4cc5sc6cc7c(=O)n([*])c(=O)c7cc6sc5cc4c3=O)cc2)cc1,p_exp_CH4,-11.08618615
2768,[*]c1ccc(Oc2ccc(-n3c(=O)c4cc5sc6cc7c(=O)n([*])c(=O)c7cc6sc5cc4c3=O)cc2)cc1,p_exp_CO2,-9.397940009
2769,[*]c1ccc(Oc2ccc(-n3c(=O)c4cc5sc6cc7c(=O)n([*])c(=O)c7cc6sc5cc4c3=O)cc2)cc1,p_exp_H2,-8.958607315
2770,[*]c1ccc(Oc2ccc(-n3c(=O)c4cc5sc6cc7c(=O)n([*])c(=O)c7cc6sc5cc4c3=O)cc2)cc1,p_exp_N2,-10.95860731
2771,[*]c1ccc(Oc2ccc(-n3c(=O)c4cc5sc6cc7c(=O)n([*])c(=O)c7cc6sc5cc4c3=O)cc2)cc1,p_exp_O2,-10.13076828
2772,[*]c1ccc(Oc2ccc(C(=O)c3ccc(-c4ccc(C(=O)c5ccc(Oc6ccc(C([*])(C)C)cc6)cc5)cc4)cc3)cc2)cc1,p_exp_CH4,-10.85387196
2773,[*]c1ccc(Oc2ccc(C(=O)c3ccc(-c4ccc(C(=O)c5ccc(Oc6ccc(C([*])(C)C)cc6)cc5)cc4)cc3)cc2)cc1,p_exp_CO2,-9.48148606
2774,[*]c1ccc(Oc2ccc(C(=O)c3ccc(-c4ccc(C(=O)c5ccc(Oc6ccc(C([*])(C)C)cc6)cc5)cc4)cc3)cc2)cc1,p_exp_H2,-9.050609993
2775,[*]c1ccc(Oc2ccc(C(=O)c3ccc(-c4ccc(C(=O)c5ccc(Oc6ccc(C([*])(C)C)cc6)cc5)cc4)cc3)cc2)cc1,p_exp_N2,-10.88605665
2776,[*]c1ccc(Oc2ccc(C(=O)c3ccc(-c4ccc(C(=O)c5ccc(Oc6ccc(C([*])(C)C)cc6)cc5)cc4)cc3)cc2)cc1,p_exp_O2,-10.12493874
2777,[*]c1ccc(Oc2ccc(C(=O)c3ccc(-c4ccc(S(=O)c5ccc(Oc6ccc(C([*])(C)C)cc6)cc5)cc4)cc3)cc2)cc1,p_exp_CH4,-10.85387196
2778,[*]c1ccc(Oc2ccc(C(=O)c3ccc(-c4ccc(S(=O)c5ccc(Oc6ccc(C([*])(C)C)cc6)cc5)cc4)cc3)cc2)cc1,p_exp_CO2,-9.48148606
2779,[*]c1ccc(Oc2ccc(C(=O)c3ccc(-c4ccc(S(=O)c5ccc(Oc6ccc(C([*])(C)C)cc6)cc5)cc4)cc3)cc2)cc1,p_exp_H2,-9.050609993
2780,[*]c1ccc(Oc2ccc(C(=O)c3ccc(-c4ccc(S(=O)c5ccc(Oc6ccc(C([*])(C)C)cc6)cc5)cc4)cc3)cc2)cc1,p_exp_He,-9.050609993
2781,[*]c1ccc(Oc2ccc(C(=O)c3ccc(-c4ccc(S(=O)c5ccc(Oc6ccc(C([*])(C)C)cc6)cc5)cc4)cc3)cc2)cc1,p_exp_N2,-10.88941029
2782,[*]c1ccc(Oc2ccc(C(=O)c3ccc(-c4ccc(S(=O)c5ccc(Oc6ccc(C([*])(C)C)cc6)cc5)cc4)cc3)cc2)cc1,p_exp_O2,-10.12493874
2783,[*]c1ccc(Oc2ccc(C(=O)c3ccc(C(=O)c4ccc(Oc5ccc(C([*])(C)C)cc5)cc4)cc3)cc2)cc1,p_exp_CH4,-11.07572071
2784,[*]c1ccc(Oc2ccc(C(=O)c3ccc(C(=O)c4ccc(Oc5ccc(C([*])(C)C)cc5)cc4)cc3)cc2)cc1,p_exp_CO2,-9.659555885
2785,[*]c1ccc(Oc2ccc(C(=O)c3ccc(C(=O)c4ccc(Oc5ccc(C([*])(C)C)cc5)cc4)cc3)cc2)cc1,p_exp_H2,-9.042392713
2786,[*]c1ccc(Oc2ccc(C(=O)c3ccc(C(=O)c4ccc(Oc5ccc(C([*])(C)C)cc5)cc4)cc3)cc2)cc1,p_exp_N2,-11.06048075
2787,[*]c1ccc(Oc2ccc(C(=O)c3ccc(C(=O)c4ccc(Oc5ccc(C([*])(C)C)cc5)cc4)cc3)cc2)cc1,p_exp_O2,-10.21896306
2788,[*]c1ccc(Oc2ccc(C(=O)c3ccc(C(C)(C)c4ccc(C(=O)c5ccc(Oc6ccc(C([*])(C)C)cc6)cc5)cc4)cc3)cc2)cc1,p_exp_CH4,-10.65757732
2789,[*]c1ccc(Oc2ccc(C(=O)c3ccc(C(C)(C)c4ccc(C(=O)c5ccc(Oc6ccc(C([*])(C)C)cc6)cc5)cc4)cc3)cc2)cc1,p_exp_CO2,-9.356547324
2790,[*]c1ccc(Oc2ccc(C(=O)c3ccc(C(C)(C)c4ccc(C(=O)c5ccc(Oc6ccc(C([*])(C)C)cc6)cc5)cc4)cc3)cc2)cc1,p_exp_H2,-8.906578315
2791,[*]c1ccc(Oc2ccc(C(=O)c3ccc(C(C)(C)c4ccc(C(=O)c5ccc(Oc6ccc(C([*])(C)C)cc6)cc5)cc4)cc3)cc2)cc1,p_exp_He,-8.928117993
2792,[*]c1ccc(Oc2ccc(C(=O)c3ccc(C(C)(C)c4ccc(C(=O)c5ccc(Oc6ccc(C([*])(C)C)cc6)cc5)cc4)cc3)cc2)cc1,p_exp_N2,-10.67778071
2793,[*]c1ccc(Oc2ccc(C(=O)c3ccc(C(C)(C)c4ccc(C(=O)c5ccc(Oc6ccc(C([*])(C)C)cc6)cc5)cc4)cc3)cc2)cc1,p_exp_O2,-9.958607315
2794,[*]c1ccc(Oc2ccc(C(=O)c3ccc(C4(C5CCCCC5)CC(C)(C5CCCCC5)c5cc(C(=O)c6ccc(Oc7ccc(C([*])(C)C)cc7)cc6)ccc54)cc3)cc2)cc1,p_exp_CO2,-9.028724151
2795,[*]c1ccc(Oc2ccc(C(=O)c3ccc(C4(C5CCCCC5)CC(C)(C5CCCCC5)c5cc(C(=O)c6ccc(Oc7ccc(C([*])(C)C)cc7)cc6)ccc54)cc3)cc2)cc1,p_exp_H2,-8.752026734
2796,[*]c1ccc(Oc2ccc(C(=O)c3ccc(C4(C5CCCCC5)CC(C)(C5CCCCC5)c5cc(C(=O)c6ccc(Oc7ccc(C([*])(C)C)cc7)cc6)ccc54)cc3)cc2)cc1,p_exp_N2,-10.48148606
2797,[*]c1ccc(Oc2ccc(C(=O)c3ccc(C4(C5CCCCC5)CC(C)(C5CCCCC5)c5cc(C(=O)c6ccc(Oc7ccc(C([*])(C)C)cc7)cc6)ccc54)cc3)cc2)cc1,p_exp_O2,-9.73754891
2798,[*]c1ccc(Oc2ccc(C(=O)c3ccc(C4(C5CCCCC5)CC(C)(C5CCCCC5)c5cc(C(=O)c6ccc(Oc7ccc(C8([*])CC(C)CC(C)(C)C8)cc7)cc6)ccc54)cc3)cc2)cc1,p_exp_CO2,-8.723538196
2799,[*]c1ccc(Oc2ccc(C(=O)c3ccc(C4(C5CCCCC5)CC(C)(C5CCCCC5)c5cc(C(=O)c6ccc(Oc7ccc(C8([*])CC(C)CC(C)(C)C8)cc7)cc6)ccc54)cc3)cc2)cc1,p_exp_H2,-8.443697499
2800,[*]c1ccc(Oc2ccc(C(=O)c3ccc(C4(C5CCCCC5)CC(C)(C5CCCCC5)c5cc(C(=O)c6ccc(Oc7ccc(C8([*])CC(C)CC(C)(C)C8)cc7)cc6)ccc54)cc3)cc2)cc1,p_exp_N2,-10.19382003
2801,[*]c1ccc(Oc2ccc(C(=O)c3ccc(C4(C5CCCCC5)CC(C)(C5CCCCC5)c5cc(C(=O)c6ccc(Oc7ccc(C8([*])CC(C)CC(C)(C)C8)cc7)cc6)ccc54)cc3)cc2)cc1,p_exp_O2,-9.446116973
2802,[*]c1ccc(Oc2ccc(C(=O)c3ccc(Oc4ccc(C([*])(C)C)cc4)cc3)cc2)cc1,p_exp_CH4,-10.74472749
2803,[*]c1ccc(Oc2ccc(C(=O)c3ccc(Oc4ccc(C([*])(C)C)cc4)cc3)cc2)cc1,p_exp_CO2,-9.455931956
2804,[*]c1ccc(Oc2ccc(C(=O)c3ccc(Oc4ccc(C([*])(C)C)cc4)cc3)cc2)cc1,p_exp_H2,-8.958607315
2805,[*]c1ccc(Oc2ccc(C(=O)c3ccc(Oc4ccc(C([*])(C)C)cc4)cc3)cc2)cc1,p_exp_N2,-10.79588002
2806,[*]c1ccc(Oc2ccc(C(=O)c3ccc(Oc4ccc(C([*])(C)C)cc4)cc3)cc2)cc1,p_exp_O2,-10
2807,[*]c1ccc(Oc2ccc(C(=O)c3ccc(Oc4ccc(C5([*])OC(=O)c6ccccc65)cc4)cc3)cc2)cc1,p_exp_CH4,-10.14206474
2808,[*]c1ccc(Oc2ccc(C(=O)c3ccc(Oc4ccc(C5([*])OC(=O)c6ccccc65)cc4)cc3)cc2)cc1,p_exp_CO2,-8.928117993
2809,[*]c1ccc(Oc2ccc(C(=O)c3ccc(Oc4ccc(C5([*])OC(=O)c6ccccc65)cc4)cc3)cc2)cc1,p_exp_H2,-8.609064893
2810,[*]c1ccc(Oc2ccc(C(=O)c3ccc(Oc4ccc(C5([*])OC(=O)c6ccccc65)cc4)cc3)cc2)cc1,p_exp_He,-8.583359493
2811,[*]c1ccc(Oc2ccc(C(=O)c3ccc(Oc4ccc(C5([*])OC(=O)c6ccccc65)cc4)cc3)cc2)cc1,p_exp_N2,-10.24795155
2812,[*]c1ccc(Oc2ccc(C(=O)c3ccc(Oc4ccc(C5([*])OC(=O)c6ccccc65)cc4)cc3)cc2)cc1,p_exp_O2,-8.619788758
2813,[*]c1ccc(Oc2ccc(C(=O)c3ccc(Oc4ccc(C5([*])OC(=O)c6ccccc65)cc4C)cc3)cc2)c(C)c1,p_exp_CH4,-11.15428198
2814,[*]c1ccc(Oc2ccc(C(=O)c3ccc(Oc4ccc(C5([*])OC(=O)c6ccccc65)cc4C)cc3)cc2)c(C)c1,p_exp_CO2,-9.585026652
2815,[*]c1ccc(Oc2ccc(C(=O)c3ccc(Oc4ccc(C5([*])OC(=O)c6ccccc65)cc4C)cc3)cc2)c(C)c1,p_exp_H2,-8.987162775
2816,[*]c1ccc(Oc2ccc(C(=O)c3ccc(Oc4ccc(C5([*])OC(=O)c6ccccc65)cc4C)cc3)cc2)c(C)c1,p_exp_N2,-11.00966115
2817,[*]c1ccc(Oc2ccc(C(=O)c3ccc(Oc4ccc(C5([*])OC(=O)c6ccccc65)cc4C)cc3)cc2)c(C)c1,p_exp_O2,-10.06048075
2818,[*]c1ccc(Oc2ccc(C(C)(C)c3ccc(Oc4ccc(S([*])(=C)=C)cc4)cc3)cc2)cc1,p_exp_CH4,-10.64781748
2819,[*]c1ccc(Oc2ccc(C(C)(C)c3ccc(Oc4ccc(S([*])(=C)=C)cc4)cc3)cc2)cc1,p_exp_CO2,-9.278189385
2820,[*]c1ccc(Oc2ccc(C(C)(C)c3ccc(Oc4ccc(S([*])(=C)=C)cc4)cc3)cc2)cc1,p_exp_H2,-8.853871964
2821,[*]c1ccc(Oc2ccc(C(C)(C)c3ccc(Oc4ccc(S([*])(=C)=C)cc4)cc3)cc2)cc1,p_exp_He,-8.920818754
2822,[*]c1ccc(Oc2ccc(C(C)(C)c3ccc(Oc4ccc(S([*])(=C)=C)cc4)cc3)cc2)cc1,p_exp_N2,-10.62893214
2823,[*]c1ccc(Oc2ccc(C(C)(C)c3ccc(Oc4ccc(S([*])(=C)=C)cc4)cc3)cc2)cc1,p_exp_O2,-9.869666232
2824,[*]c1ccc(Oc2ccc(C([*])(c3ccccc3)C(F)(F)F)cc2)cc1,p_exp_CH4,-10.18708664
2825,[*]c1ccc(Oc2ccc(C([*])(c3ccccc3)C(F)(F)F)cc2)cc1,p_exp_CO2,-8.769551079
2826,[*]c1ccc(Oc2ccc(C([*])(c3ccccc3)C(F)(F)F)cc2)cc1,p_exp_H2,-8.552841969
2827,[*]c1ccc(Oc2ccc(C([*])(c3ccccc3)C(F)(F)F)cc2)cc1,p_exp_He,-8.537602002
2828,[*]c1ccc(Oc2ccc(C([*])(c3ccccc3)C(F)(F)F)cc2)cc1,p_exp_N2,-10.16115091
2829,[*]c1ccc(Oc2ccc(C([*])(c3ccccc3)C(F)(F)F)cc2)cc1,p_exp_O2,-9.455931956
2830,[*]c1ccc(Oc2ccc(C(c3ccc(Oc4ccc(-c5ccc([*])s5)cc4C(F)(F)F)cc3)C3c4ccccc4-c4ccccc43)cc2)c(C(F)(F)F)c1,p_exp_CH4,-9.744727495
2831,[*]c1ccc(Oc2ccc(C(c3ccc(Oc4ccc(-c5ccc([*])s5)cc4C(F)(F)F)cc3)C3c4ccccc4-c4ccccc43)cc2)c(C(F)(F)F)c1,p_exp_CO2,-8.447331784
2832,[*]c1ccc(Oc2ccc(C(c3ccc(Oc4ccc(-c5ccc([*])s5)cc4C(F)(F)F)cc3)C3c4ccccc4-c4ccccc43)cc2)c(C(F)(F)F)c1,p_exp_H2,-8.259637311
2833,[*]c1ccc(Oc2ccc(C(c3ccc(Oc4ccc(-c5ccc([*])s5)cc4C(F)(F)F)cc3)C3c4ccccc4-c4ccccc43)cc2)c(C(F)(F)F)c1,p_exp_He,-8.301029996
2834,[*]c1ccc(Oc2ccc(C(c3ccc(Oc4ccc(-c5ccc([*])s5)cc4C(F)(F)F)cc3)C3c4ccccc4-c4ccccc43)cc2)c(C(F)(F)F)c1,p_exp_N2,-9.701146924
2835,[*]c1ccc(Oc2ccc(C(c3ccc(Oc4ccc(-c5ccc([*])s5)cc4C(F)(F)F)cc3)C3c4ccccc4-c4ccccc43)cc2)c(C(F)(F)F)c1,p_exp_O2,-9.075720714
2836,[*]c1ccc(Oc2ccc(C(c3ccc(Oc4ccc(-n5c(=O)c6cc7c(=O)n([*])c(=O)c7cc6c5=O)cc4)cc3)(C(F)(F)F)C(F)(F)F)cc2)cc1,p_exp_CH4,-10.21752738
2837,[*]c1ccc(Oc2ccc(C(c3ccc(Oc4ccc(-n5c(=O)c6cc7c(=O)n([*])c(=O)c7cc6c5=O)cc4)cc3)(C(F)(F)F)C(F)(F)F)cc2)cc1,p_exp_CO2,-8.744727495
2838,[*]c1ccc(Oc2ccc(C(c3ccc(Oc4ccc(-n5c(=O)c6cc7c(=O)n([*])c(=O)c7cc6c5=O)cc4)cc3)(C(F)(F)F)C(F)(F)F)cc2)cc1,p_exp_H2,-8.428291168
2839,[*]c1ccc(Oc2ccc(C(c3ccc(Oc4ccc(-n5c(=O)c6cc7c(=O)n([*])c(=O)c7cc6c5=O)cc4)cc3)(C(F)(F)F)C(F)(F)F)cc2)cc1,p_exp_N2,-10.0209071
2840,[*]c1ccc(Oc2ccc(C(c3ccc(Oc4ccc(-n5c(=O)c6cc7c(=O)n([*])c(=O)c7cc6c5=O)cc4)cc3)(C(F)(F)F)C(F)(F)F)cc2)cc1,p_exp_O2,-9.293282218
2841,[*]c1ccc(Oc2ccc(C(c3ccc(Oc4ccc(-n5c(=O)c6cc7c(=O)n([*])c(=O)c7cc6c5=O)cc4C(F)(F)F)cc3)(C(F)(F)F)C(F)(F)F)cc2)c(C(F)(F)F)c1,p_exp_CH4,-10.02826041
2842,[*]c1ccc(Oc2ccc(C(c3ccc(Oc4ccc(-n5c(=O)c6cc7c(=O)n([*])c(=O)c7cc6c5=O)cc4C(F)(F)F)cc3)(C(F)(F)F)C(F)(F)F)cc2)c(C(F)(F)F)c1,p_exp_CO2,-8.609064893
2843,[*]c1ccc(Oc2ccc(C(c3ccc(Oc4ccc(-n5c(=O)c6cc7c(=O)n([*])c(=O)c7cc6c5=O)cc4C(F)(F)F)cc3)(C(F)(F)F)C(F)(F)F)cc2)c(C(F)(F)F)c1,p_exp_H2,-8.297569464
2844,[*]c1ccc(Oc2ccc(C(c3ccc(Oc4ccc(-n5c(=O)c6cc7c(=O)n([*])c(=O)c7cc6c5=O)cc4C(F)(F)F)cc3)(C(F)(F)F)C(F)(F)F)cc2)c(C(F)(F)F)c1,p_exp_N2,-9.823908741
2845,[*]c1ccc(Oc2ccc(C(c3ccc(Oc4ccc(-n5c(=O)c6cc7c(=O)n([*])c(=O)c7cc6c5=O)cc4C(F)(F)F)cc3)(C(F)(F)F)C(F)(F)F)cc2)c(C(F)(F)F)c1,p_exp_O2,-9.151195299
2846,[*]c1ccc(Oc2ccc(C(c3ccc(Oc4ccc(C([*])(C)C)cc4)cc3)(C(F)(F)F)C(F)(F)F)cc2)cc1,p_exp_CH4,-10.2636035
2847,[*]c1ccc(Oc2ccc(C(c3ccc(Oc4ccc(C([*])(C)C)cc4)cc3)(C(F)(F)F)C(F)(F)F)cc2)cc1,p_exp_CO2,-8.920818754
2848,[*]c1ccc(Oc2ccc(C(c3ccc(Oc4ccc(C([*])(C)C)cc4)cc3)(C(F)(F)F)C(F)(F)F)cc2)cc1,p_exp_He,-8.48148606
2849,[*]c1ccc(Oc2ccc(C(c3ccc(Oc4ccc(C([*])(C)C)cc4)cc3)(C(F)(F)F)C(F)(F)F)cc2)cc1,p_exp_N2,-10.17587417
2850,[*]c1ccc(Oc2ccc(C(c3ccc(Oc4ccc(C([*])(C)C)cc4)cc3)(C(F)(F)F)C(F)(F)F)cc2)cc1,p_exp_O2,-9.468521083
2851,[*]c1ccc(Oc2ccc(C(c3ccc(Oc4ccc(N5C(=O)c6ccc7c8c(ccc(c68)C5=O)C(=O)N([*])C7=O)cc4)cc3)(C(F)(F)F)C(F)(F)F)cc2)cc1,p_exp_CH4,-10.31875876
2852,[*]c1ccc(Oc2ccc(C(c3ccc(Oc4ccc(N5C(=O)c6ccc7c8c(ccc(c68)C5=O)C(=O)N([*])C7=O)cc4)cc3)(C(F)(F)F)C(F)(F)F)cc2)cc1,p_exp_CO2,-8.677780705
2853,[*]c1ccc(Oc2ccc(C(c3ccc(Oc4ccc(N5C(=O)c6ccc7c8c(ccc(c68)C5=O)C(=O)N([*])C7=O)cc4)cc3)(C(F)(F)F)C(F)(F)F)cc2)cc1,p_exp_H2,-8.301029996
2854,[*]c1ccc(Oc2ccc(C(c3ccc(Oc4ccc(N5C(=O)c6ccc7c8c(ccc(c68)C5=O)C(=O)N([*])C7=O)cc4)cc3)(C(F)(F)F)C(F)(F)F)cc2)cc1,p_exp_N2,-10.1426675
2855,[*]c1ccc(Oc2ccc(C(c3ccc(Oc4ccc(N5C(=O)c6ccc7c8c(ccc(c68)C5=O)C(=O)N([*])C7=O)cc4)cc3)(C(F)(F)F)C(F)(F)F)cc2)cc1,p_exp_O2,-9.356547324
2856,[*]c1ccc(Oc2ccc(C(c3ccc(Oc4ccc(S([*])(=O)=O)cc4)cc3)(C(F)(F)F)C(F)(F)F)cc2)cc1,p_exp_CH4,-10.26121944
2857,[*]c1ccc(Oc2ccc(C(c3ccc(Oc4ccc(S([*])(=O)=O)cc4)cc3)(C(F)(F)F)C(F)(F)F)cc2)cc1,p_exp_CO2,-8.920818754
2858,[*]c1ccc(Oc2ccc(C(c3ccc(Oc4ccc(S([*])(=O)=O)cc4)cc3)(C(F)(F)F)C(F)(F)F)cc2)cc1,p_exp_He,-8.48148606
2859,[*]c1ccc(Oc2ccc(C(c3ccc(Oc4ccc(S([*])(=O)=O)cc4)cc3)(C(F)(F)F)C(F)(F)F)cc2)cc1,p_exp_N2,-10.17457388
2860,[*]c1ccc(Oc2ccc(C(c3ccc(Oc4ccc(S([*])(=O)=O)cc4)cc3)(C(F)(F)F)C(F)(F)F)cc2)cc1,p_exp_O2,-9.468521083
2861,[*]c1ccc(Oc2ccc(C3(c4ccc(Oc5ccc(S([*])(=O)=O)cc5)cc4)CCCCC3)cc2)cc1,p_exp_CH4,-11
2862,[*]c1ccc(Oc2ccc(C3(c4ccc(Oc5ccc(S([*])(=O)=O)cc5)cc4)CCCCC3)cc2)cc1,p_exp_CO2,-9.595166283
2863,[*]c1ccc(Oc2ccc(C3(c4ccc(Oc5ccc(S([*])(=O)=O)cc5)cc4)CCCCC3)cc2)cc1,p_exp_H2,-8.931814138
2864,[*]c1ccc(Oc2ccc(C3(c4ccc(Oc5ccc(S([*])(=O)=O)cc5)cc4)CCCCC3)cc2)cc1,p_exp_He,-8.931814138
2865,[*]c1ccc(Oc2ccc(C3(c4ccc(Oc5ccc(S([*])(=O)=O)cc5)cc4)CCCCC3)cc2)cc1,p_exp_N2,-10.95860731
2866,[*]c1ccc(Oc2ccc(C3(c4ccc(Oc5ccc(S([*])(=O)=O)cc5)cc4)CCCCC3)cc2)cc1,p_exp_O2,-10.13076828
2867,[*]c1ccc(Oc2ccc(C3(c4ccc(Oc5ccc(S([*])(=O)=O)cc5)cc4)c4ccccc4-c4ccccc43)cc2)cc1,p_exp_CH4,-10.27408837
2868,[*]c1ccc(Oc2ccc(C3(c4ccc(Oc5ccc(S([*])(=O)=O)cc5)cc4)c4ccccc4-c4ccccc43)cc2)cc1,p_exp_CO2,-8.860120914
2869,[*]c1ccc(Oc2ccc(C3(c4ccc(Oc5ccc(S([*])(=O)=O)cc5)cc4)c4ccccc4-c4ccccc43)cc2)cc1,p_exp_He,-8.671620397
2870,[*]c1ccc(Oc2ccc(C3(c4ccc(Oc5ccc(S([*])(=O)=O)cc5)cc4)c4ccccc4-c4ccccc43)cc2)cc1,p_exp_N2,-10.31515464
2871,[*]c1ccc(Oc2ccc(C3(c4ccc(Oc5ccc(S([*])(=O)=O)cc5)cc4)c4ccccc4-c4ccccc43)cc2)cc1,p_exp_O2,-9.559090918
2872,[*]c1ccc(Oc2ccc(Cc3ccc(Oc4ccc(C([*])(C)C)cc4)cc3)cc2)cc1,p_exp_CH4,-10.72584215
2873,[*]c1ccc(Oc2ccc(Cc3ccc(Oc4ccc(C([*])(C)C)cc4)cc3)cc2)cc1,p_exp_CO2,-9.346787486
2874,[*]c1ccc(Oc2ccc(Cc3ccc(Oc4ccc(C([*])(C)C)cc4)cc3)cc2)cc1,p_exp_He,-9
2875,[*]c1ccc(Oc2ccc(Cc3ccc(Oc4ccc(C([*])(C)C)cc4)cc3)cc2)cc1,p_exp_N2,-10.69897
2876,[*]c1ccc(Oc2ccc(Cc3ccc(Oc4ccc(C([*])(C)C)cc4)cc3)cc2)cc1,p_exp_O2,-9.958607315
2877,[*]c1ccc(Oc2ccc(Cc3ccc(Oc4ccc(S([*])(=O)=O)cc4)cc3)cc2)cc1,p_exp_CH4,-10.7235382
2878,[*]c1ccc(Oc2ccc(Cc3ccc(Oc4ccc(S([*])(=O)=O)cc4)cc3)cc2)cc1,p_exp_CO2,-9.346787486
2879,[*]c1ccc(Oc2ccc(Cc3ccc(Oc4ccc(S([*])(=O)=O)cc4)cc3)cc2)cc1,p_exp_H2,-8.982966661
2880,[*]c1ccc(Oc2ccc(Cc3ccc(Oc4ccc(S([*])(=O)=O)cc4)cc3)cc2)cc1,p_exp_He,-9
2881,[*]c1ccc(Oc2ccc(Cc3ccc(Oc4ccc(S([*])(=O)=O)cc4)cc3)cc2)cc1,p_exp_N2,-10.69897
2882,[*]c1ccc(Oc2ccc(Cc3ccc(Oc4ccc(S([*])(=O)=O)cc4)cc3)cc2)cc1,p_exp_O2,-9.958607315
2883,[*]c1ccc(Oc2ccc(N3C(=O)C4=C(C3=O)C3C=CC4C4=C3C(=O)N([*])C4=O)cc2)cc1,p_exp_H2,-8.707743929
2884,[*]c1ccc(Oc2ccc(N3C(=O)C4=C(C3=O)C3C=CC4C4=C3C(=O)N([*])C4=O)cc2)cc1,p_exp_He,-8.793174124
2885,[*]c1ccc(Oc2ccc(N3C(=O)c4cc5c(cc4C3=O)S(=O)(=O)c3cc4c(cc3S5(=O)=O)C(=O)N([*])C4=O)cc2)cc1,p_exp_CH4,-10.74472749
2886,[*]c1ccc(Oc2ccc(N3C(=O)c4cc5c(cc4C3=O)S(=O)(=O)c3cc4c(cc3S5(=O)=O)C(=O)N([*])C4=O)cc2)cc1,p_exp_CO2,-9.017728767
2887,[*]c1ccc(Oc2ccc(N3C(=O)c4cc5c(cc4C3=O)S(=O)(=O)c3cc4c(cc3S5(=O)=O)C(=O)N([*])C4=O)cc2)cc1,p_exp_H2,-8.721246399
2888,[*]c1ccc(Oc2ccc(N3C(=O)c4cc5c(cc4C3=O)S(=O)(=O)c3cc4c(cc3S5(=O)=O)C(=O)N([*])C4=O)cc2)cc1,p_exp_N2,-10.56863624
2889,[*]c1ccc(Oc2ccc(N3C(=O)c4cc5c(cc4C3=O)S(=O)(=O)c3cc4c(cc3S5(=O)=O)C(=O)N([*])C4=O)cc2)cc1,p_exp_O2,-9.795880017
2890,[*]c1ccc(Oc2ccc(N3C(=O)c4ccc(-c5ccc6c(c5)C(=O)N(c5ccc(Oc7ccc(C([*])(C)C)cc7)cc5)C6=O)cc4C3=O)cc2)cc1,p_exp_CH4,-11.07262964
2891,[*]c1ccc(Oc2ccc(N3C(=O)c4ccc(-c5ccc6c(c5)C(=O)N(c5ccc(Oc7ccc(C([*])(C)C)cc7)cc5)C6=O)cc4C3=O)cc2)cc1,p_exp_CO2,-9.552841969
2892,[*]c1ccc(Oc2ccc(N3C(=O)c4ccc(-c5ccc6c(c5)C(=O)N(c5ccc(Oc7ccc(C([*])(C)C)cc7)cc5)C6=O)cc4C3=O)cc2)cc1,p_exp_He,-9.124938737
2893,[*]c1ccc(Oc2ccc(N3C(=O)c4ccc(-c5ccc6c(c5)C(=O)N(c5ccc(Oc7ccc(C([*])(C)C)cc7)cc5)C6=O)cc4C3=O)cc2)cc1,p_exp_N2,-11.02779716
2894,[*]c1ccc(Oc2ccc(N3C(=O)c4ccc(-c5ccc6c(c5)C(=O)N(c5ccc(Oc7ccc(C([*])(C)C)cc7)cc5)C6=O)cc4C3=O)cc2)cc1,p_exp_O2,-10.22475374
2895,[*]c1ccc(Oc2ccc(N3C(=O)c4ccc(C(=O)c5ccc6c(c5)C(=O)N(c5ccc(Oc7ccc(C([*])(C)C)cc7)cc5)C6=O)cc4C3=O)cc2)cc1,p_exp_CO2,-9.552841969
2896,[*]c1ccc(Oc2ccc(N3C(=O)c4ccc(C(=O)c5ccc6c(c5)C(=O)N(c5ccc(Oc7ccc(C([*])(C)C)cc7)cc5)C6=O)cc4C3=O)cc2)cc1,p_exp_H2,-9.050609993
2897,[*]c1ccc(Oc2ccc(N3C(=O)c4ccc(C(=O)c5ccc6c(c5)C(=O)N(c5ccc(Oc7ccc(C([*])(C)C)cc7)cc5)C6=O)cc4C3=O)cc2)cc1,p_exp_N2,-10.95860731
2898,[*]c1ccc(Oc2ccc(N3C(=O)c4ccc(C(=O)c5ccc6c(c5)C(=O)N(c5ccc(Oc7ccc(C([*])(C)C)cc7)cc5)C6=O)cc4C3=O)cc2)cc1,p_exp_O2,-10.26760624
2899,[*]c1ccc(Oc2ccc(N3C(=O)c4ccc(Oc5ccc6c(c5)C(=O)N(c5ccc(Oc7ccc(C([*])(C)C)cc7)cc5)C6=O)cc4C3=O)cc2)cc1,p_exp_CO2,-9.568636236
2900,[*]c1ccc(Oc2ccc(N3C(=O)c4ccc(Oc5ccc6c(c5)C(=O)N(c5ccc(Oc7ccc(C([*])(C)C)cc7)cc5)C6=O)cc4C3=O)cc2)cc1,p_exp_H2,-9.096910013
2901,[*]c1ccc(Oc2ccc(N3C(=O)c4ccc(Oc5ccc6c(c5)C(=O)N(c5ccc(Oc7ccc(C([*])(C)C)cc7)cc5)C6=O)cc4C3=O)cc2)cc1,p_exp_N2,-11.15490196
2902,[*]c1ccc(Oc2ccc(N3C(=O)c4ccc(Oc5ccc6c(c5)C(=O)N(c5ccc(Oc7ccc(C([*])(C)C)cc7)cc5)C6=O)cc4C3=O)cc2)cc1,p_exp_O2,-10.30980392
2903,[*]c1ccc(Oc2ccc(Oc3ccc(Oc4ccc(C([*])(C)C)cc4)cc3)cc2)cc1,p_exp_CH4,-10.74714697
2904,[*]c1ccc(Oc2ccc(Oc3ccc(Oc4ccc(C([*])(C)C)cc4)cc3)cc2)cc1,p_exp_CO2,-9.366531544
2905,[*]c1ccc(Oc2ccc(Oc3ccc(Oc4ccc(C([*])(C)C)cc4)cc3)cc2)cc1,p_exp_He,-9
2906,[*]c1ccc(Oc2ccc(Oc3ccc(Oc4ccc(C([*])(C)C)cc4)cc3)cc2)cc1,p_exp_N2,-10.70774393
2907,[*]c1ccc(Oc2ccc(Oc3ccc(Oc4ccc(C([*])(C)C)cc4)cc3)cc2)cc1,p_exp_O2,-9.958607315
2908,[*]c1ccc(Oc2ccc(Oc3ccc(Oc4ccc(S([*])(=O)=O)cc4)cc3)cc2)cc1,p_exp_CH4,-10.74472749
2909,[*]c1ccc(Oc2ccc(Oc3ccc(Oc4ccc(S([*])(=O)=O)cc4)cc3)cc2)cc1,p_exp_CO2,-9.366531544
2910,[*]c1ccc(Oc2ccc(Oc3ccc(Oc4ccc(S([*])(=O)=O)cc4)cc3)cc2)cc1,p_exp_H2,-8.823908741
2911,[*]c1ccc(Oc2ccc(Oc3ccc(Oc4ccc(S([*])(=O)=O)cc4)cc3)cc2)cc1,p_exp_He,-9
2912,[*]c1ccc(Oc2ccc(Oc3ccc(Oc4ccc(S([*])(=O)=O)cc4)cc3)cc2)cc1,p_exp_N2,-10.70774393
2913,[*]c1ccc(Oc2ccc(Oc3ccc(Oc4ccc(S([*])(=O)=O)cc4)cc3)cc2)cc1,p_exp_O2,-9.958607315
2914,[*]c1ccc(Oc2ccc(Oc3ccc(S([*])(=O)=O)cc3)cc2)cc1,p_exp_CH4,-10.88605665
2915,[*]c1ccc(Oc2ccc(Oc3ccc(S([*])(=O)=O)cc3)cc2)cc1,p_exp_CO2,-9.37675071
2916,[*]c1ccc(Oc2ccc(Oc3ccc(S([*])(=O)=O)cc3)cc2)cc1,p_exp_H2,-9.008773924
2917,[*]c1ccc(Oc2ccc(Oc3ccc(S([*])(=O)=O)cc3)cc2)cc1,p_exp_He,-9.013228266
2918,[*]c1ccc(Oc2ccc(Oc3ccc(S([*])(=O)=O)cc3)cc2)cc1,p_exp_N2,-10.88605665
2919,[*]c1ccc(Oc2ccc(Oc3ccc(S([*])(=O)=O)cc3)cc2)cc1,p_exp_O2,-10.08092191
2920,[*]c1ccc(Oc2ccc(S(=O)(=O)c3ccc(-c4ccc(S(=O)(=O)c5ccc(Oc6ccc(C([*])(C)C)cc6)cc5)cc4)cc3)cc2)cc1,p_exp_CH4,-10.30103
2921,[*]c1ccc(Oc2ccc(S(=O)(=O)c3ccc(-c4ccc(S(=O)(=O)c5ccc(Oc6ccc(C([*])(C)C)cc6)cc5)cc4)cc3)cc2)cc1,p_exp_CO2,-8.966576245
2922,[*]c1ccc(Oc2ccc(S(=O)(=O)c3ccc(-c4ccc(S(=O)(=O)c5ccc(Oc6ccc(C([*])(C)C)cc6)cc5)cc4)cc3)cc2)cc1,p_exp_H2,-8.696803943
2923,[*]c1ccc(Oc2ccc(S(=O)(=O)c3ccc(-c4ccc(S(=O)(=O)c5ccc(Oc6ccc(C([*])(C)C)cc6)cc5)cc4)cc3)cc2)cc1,p_exp_He,-8.772113295
2924,[*]c1ccc(Oc2ccc(S(=O)(=O)c3ccc(-c4ccc(S(=O)(=O)c5ccc(Oc6ccc(C([*])(C)C)cc6)cc5)cc4)cc3)cc2)cc1,p_exp_N2,-10.32790214
2925,[*]c1ccc(Oc2ccc(S(=O)(=O)c3ccc(-c4ccc(S(=O)(=O)c5ccc(Oc6ccc(C([*])(C)C)cc6)cc5)cc4)cc3)cc2)cc1,p_exp_O2,-9.621602099
2926,[*]c1ccc(Oc2ccc(S(=O)(=O)c3ccc(Oc4ccc(C(C)(C)c5ccc(C([*])(C)C)cc5)cc4)cc3)cc2)cc1,p_exp_CH4,-10.46852108
2927,[*]c1ccc(Oc2ccc(S(=O)(=O)c3ccc(Oc4ccc(C(C)(C)c5ccc(C([*])(C)C)cc5)cc4)cc3)cc2)cc1,p_exp_CO2,-9.167491087
2928,[*]c1ccc(Oc2ccc(S(=O)(=O)c3ccc(Oc4ccc(C(C)(C)c5ccc(C([*])(C)C)cc5)cc4)cc3)cc2)cc1,p_exp_H2,-8.443697499
2929,[*]c1ccc(Oc2ccc(S(=O)(=O)c3ccc(Oc4ccc(C(C)(C)c5ccc(C([*])(C)C)cc5)cc4)cc3)cc2)cc1,p_exp_He,-8.853871964
2930,[*]c1ccc(Oc2ccc(S(=O)(=O)c3ccc(Oc4ccc(C(C)(C)c5ccc(C([*])(C)C)cc5)cc4)cc3)cc2)cc1,p_exp_N2,-10.49485002
2931,[*]c1ccc(Oc2ccc(S(=O)(=O)c3ccc(Oc4ccc(C(C)(C)c5ccc(C([*])(C)C)cc5)cc4)cc3)cc2)cc1,p_exp_O2,-9.744727495
2932,[*]c1ccc(Oc2ccc(S(=O)(=O)c3ccc(Oc4ccc(C(C)(C)c5cccc(C([*])(C)C)c5)cc4)cc3)cc2)cc1,p_exp_CH4,-10.95860731
2933,[*]c1ccc(Oc2ccc(S(=O)(=O)c3ccc(Oc4ccc(C(C)(C)c5cccc(C([*])(C)C)c5)cc4)cc3)cc2)cc1,p_exp_CO2,-9.552841969
2934,[*]c1ccc(Oc2ccc(S(=O)(=O)c3ccc(Oc4ccc(C(C)(C)c5cccc(C([*])(C)C)c5)cc4)cc3)cc2)cc1,p_exp_H2,-8.974694135
2935,[*]c1ccc(Oc2ccc(S(=O)(=O)c3ccc(Oc4ccc(C(C)(C)c5cccc(C([*])(C)C)c5)cc4)cc3)cc2)cc1,p_exp_He,-8.931814138
2936,[*]c1ccc(Oc2ccc(S(=O)(=O)c3ccc(Oc4ccc(C(C)(C)c5cccc(C([*])(C)C)c5)cc4)cc3)cc2)cc1,p_exp_N2,-10.95860731
2937,[*]c1ccc(Oc2ccc(S(=O)(=O)c3ccc(Oc4ccc(C(C)(C)c5cccc(C([*])(C)C)c5)cc4)cc3)cc2)cc1,p_exp_O2,-10.16115091
2938,[*]c1ccc(Oc2ccc(S(=O)(=O)c3ccc(Oc4ccc(C([*])(C)C)cc4)cc3)cc2)cc1,p_exp_CH4,-10.57186521
2939,[*]c1ccc(Oc2ccc(S(=O)(=O)c3ccc(Oc4ccc(C([*])(C)C)cc4)cc3)cc2)cc1,p_exp_CO2,-9.233587153
2940,[*]c1ccc(Oc2ccc(S(=O)(=O)c3ccc(Oc4ccc(C([*])(C)C)cc4)cc3)cc2)cc1,p_exp_H2,-8.853871964
2941,[*]c1ccc(Oc2ccc(S(=O)(=O)c3ccc(Oc4ccc(C([*])(C)C)cc4)cc3)cc2)cc1,p_exp_He,-8.88941029
2942,[*]c1ccc(Oc2ccc(S(=O)(=O)c3ccc(Oc4ccc(C([*])(C)C)cc4)cc3)cc2)cc1,p_exp_N2,-10.61083392
2943,[*]c1ccc(Oc2ccc(S(=O)(=O)c3ccc(Oc4ccc(C([*])(C)C)cc4)cc3)cc2)cc1,p_exp_O2,-9.860120914
2944,[*]c1ccc(Oc2ccc(S(=O)(=O)c3ccc(Oc4ccc(C([*])(C)C)cc4Br)cc3)cc2)c(Br)c1,p_exp_CO2,-9.200659451
2945,[*]c1ccc(Oc2ccc(S(=O)(=O)c3ccc(Oc4ccc(C([*])(C)C)cc4Br)cc3)cc2)c(Br)c1,p_exp_He,-8.958607315
2946,[*]c1ccc(Oc2ccc(S(=O)(=O)c3ccc(Oc4ccc(C([*])(C)C)cc4Br)cc3)cc2)c(Br)c1,p_exp_N2,-10.7212464
2947,[*]c1ccc(Oc2ccc(S(=O)(=O)c3ccc(Oc4ccc(C([*])(C)C)cc4Br)cc3)cc2)c(Br)c1,p_exp_O2,-9.958607315
2948,[*]c1ccc(Oc2ccc(S(=O)(=O)c3ccc(Oc4ccc(C([*])(C)C)cc4C(O)(C(F)(F)F)C(F)(F)F)cc3)cc2)c(C(O)(C(F)(F)F)C(F)(F)F)c1,p_exp_CO2,-9.26760624
2949,[*]c1ccc(Oc2ccc(S(=O)(=O)c3ccc(Oc4ccc(C([*])(C)C)cc4C(O)(C(F)(F)F)C(F)(F)F)cc3)cc2)c(C(O)(C(F)(F)F)C(F)(F)F)c1,p_exp_He,-8.698970004
2950,[*]c1ccc(Oc2ccc(S(=O)(=O)c3ccc(Oc4ccc(C([*])(C)C)cc4C(O)(C(F)(F)F)C(F)(F)F)cc3)cc2)c(C(O)(C(F)(F)F)C(F)(F)F)c1,p_exp_N2,-10.65757732
2951,[*]c1ccc(Oc2ccc(S(=O)(=O)c3ccc(Oc4ccc(C([*])(C)C)cc4C(O)(C(F)(F)F)C(F)(F)F)cc3)cc2)c(C(O)(C(F)(F)F)C(F)(F)F)c1,p_exp_O2,-9.823908741
2952,[*]c1ccc(Oc2ccc(S(=O)(=O)c3ccc(Oc4ccc(C([*])(C)C)cc4C(OC)(C(F)(F)F)C(F)(F)F)cc3)cc2)c(C(OC)(C(F)(F)F)C(F)(F)F)c1,p_exp_CO2,-9.113509275
2953,[*]c1ccc(Oc2ccc(S(=O)(=O)c3ccc(Oc4ccc(C([*])(C)C)cc4C(OC)(C(F)(F)F)C(F)(F)F)cc3)cc2)c(C(OC)(C(F)(F)F)C(F)(F)F)c1,p_exp_He,-8.619788758
2954,[*]c1ccc(Oc2ccc(S(=O)(=O)c3ccc(Oc4ccc(C([*])(C)C)cc4C(OC)(C(F)(F)F)C(F)(F)F)cc3)cc2)c(C(OC)(C(F)(F)F)C(F)(F)F)c1,p_exp_N2,-10.58502665
2955,[*]c1ccc(Oc2ccc(S(=O)(=O)c3ccc(Oc4ccc(C([*])(C)C)cc4C(OC)(C(F)(F)F)C(F)(F)F)cc3)cc2)c(C(OC)(C(F)(F)F)C(F)(F)F)c1,p_exp_O2,-9.698970004
2956,[*]c1ccc(Oc2ccc(S(=O)(=O)c3ccc(Oc4ccc(C([*])(C)C)cc4C)cc3)cc2)c(C)c1,p_exp_CH4,-11.16052195
2957,[*]c1ccc(Oc2ccc(S(=O)(=O)c3ccc(Oc4ccc(C([*])(C)C)cc4C)cc3)cc2)c(C)c1,p_exp_CO2,-9.677780705
2958,[*]c1ccc(Oc2ccc(S(=O)(=O)c3ccc(Oc4ccc(C([*])(C)C)cc4C)cc3)cc2)c(C)c1,p_exp_H2,-8.958607315
2959,[*]c1ccc(Oc2ccc(S(=O)(=O)c3ccc(Oc4ccc(C([*])(C)C)cc4C)cc3)cc2)c(C)c1,p_exp_He,-8.920818754
2960,[*]c1ccc(Oc2ccc(S(=O)(=O)c3ccc(Oc4ccc(C([*])(C)C)cc4C)cc3)cc2)c(C)c1,p_exp_N2,-11.03952922
2961,[*]c1ccc(Oc2ccc(S(=O)(=O)c3ccc(Oc4ccc(C([*])(C)C)cc4C)cc3)cc2)c(C)c1,p_exp_O2,-10.19382003
2962,[*]c1ccc(Oc2ccc(S(=O)(=O)c3ccc(Oc4ccc(C([*])(C)c5ccccc5)cc4)cc3)cc2)cc1,p_exp_CH4,-10.49620932
2963,[*]c1ccc(Oc2ccc(S(=O)(=O)c3ccc(Oc4ccc(C([*])(C)c5ccccc5)cc4)cc3)cc2)cc1,p_exp_CO2,-9.090443971
2964,[*]c1ccc(Oc2ccc(S(=O)(=O)c3ccc(Oc4ccc(C([*])(C)c5ccccc5)cc4)cc3)cc2)cc1,p_exp_He,-8.876148359
2965,[*]c1ccc(Oc2ccc(S(=O)(=O)c3ccc(Oc4ccc(C([*])(C)c5ccccc5)cc4)cc3)cc2)cc1,p_exp_N2,-10.5559552
2966,[*]c1ccc(Oc2ccc(S(=O)(=O)c3ccc(Oc4ccc(C([*])(C)c5ccccc5)cc4)cc3)cc2)cc1,p_exp_O2,-9.806875402
2967,[*]c1ccc(Oc2ccc(S(=O)(=O)c3ccc(Oc4ccc(C([*])c5ccccc5C(=O)O)cc4)cc3)cc2)cc1,p_exp_CH4,-11.4034029
2968,[*]c1ccc(Oc2ccc(S(=O)(=O)c3ccc(Oc4ccc(C([*])c5ccccc5C(=O)O)cc4)cc3)cc2)cc1,p_exp_CO2,-9.647817482
2969,[*]c1ccc(Oc2ccc(S(=O)(=O)c3ccc(Oc4ccc(C([*])c5ccccc5C(=O)O)cc4)cc3)cc2)cc1,p_exp_H2,-9.141462802
2970,[*]c1ccc(Oc2ccc(S(=O)(=O)c3ccc(Oc4ccc(C([*])c5ccccc5C(=O)O)cc4)cc3)cc2)cc1,p_exp_N2,-11.35951856
2971,[*]c1ccc(Oc2ccc(S(=O)(=O)c3ccc(Oc4ccc(C([*])c5ccccc5C(=O)O)cc4)cc3)cc2)cc1,p_exp_O2,-10.35556141
2972,[*]c1ccc(Oc2ccc(S(=O)(=O)c3ccc(Oc4ccc(C5([*])CCCCC5)cc4C)cc3)cc2)c(C)c1,p_exp_CH4,-11.39254498
2973,[*]c1ccc(Oc2ccc(S(=O)(=O)c3ccc(Oc4ccc(C5([*])CCCCC5)cc4C)cc3)cc2)c(C)c1,p_exp_CO2,-9.853871964
2974,[*]c1ccc(Oc2ccc(S(=O)(=O)c3ccc(Oc4ccc(C5([*])CCCCC5)cc4C)cc3)cc2)c(C)c1,p_exp_H2,-9.037157319
2975,[*]c1ccc(Oc2ccc(S(=O)(=O)c3ccc(Oc4ccc(C5([*])CCCCC5)cc4C)cc3)cc2)c(C)c1,p_exp_He,-8.958607315
2976,[*]c1ccc(Oc2ccc(S(=O)(=O)c3ccc(Oc4ccc(C5([*])CCCCC5)cc4C)cc3)cc2)c(C)c1,p_exp_N2,-11.24488773
2977,[*]c1ccc(Oc2ccc(S(=O)(=O)c3ccc(Oc4ccc(C5([*])CCCCC5)cc4C)cc3)cc2)c(C)c1,p_exp_O2,-10.38721614
2978,[*]c1ccc(Oc2ccc(S(=O)(=O)c3ccc(Oc4ccc(C5([*])OC(=O)c6ccccc65)cc4)cc3)cc2)cc1,p_exp_CH4,-10.84466396
2979,[*]c1ccc(Oc2ccc(S(=O)(=O)c3ccc(Oc4ccc(C5([*])OC(=O)c6ccccc65)cc4)cc3)cc2)cc1,p_exp_CO2,-9.241088108
2980,[*]c1ccc(Oc2ccc(S(=O)(=O)c3ccc(Oc4ccc(C5([*])OC(=O)c6ccccc65)cc4)cc3)cc2)cc1,p_exp_H2,-8.91721463
2981,[*]c1ccc(Oc2ccc(S(=O)(=O)c3ccc(Oc4ccc(C5([*])OC(=O)c6ccccc65)cc4)cc3)cc2)cc1,p_exp_N2,-10.77728353
2982,[*]c1ccc(Oc2ccc(S(=O)(=O)c3ccc(Oc4ccc(C5([*])OC(=O)c6ccccc65)cc4)cc3)cc2)cc1,p_exp_O2,-10.02733441
2983,[*]c1ccc(Oc2ccc(S(=O)(=O)c3ccc(Oc4ccc(C5([*])OC(=O)c6ccccc65)cc4C)cc3)cc2)c(C)c1,p_exp_CH4,-11.13846559
2984,[*]c1ccc(Oc2ccc(S(=O)(=O)c3ccc(Oc4ccc(C5([*])OC(=O)c6ccccc65)cc4C)cc3)cc2)c(C)c1,p_exp_CO2,-9.505845406
2985,[*]c1ccc(Oc2ccc(S(=O)(=O)c3ccc(Oc4ccc(C5([*])OC(=O)c6ccccc65)cc4C)cc3)cc2)c(C)c1,p_exp_H2,-8.966576245
2986,[*]c1ccc(Oc2ccc(S(=O)(=O)c3ccc(Oc4ccc(C5([*])OC(=O)c6ccccc65)cc4C)cc3)cc2)c(C)c1,p_exp_N2,-10.95860731
2987,[*]c1ccc(Oc2ccc(S(=O)(=O)c3ccc(Oc4ccc(C5([*])OC(=O)c6ccccc65)cc4C)cc3)cc2)c(C)c1,p_exp_O2,-10.06148027
2988,[*]c1ccc(Oc2ccc(S(=O)(=O)c3ccc(Oc4cccc(C([*])(C)C)c4)cc3)cc2)cc1,p_exp_CH4,-11.28399666
2989,[*]c1ccc(Oc2ccc(S(=O)(=O)c3ccc(Oc4cccc(C([*])(C)C)c4)cc3)cc2)cc1,p_exp_CO2,-9.823908741
2990,[*]c1ccc(Oc2ccc(S(=O)(=O)c3ccc(Oc4cccc(C([*])(C)C)c4)cc3)cc2)cc1,p_exp_H2,-9.096910013
2991,[*]c1ccc(Oc2ccc(S(=O)(=O)c3ccc(Oc4cccc(C([*])(C)C)c4)cc3)cc2)cc1,p_exp_He,-9.031517051
2992,[*]c1ccc(Oc2ccc(S(=O)(=O)c3ccc(Oc4cccc(C([*])(C)C)c4)cc3)cc2)cc1,p_exp_N2,-11.18045606
2993,[*]c1ccc(Oc2ccc(S(=O)(=O)c3ccc(Oc4cccc(C([*])(C)C)c4)cc3)cc2)cc1,p_exp_O2,-10.40893539
2994,[*]c1ccc(Oc2ccc(S([*])(=O)=O)cc2)cc1,p_exp_CH4,-10.7619539
2995,[*]c1ccc(Oc2ccc(S([*])(=O)=O)cc2)cc1,p_exp_CO2,-9.312471039
2996,[*]c1ccc(Oc2ccc(S([*])(=O)=O)cc2)cc1,p_exp_H2,-9.096910013
2997,[*]c1ccc(Oc2ccc(S([*])(=O)=O)cc2)cc1,p_exp_He,-8.91721463
2998,[*]c1ccc(Oc2ccc(S([*])(=O)=O)cc2)cc1,p_exp_N2,-10.67778071
2999,[*]c1ccc(Oc2ccc(S([*])(=O)=O)cc2)cc1,p_exp_O2,-9.795880017
3000,[*]c1ccc(Oc2ccc3c(c2)C(=O)N(c2ccc(-c4ccc(Oc5ccc(C6(c7ccc(Oc8ccc(-c9ccc(N%10C(=O)c%11ccc(Oc%12ccc(C([*])(C)C)cc%12)cc%11C%10=O)cc9)cc8C(F)(F)F)cc7)c7ccccc7-c7ccccc76)cc5)c(C(F)(F)F)c4)cc2)C3=O)cc1,p_exp_CH4,-9.995678626
3001,[*]c1ccc(Oc2ccc3c(c2)C(=O)N(c2ccc(-c4ccc(Oc5ccc(C6(c7ccc(Oc8ccc(-c9ccc(N%10C(=O)c%11ccc(Oc%12ccc(C([*])(C)C)cc%12)cc%11C%10=O)cc9)cc8C(F)(F)F)cc7)c7ccccc7-c7ccccc76)cc5)c(C(F)(F)F)c4)cc2)C3=O)cc1,p_exp_CO2,-8.647817482
3002,[*]c1ccc(Oc2ccc3c(c2)C(=O)N(c2ccc(-c4ccc(Oc5ccc(C6(c7ccc(Oc8ccc(-c9ccc(N%10C(=O)c%11ccc(Oc%12ccc(C([*])(C)C)cc%12)cc%11C%10=O)cc9)cc8C(F)(F)F)cc7)c7ccccc7-c7ccccc76)cc5)c(C(F)(F)F)c4)cc2)C3=O)cc1,p_exp_N2,-9.924453039
3003,[*]c1ccc(Oc2ccc3c(c2)C(=O)N(c2ccc(-c4ccc(Oc5ccc(C6(c7ccc(Oc8ccc(-c9ccc(N%10C(=O)c%11ccc(Oc%12ccc(C([*])(C)C)cc%12)cc%11C%10=O)cc9)cc8C(F)(F)F)cc7)c7ccccc7-c7ccccc76)cc5)c(C(F)(F)F)c4)cc2)C3=O)cc1,p_exp_O2,-9.154281982
3004,[*]c1ccc(Oc2ccc3c(c2)C(=O)N(c2ccc(Cc4ccc(N5C(=O)c6ccc(Oc7ccc(C([*])(C)C)cc7)cc6C5=O)cc4)cc2)C3=O)cc1,p_exp_CH4,-11.22184875
3005,[*]c1ccc(Oc2ccc3c(c2)C(=O)N(c2ccc(Cc4ccc(N5C(=O)c6ccc(Oc7ccc(C([*])(C)C)cc7)cc6C5=O)cc4)cc2)C3=O)cc1,p_exp_CO2,-9.282329497
3006,[*]c1ccc(Oc2ccc3c(c2)C(=O)N(c2ccc(Cc4ccc(N5C(=O)c6ccc(Oc7ccc(C([*])(C)C)cc7)cc6C5=O)cc4)cc2)C3=O)cc1,p_exp_H2,-9.080398976
3007,[*]c1ccc(Oc2ccc3c(c2)C(=O)N(c2ccc(Cc4ccc(N5C(=O)c6ccc(Oc7ccc(C([*])(C)C)cc7)cc6C5=O)cc4)cc2)C3=O)cc1,p_exp_N2,-10.86012091
3008,[*]c1ccc(Oc2ccc3c(c2)C(=O)N(c2ccc(Cc4ccc(N5C(=O)c6ccc(Oc7ccc(C([*])(C)C)cc7)cc6C5=O)cc4)cc2)C3=O)cc1,p_exp_O2,-9.974694135
3009,[*]c1ccc(Oc2ccc3c(c2)C(=O)N(c2ccc(Oc4ccc(N5C(=O)c6ccc(Oc7ccc(C([*])(C)C)cc7)cc6C5=O)cc4)cc2)C3=O)cc1,p_exp_H2,-9.048176965
3010,[*]c1ccc(Oc2ccc3c(c2)C(=O)N(c2ccc(Oc4ccc(N5C(=O)c6ccc(Oc7ccc(C([*])(C)C)cc7)cc6C5=O)cc4)cc2)C3=O)cc1,p_exp_N2,-11.07572071
3011,[*]c1ccc(Oc2ccc3c(c2)C(=O)N(c2ccc(Oc4ccc(N5C(=O)c6ccc(Oc7ccc(C([*])(C)C)cc7)cc6C5=O)cc4)cc2)C3=O)cc1,p_exp_O2,-10.25963731
3012,[*]c1ccc(Oc2ccc3c(c2)C(=O)N(c2cccc(N4C(=O)c5ccc(Oc6ccc(C([*])(C)C)cc6)cc5C4=O)c2)C3=O)cc1,p_exp_CH4,-11.43415218
3013,[*]c1ccc(Oc2ccc3c(c2)C(=O)N(c2cccc(N4C(=O)c5ccc(Oc6ccc(C([*])(C)C)cc6)cc5C4=O)c2)C3=O)cc1,p_exp_CO2,-9.853871964
3014,[*]c1ccc(Oc2ccc3c(c2)C(=O)N(c2cccc(N4C(=O)c5ccc(Oc6ccc(C([*])(C)C)cc6)cc5C4=O)c2)C3=O)cc1,p_exp_He,-9.024568191
3015,[*]c1ccc(Oc2ccc3c(c2)C(=O)N(c2cccc(N4C(=O)c5ccc(Oc6ccc(C([*])(C)C)cc6)cc5C4=O)c2)C3=O)cc1,p_exp_N2,-11.27736608
3016,[*]c1ccc(Oc2ccc3c(c2)C(=O)N(c2cccc(N4C(=O)c5ccc(Oc6ccc(C([*])(C)C)cc6)cc5C4=O)c2)C3=O)cc1,p_exp_O2,-10.39794001
3017,[*]c1ccc(Oc2ccc3cc(Oc4ccc(S([*])(=O)=O)cc4)ccc3c2)cc1,p_exp_CH4,-11.43651891
3018,[*]c1ccc(Oc2ccc3cc(Oc4ccc(S([*])(=O)=O)cc4)ccc3c2)cc1,p_exp_CO2,-9.823908741
3019,[*]c1ccc(Oc2ccc3cc(Oc4ccc(S([*])(=O)=O)cc4)ccc3c2)cc1,p_exp_H2,-9.139661993
3020,[*]c1ccc(Oc2ccc3cc(Oc4ccc(S([*])(=O)=O)cc4)ccc3c2)cc1,p_exp_He,-9.102372909
3021,[*]c1ccc(Oc2ccc3cc(Oc4ccc(S([*])(=O)=O)cc4)ccc3c2)cc1,p_exp_N2,-11.29499204
3022,[*]c1ccc(Oc2ccc3cc(Oc4ccc(S([*])(=O)=O)cc4)ccc3c2)cc1,p_exp_O2,-10.4202164
3023,[*]c1ccc(Oc2ccc3ccc(Oc4ccc(S([*])(=O)=O)cc4)cc3c2)cc1,p_exp_CH4,-11.30103
3024,[*]c1ccc(Oc2ccc3ccc(Oc4ccc(S([*])(=O)=O)cc4)cc3c2)cc1,p_exp_CO2,-9.744727495
3025,[*]c1ccc(Oc2ccc3ccc(Oc4ccc(S([*])(=O)=O)cc4)cc3c2)cc1,p_exp_H2,-9.088842391
3026,[*]c1ccc(Oc2ccc3ccc(Oc4ccc(S([*])(=O)=O)cc4)cc3c2)cc1,p_exp_He,-9.055517328
3027,[*]c1ccc(Oc2ccc3ccc(Oc4ccc(S([*])(=O)=O)cc4)cc3c2)cc1,p_exp_N2,-11.13371266
3028,[*]c1ccc(Oc2ccc3ccc(Oc4ccc(S([*])(=O)=O)cc4)cc3c2)cc1,p_exp_O2,-10.30103
3029,[*]c1ccc(Oc2cccc(-n3c(=O)c4cc5c(=O)n([*])c(=O)c5cc4c3=O)c2)cc1,p_exp_CH4,-11.58838029
3030,[*]c1ccc(Oc2cccc(-n3c(=O)c4cc5c(=O)n([*])c(=O)c5cc4c3=O)c2)cc1,p_exp_CO2,-9.928117993
3031,[*]c1ccc(Oc2cccc(-n3c(=O)c4cc5c(=O)n([*])c(=O)c5cc4c3=O)c2)cc1,p_exp_H2,-9.227678293
3032,[*]c1ccc(Oc2cccc(-n3c(=O)c4cc5c(=O)n([*])c(=O)c5cc4c3=O)c2)cc1,p_exp_N2,-11.34294415
3033,[*]c1ccc(Oc2cccc(-n3c(=O)c4cc5c(=O)n([*])c(=O)c5cc4c3=O)c2)cc1,p_exp_O2,-10.50863831
3034,[*]c1ccc(Oc2cccc3c(Oc4ccc(S([*])(=O)=O)cc4)cccc23)cc1,p_exp_CH4,-11.4436975
3035,[*]c1ccc(Oc2cccc3c(Oc4ccc(S([*])(=O)=O)cc4)cccc23)cc1,p_exp_CO2,-9.795880017
3036,[*]c1ccc(Oc2cccc3c(Oc4ccc(S([*])(=O)=O)cc4)cccc23)cc1,p_exp_He,-9.026872146
3037,[*]c1ccc(Oc2cccc3c(Oc4ccc(S([*])(=O)=O)cc4)cccc23)cc1,p_exp_N2,-11.24412514
3038,[*]c1ccc(Oc2cccc3c(Oc4ccc(S([*])(=O)=O)cc4)cccc23)cc1,p_exp_O2,-10.37675071
3039,[*]c1ccc([*])n1C,p_exp_CH4,-10.65757732
3040,[*]c1ccc([*])n1C,p_exp_CO2,-9.161150909
3041,[*]c1ccc([*])n1C,p_exp_N2,-10.48148606
3042,[*]c1ccc([*])n1C,p_exp_O2,-9.690369833
3043,[*]c1ccc2c(c1)C(=O)C(c1ccc(-c3ccc(-c4ccc(-c5ccc([*])cc5C(=O)c5ccccc5)cc4C(=O)c4ccccc4)cc3C(=O)c3ccccc3)cc1C(F)(F)F)C2=O,p_exp_CH4,-10.85387196
3044,[*]c1ccc2c(c1)C(=O)C(c1ccc(-c3ccc(-c4ccc(-c5ccc([*])cc5C(=O)c5ccccc5)cc4C(=O)c4ccccc4)cc3C(=O)c3ccccc3)cc1C(F)(F)F)C2=O,p_exp_CO2,-9.397940009
3045,[*]c1ccc2c(c1)C(=O)C(c1ccc(-c3ccc(-c4ccc(-c5ccc([*])cc5C(=O)c5ccccc5)cc4C(=O)c4ccccc4)cc3C(=O)c3ccccc3)cc1C(F)(F)F)C2=O,p_exp_H2,-8.958607315
3046,[*]c1ccc2c(c1)C(=O)C(c1ccc(-c3ccc(-c4ccc(-c5ccc([*])cc5C(=O)c5ccccc5)cc4C(=O)c4ccccc4)cc3C(=O)c3ccccc3)cc1C(F)(F)F)C2=O,p_exp_N2,-10.85387196
3047,[*]c1ccc2c(c1)C(=O)C(c1ccc(-c3ccc(-c4ccc(-c5ccc([*])cc5C(=O)c5ccccc5)cc4C(=O)c4ccccc4)cc3C(=O)c3ccccc3)cc1C(F)(F)F)C2=O,p_exp_O2,-10.06048075
3048,[*]c1ccc2c(c1)C(=O)C(c1ccc(-c3ccc(C4C(=O)c5ccc(-c6ccc(C7C(=O)c8ccc(-c9ccc%10c(c9)C(=O)C(c9ccc(-c%11ccc%12c(c%11)C(=O)C(c%11ccc(-c%13ccc%14c(c%13)C(=O)C(c%13ccc(-c%15ccc%16c(c%15)C(=O)C(c%15ccc(-c%17ccc(C%18C(=O)c%19ccc(-c%20ccc%21c(c%20)C(=O)C(c%20ccc(-c%22ccc([*])cc%22C(=O)c%22ccccc%22)cc%20C(F)(F)F)C%21=O)cc%19C%18=O)c(C(F)(F)F)c%17)cc%15C(F)(F)F)C%16=O)cc%13C(F)(F)F)C%14=O)cc%11C(F)(F)F)C%12=O)cc9C(F)(F)F)C%10=O)cc8C7=O)c(C(F)(F)F)c6)cc5C4=O)c(C(F)(F)F)c3)cc1C(F)(F)F)C2=O,p_exp_CH4,-10.40893539
3049,[*]c1ccc2c(c1)C(=O)C(c1ccc(-c3ccc(C4C(=O)c5ccc(-c6ccc(C7C(=O)c8ccc(-c9ccc%10c(c9)C(=O)C(c9ccc(-c%11ccc%12c(c%11)C(=O)C(c%11ccc(-c%13ccc%14c(c%13)C(=O)C(c%13ccc(-c%15ccc%16c(c%15)C(=O)C(c%15ccc(-c%17ccc(C%18C(=O)c%19ccc(-c%20ccc%21c(c%20)C(=O)C(c%20ccc(-c%22ccc([*])cc%22C(=O)c%22ccccc%22)cc%20C(F)(F)F)C%21=O)cc%19C%18=O)c(C(F)(F)F)c%17)cc%15C(F)(F)F)C%16=O)cc%13C(F)(F)F)C%14=O)cc%11C(F)(F)F)C%12=O)cc9C(F)(F)F)C%10=O)cc8C7=O)c(C(F)(F)F)c6)cc5C4=O)c(C(F)(F)F)c3)cc1C(F)(F)F)C2=O,p_exp_CO2,-8.835647144
3050,[*]c1ccc2c(c1)C(=O)C(c1ccc(-c3ccc(C4C(=O)c5ccc(-c6ccc(C7C(=O)c8ccc(-c9ccc%10c(c9)C(=O)C(c9ccc(-c%11ccc%12c(c%11)C(=O)C(c%11ccc(-c%13ccc%14c(c%13)C(=O)C(c%13ccc(-c%15ccc%16c(c%15)C(=O)C(c%15ccc(-c%17ccc(C%18C(=O)c%19ccc(-c%20ccc%21c(c%20)C(=O)C(c%20ccc(-c%22ccc([*])cc%22C(=O)c%22ccccc%22)cc%20C(F)(F)F)C%21=O)cc%19C%18=O)c(C(F)(F)F)c%17)cc%15C(F)(F)F)C%16=O)cc%13C(F)(F)F)C%14=O)cc%11C(F)(F)F)C%12=O)cc9C(F)(F)F)C%10=O)cc8C7=O)c(C(F)(F)F)c6)cc5C4=O)c(C(F)(F)F)c3)cc1C(F)(F)F)C2=O,p_exp_H2,-8.585026652
3051,[*]c1ccc2c(c1)C(=O)C(c1ccc(-c3ccc(C4C(=O)c5ccc(-c6ccc(C7C(=O)c8ccc(-c9ccc%10c(c9)C(=O)C(c9ccc(-c%11ccc%12c(c%11)C(=O)C(c%11ccc(-c%13ccc%14c(c%13)C(=O)C(c%13ccc(-c%15ccc%16c(c%15)C(=O)C(c%15ccc(-c%17ccc(C%18C(=O)c%19ccc(-c%20ccc%21c(c%20)C(=O)C(c%20ccc(-c%22ccc([*])cc%22C(=O)c%22ccccc%22)cc%20C(F)(F)F)C%21=O)cc%19C%18=O)c(C(F)(F)F)c%17)cc%15C(F)(F)F)C%16=O)cc%13C(F)(F)F)C%14=O)cc%11C(F)(F)F)C%12=O)cc9C(F)(F)F)C%10=O)cc8C7=O)c(C(F)(F)F)c6)cc5C4=O)c(C(F)(F)F)c3)cc1C(F)(F)F)C2=O,p_exp_N2,-10.22914799
3052,[*]c1ccc2c(c1)C(=O)C(c1ccc(-c3ccc(C4C(=O)c5ccc(-c6ccc(C7C(=O)c8ccc(-c9ccc%10c(c9)C(=O)C(c9ccc(-c%11ccc%12c(c%11)C(=O)C(c%11ccc(-c%13ccc%14c(c%13)C(=O)C(c%13ccc(-c%15ccc%16c(c%15)C(=O)C(c%15ccc(-c%17ccc(C%18C(=O)c%19ccc(-c%20ccc%21c(c%20)C(=O)C(c%20ccc(-c%22ccc([*])cc%22C(=O)c%22ccccc%22)cc%20C(F)(F)F)C%21=O)cc%19C%18=O)c(C(F)(F)F)c%17)cc%15C(F)(F)F)C%16=O)cc%13C(F)(F)F)C%14=O)cc%11C(F)(F)F)C%12=O)cc9C(F)(F)F)C%10=O)cc8C7=O)c(C(F)(F)F)c6)cc5C4=O)c(C(F)(F)F)c3)cc1C(F)(F)F)C2=O,p_exp_O2,-9.521433504
3053,[*]c1ccc2c(c1)C(=O)C(c1ccc(-c3ccc([*])cc3C(=O)c3ccccc3)cc1C(F)(F)F)C2=O,p_exp_CH4,-10.58502665
3054,[*]c1ccc2c(c1)C(=O)C(c1ccc(-c3ccc([*])cc3C(=O)c3ccccc3)cc1C(F)(F)F)C2=O,p_exp_CO2,-9.093664958
3055,[*]c1ccc2c(c1)C(=O)C(c1ccc(-c3ccc([*])cc3C(=O)c3ccccc3)cc1C(F)(F)F)C2=O,p_exp_H2,-8.777283529
3056,[*]c1ccc2c(c1)C(=O)C(c1ccc(-c3ccc([*])cc3C(=O)c3ccccc3)cc1C(F)(F)F)C2=O,p_exp_N2,-10.52287875
3057,[*]c1ccc2c(c1)C(=O)C(c1ccc(-c3ccc([*])cc3C(=O)c3ccccc3)cc1C(F)(F)F)C2=O,p_exp_O2,-9.779891912
3058,[*]c1ccc2c(c1)C(=O)C(c1ccc([*])cc1C(F)(F)F)C2=O,p_exp_CH4,-10.4436975
3059,[*]c1ccc2c(c1)C(=O)C(c1ccc([*])cc1C(F)(F)F)C2=O,p_exp_CO2,-8.847711656
3060,[*]c1ccc2c(c1)C(=O)C(c1ccc([*])cc1C(F)(F)F)C2=O,p_exp_H2,-8.562249437
3061,[*]c1ccc2c(c1)C(=O)C(c1ccc([*])cc1C(F)(F)F)C2=O,p_exp_N2,-10.39794001
3062,[*]c1ccc2c(c1)C(=O)C(c1ccc([*])cc1C(F)(F)F)C2=O,p_exp_O2,-9.524328812
3063,[*]c1ccc2c(c1)C(=O)N(Oc1ccc(-c3ccc(C(c4ccc(Oc5ccc(N6C(=O)c7ccc(C([*])(C(F)(F)F)C(F)(F)F)cc7C6=O)cc5)cc4)(C(F)(F)F)C(F)(F)F)cc3)cc1)C2,p_exp_CH4,-10.28399666
3064,[*]c1ccc2c(c1)C(=O)N(Oc1ccc(-c3ccc(C(c4ccc(Oc5ccc(N6C(=O)c7ccc(C([*])(C(F)(F)F)C(F)(F)F)cc7C6=O)cc5)cc4)(C(F)(F)F)C(F)(F)F)cc3)cc1)C2,p_exp_CO2,-8.718966633
3065,[*]c1ccc2c(c1)C(=O)N(Oc1ccc(-c3ccc(C(c4ccc(Oc5ccc(N6C(=O)c7ccc(C([*])(C(F)(F)F)C(F)(F)F)cc7C6=O)cc5)cc4)(C(F)(F)F)C(F)(F)F)cc3)cc1)C2,p_exp_H2,-8.324221658
3066,[*]c1ccc2c(c1)C(=O)N(Oc1ccc(-c3ccc(C(c4ccc(Oc5ccc(N6C(=O)c7ccc(C([*])(C(F)(F)F)C(F)(F)F)cc7C6=O)cc5)cc4)(C(F)(F)F)C(F)(F)F)cc3)cc1)C2,p_exp_N2,-10.00833099
3067,[*]c1ccc2c(c1)C(=O)N(Oc1ccc(-c3ccc(C(c4ccc(Oc5ccc(N6C(=O)c7ccc(C([*])(C(F)(F)F)C(F)(F)F)cc7C6=O)cc5)cc4)(C(F)(F)F)C(F)(F)F)cc3)cc1)C2,p_exp_O2,-9.289882635
3068,[*]c1ccc2c(c1)C(=O)N(Oc1ccc(-c3ccc(C(c4ccc(Oc5ccc(N6C(=O)c7ccc(C([*])(C(F)(F)F)C(F)(F)F)cc7C6=O)cc5C(F)(F)F)cc4)(C(F)(F)F)C(F)(F)F)cc3)cc1C(F)(F)F)C2,p_exp_CH4,-10.15304467
3069,[*]c1ccc2c(c1)C(=O)N(Oc1ccc(-c3ccc(C(c4ccc(Oc5ccc(N6C(=O)c7ccc(C([*])(C(F)(F)F)C(F)(F)F)cc7C6=O)cc5C(F)(F)F)cc4)(C(F)(F)F)C(F)(F)F)cc3)cc1C(F)(F)F)C2,p_exp_CO2,-8.642065153
3070,[*]c1ccc2c(c1)C(=O)N(Oc1ccc(-c3ccc(C(c4ccc(Oc5ccc(N6C(=O)c7ccc(C([*])(C(F)(F)F)C(F)(F)F)cc7C6=O)cc5C(F)(F)F)cc4)(C(F)(F)F)C(F)(F)F)cc3)cc1C(F)(F)F)C2,p_exp_H2,-8.256490235
3071,[*]c1ccc2c(c1)C(=O)N(Oc1ccc(-c3ccc(C(c4ccc(Oc5ccc(N6C(=O)c7ccc(C([*])(C(F)(F)F)C(F)(F)F)cc7C6=O)cc5C(F)(F)F)cc4)(C(F)(F)F)C(F)(F)F)cc3)cc1C(F)(F)F)C2,p_exp_N2,-9.886056648
3072,[*]c1ccc2c(c1)C(=O)N(Oc1ccc(-c3ccc(C(c4ccc(Oc5ccc(N6C(=O)c7ccc(C([*])(C(F)(F)F)C(F)(F)F)cc7C6=O)cc5C(F)(F)F)cc4)(C(F)(F)F)C(F)(F)F)cc3)cc1C(F)(F)F)C2,p_exp_O2,-9.187086643
3073,[*]c1ccc2c(c1)C(=O)N(c1cc(N3C(=O)c4ccc(C([*])(C(F)(F)F)C(F)(F)F)cc4C3=O)cc(C(F)(F)F)c1)C2=O,p_exp_CH4,-10.34678749
3074,[*]c1ccc2c(c1)C(=O)N(c1cc(N3C(=O)c4ccc(C([*])(C(F)(F)F)C(F)(F)F)cc4C3=O)cc(C(F)(F)F)c1)C2=O,p_exp_CO2,-8.665546249
3075,[*]c1ccc2c(c1)C(=O)N(c1cc(N3C(=O)c4ccc(C([*])(C(F)(F)F)C(F)(F)F)cc4C3=O)cc(C(F)(F)F)c1)C2=O,p_exp_H2,-8.232102384
3076,[*]c1ccc2c(c1)C(=O)N(c1cc(N3C(=O)c4ccc(C([*])(C(F)(F)F)C(F)(F)F)cc4C3=O)cc(C(F)(F)F)c1)C2=O,p_exp_N2,-9.931814138
3077,[*]c1ccc2c(c1)C(=O)N(c1cc(N3C(=O)c4ccc(C([*])(C(F)(F)F)C(F)(F)F)cc4C3=O)cc(C(F)(F)F)c1)C2=O,p_exp_O2,-9.191789027
3078,[*]c1ccc2c(c1)C(=O)N(c1ccc(-c3ccc(N4C(=O)c5ccc(C([*])(C(F)(F)F)C(F)(F)F)cc5C4=O)c(O)c3)cc1O)C2=O,p_exp_CH4,-11.25026368
3079,[*]c1ccc2c(c1)C(=O)N(c1ccc(-c3ccc(N4C(=O)c5ccc(C([*])(C(F)(F)F)C(F)(F)F)cc5C4=O)c(O)c3)cc1O)C2=O,p_exp_CO2,-9.314258261
3080,[*]c1ccc2c(c1)C(=O)N(c1ccc(-c3ccc(N4C(=O)c5ccc(C([*])(C(F)(F)F)C(F)(F)F)cc5C4=O)c(O)c3)cc1O)C2=O,p_exp_He,-8.53313238
3081,[*]c1ccc2c(c1)C(=O)N(c1ccc(-c3ccc(N4C(=O)c5ccc(C([*])(C(F)(F)F)C(F)(F)F)cc5C4=O)c(O)c3)cc1O)C2=O,p_exp_N2,-10.77469072
3082,[*]c1ccc2c(c1)C(=O)N(c1ccc(-c3ccc(N4C(=O)c5ccc(C([*])(C(F)(F)F)C(F)(F)F)cc5C4=O)c(O)c3)cc1O)C2=O,p_exp_O2,-9.913640169
3083,[*]c1ccc2c(c1)C(=O)N(c1ccc(-c3ccc(N4C(=O)c5ccc([*])cc5C4=O)c(O)c3)cc1O)C2=O,p_exp_CH4,-13.38721614
3084,[*]c1ccc2c(c1)C(=O)N(c1ccc(-c3ccc(N4C(=O)c5ccc([*])cc5C4=O)c(O)c3)cc1O)C2=O,p_exp_CO2,-11.50445566
3085,[*]c1ccc2c(c1)C(=O)N(c1ccc(-c3ccc(N4C(=O)c5ccc([*])cc5C4=O)c(O)c3)cc1O)C2=O,p_exp_He,-9.962573502
3086,[*]c1ccc2c(c1)C(=O)N(c1ccc(-c3ccc(N4C(=O)c5ccc([*])cc5C4=O)c(O)c3)cc1O)C2=O,p_exp_N2,-13
3087,[*]c1ccc2c(c1)C(=O)N(c1ccc(-c3ccc(N4C(=O)c5ccc([*])cc5C4=O)c(O)c3)cc1O)C2=O,p_exp_O2,-12.01772877
3088,[*]c1ccc2c(c1)C(=O)N(c1ccc(-c3ccc(N4C(=O)c5ccc([Si]([*])(C)C)cc5C4=O)cc3)cc1)C2=O,p_exp_H2,-9.076755981
3089,[*]c1ccc2c(c1)C(=O)N(c1ccc(-c3ccc(N4C(=O)c5ccc([Si]([*])(C)C)cc5C4=O)cc3)cc1)C2=O,p_exp_N2,-10.9625735
3090,[*]c1ccc2c(c1)C(=O)N(c1ccc(-c3ccc(N4C(=O)c5ccc([Si]([*])(C)C)cc5C4=O)cc3)cc1)C2=O,p_exp_O2,-10.16941133
3091,[*]c1ccc2c(c1)C(=O)N(c1ccc(-c3ccc(Oc4ccc(C5(c6ccc(Oc7ccc(-c8ccc(N9C(=O)c%10ccc(C([*])(C(F)(F)F)C(F)(F)F)cc%10C9=O)cc8)cc7C(F)(F)F)cc6)C(=O)N(c6ccccc6)c6ccccc65)cc4)c(C(F)(F)F)c3)cc1)C2=O,p_exp_CH4,-9.995678626
3092,[*]c1ccc2c(c1)C(=O)N(c1ccc(-c3ccc(Oc4ccc(C5(c6ccc(Oc7ccc(-c8ccc(N9C(=O)c%10ccc(C([*])(C(F)(F)F)C(F)(F)F)cc%10C9=O)cc8)cc7C(F)(F)F)cc6)C(=O)N(c6ccccc6)c6ccccc65)cc4)c(C(F)(F)F)c3)cc1)C2=O,p_exp_CO2,-8.268411235
3093,[*]c1ccc2c(c1)C(=O)N(c1ccc(-c3ccc(Oc4ccc(C5(c6ccc(Oc7ccc(-c8ccc(N9C(=O)c%10ccc(C([*])(C(F)(F)F)C(F)(F)F)cc%10C9=O)cc8)cc7C(F)(F)F)cc6)C(=O)N(c6ccccc6)c6ccccc65)cc4)c(C(F)(F)F)c3)cc1)C2=O,p_exp_N2,-9.76700389
3094,[*]c1ccc2c(c1)C(=O)N(c1ccc(-c3ccc(Oc4ccc(C5(c6ccc(Oc7ccc(-c8ccc(N9C(=O)c%10ccc(C([*])(C(F)(F)F)C(F)(F)F)cc%10C9=O)cc8)cc7C(F)(F)F)cc6)C(=O)N(c6ccccc6)c6ccccc65)cc4)c(C(F)(F)F)c3)cc1)C2=O,p_exp_O2,-8.991399828
3095,[*]c1ccc2c(c1)C(=O)N(c1ccc(-c3ccc(Oc4ccc(C5(c6ccc(Oc7ccc(-c8ccc(N9C(=O)c%10ccc(C([*])(C(F)(F)F)C(F)(F)F)cc%10C9=O)cc8)cc7C(F)(F)F)cc6)c6ccccc6-c6ccccc65)cc4)c(C(F)(F)F)c3)cc1)C2=O,p_exp_CH4,-9.872895202
3096,[*]c1ccc2c(c1)C(=O)N(c1ccc(-c3ccc(Oc4ccc(C5(c6ccc(Oc7ccc(-c8ccc(N9C(=O)c%10ccc(C([*])(C(F)(F)F)C(F)(F)F)cc%10C9=O)cc8)cc7C(F)(F)F)cc6)c6ccccc6-c6ccccc65)cc4)c(C(F)(F)F)c3)cc1)C2=O,p_exp_CO2,-8.274905479
3097,[*]c1ccc2c(c1)C(=O)N(c1ccc(-c3ccc(Oc4ccc(C5(c6ccc(Oc7ccc(-c8ccc(N9C(=O)c%10ccc(C([*])(C(F)(F)F)C(F)(F)F)cc%10C9=O)cc8)cc7C(F)(F)F)cc6)c6ccccc6-c6ccccc65)cc4)c(C(F)(F)F)c3)cc1)C2=O,p_exp_N2,-9.68613278
3098,[*]c1ccc2c(c1)C(=O)N(c1ccc(-c3ccc(Oc4ccc(C5(c6ccc(Oc7ccc(-c8ccc(N9C(=O)c%10ccc(C([*])(C(F)(F)F)C(F)(F)F)cc%10C9=O)cc8)cc7C(F)(F)F)cc6)c6ccccc6-c6ccccc65)cc4)c(C(F)(F)F)c3)cc1)C2=O,p_exp_O2,-8.869666232
3099,[*]c1ccc2c(c1)C(=O)N(c1ccc(C(c3ccc(N4C(=O)c5ccc(C([*])(C(F)(F)F)C(F)(F)F)cc5C4=O)cc3)(C(F)(F)F)C(F)(F)F)cc1)C2,p_exp_CH4,-9.872895202
3100,[*]c1ccc2c(c1)C(=O)N(c1ccc(C(c3ccc(N4C(=O)c5ccc(C([*])(C(F)(F)F)C(F)(F)F)cc5C4=O)cc3)(C(F)(F)F)C(F)(F)F)cc1)C2,p_exp_CO2,-8.290730039
3101,[*]c1ccc2c(c1)C(=O)N(c1ccc(C(c3ccc(N4C(=O)c5ccc(C([*])(C(F)(F)F)C(F)(F)F)cc5C4=O)cc3)(C(F)(F)F)C(F)(F)F)cc1)C2,p_exp_H2,-7.966576245
3102,[*]c1ccc2c(c1)C(=O)N(c1ccc(C(c3ccc(N4C(=O)c5ccc(C([*])(C(F)(F)F)C(F)(F)F)cc5C4=O)cc3)(C(F)(F)F)C(F)(F)F)cc1)C2,p_exp_N2,-9.507239611
3103,[*]c1ccc2c(c1)C(=O)N(c1ccc(C(c3ccc(N4C(=O)c5ccc(C([*])(C(F)(F)F)C(F)(F)F)cc5C4=O)cc3)(C(F)(F)F)C(F)(F)F)cc1)C2,p_exp_O2,-8.847711656
3104,[*]c1ccc2c(c1)C(=O)N(c1ccc(C(c3ccc(N4C(=O)c5ccc(C([*])(C(F)(F)F)C(F)(F)F)cc5C4=O)cc3)(C(F)(F)F)C(F)(F)F)cc1)C2=O,p_exp_CH4,-9.809668302
3105,[*]c1ccc2c(c1)C(=O)N(c1ccc(C(c3ccc(N4C(=O)c5ccc(C([*])(C(F)(F)F)C(F)(F)F)cc5C4=O)cc3)(C(F)(F)F)C(F)(F)F)cc1)C2=O,p_exp_CO2,-8.228412519
3106,[*]c1ccc2c(c1)C(=O)N(c1ccc(C(c3ccc(N4C(=O)c5ccc(C([*])(C(F)(F)F)C(F)(F)F)cc5C4=O)cc3)(C(F)(F)F)C(F)(F)F)cc1)C2=O,p_exp_H2,-7.966576245
3107,[*]c1ccc2c(c1)C(=O)N(c1ccc(C(c3ccc(N4C(=O)c5ccc(C([*])(C(F)(F)F)C(F)(F)F)cc5C4=O)cc3)(C(F)(F)F)C(F)(F)F)cc1)C2=O,p_exp_He,-7.847711656
3108,[*]c1ccc2c(c1)C(=O)N(c1ccc(C(c3ccc(N4C(=O)c5ccc(C([*])(C(F)(F)F)C(F)(F)F)cc5C4=O)cc3)(C(F)(F)F)C(F)(F)F)cc1)C2=O,p_exp_N2,-9.490797478
3109,[*]c1ccc2c(c1)C(=O)N(c1ccc(C(c3ccc(N4C(=O)c5ccc(C([*])(C(F)(F)F)C(F)(F)F)cc5C4=O)cc3)(C(F)(F)F)C(F)(F)F)cc1)C2=O,p_exp_O2,-8.804100348
3110,[*]c1ccc2c(c1)C(=O)N(c1ccc(C(c3ccc(N4C(=O)c5ccc([*])cc5C4=O)cc3)(C(F)(F)F)C(F)(F)F)cc1)C2,p_exp_CH4,-10.1079054
3111,[*]c1ccc2c(c1)C(=O)N(c1ccc(C(c3ccc(N4C(=O)c5ccc([*])cc5C4=O)cc3)(C(F)(F)F)C(F)(F)F)cc1)C2,p_exp_CO2,-8.557520231
3112,[*]c1ccc2c(c1)C(=O)N(c1ccc(C(c3ccc(N4C(=O)c5ccc([*])cc5C4=O)cc3)(C(F)(F)F)C(F)(F)F)cc1)C2,p_exp_H2,-8.228412519
3113,[*]c1ccc2c(c1)C(=O)N(c1ccc(C(c3ccc(N4C(=O)c5ccc([*])cc5C4=O)cc3)(C(F)(F)F)C(F)(F)F)cc1)C2,p_exp_N2,-9.8569852
3114,[*]c1ccc2c(c1)C(=O)N(c1ccc(C(c3ccc(N4C(=O)c5ccc([*])cc5C4=O)cc3)(C(F)(F)F)C(F)(F)F)cc1)C2,p_exp_O2,-9.148741651
3115,[*]c1ccc2c(c1)C(=O)N(c1ccc(C(c3ccc(N4C(=O)c5ccc([*])cc5C4=O)cc3)(C(F)(F)F)C(F)(F)F)cc1)C2=O,p_exp_CH4,-10.16367588
3116,[*]c1ccc2c(c1)C(=O)N(c1ccc(C(c3ccc(N4C(=O)c5ccc([*])cc5C4=O)cc3)(C(F)(F)F)C(F)(F)F)cc1)C2=O,p_exp_CO2,-8.605548319
3117,[*]c1ccc2c(c1)C(=O)N(c1ccc(C(c3ccc(N4C(=O)c5ccc([*])cc5C4=O)cc3)(C(F)(F)F)C(F)(F)F)cc1)C2=O,p_exp_He,-8.300162274
3118,[*]c1ccc2c(c1)C(=O)N(c1ccc(C(c3ccc(N4C(=O)c5ccc([*])cc5C4=O)cc3)(C(F)(F)F)C(F)(F)F)cc1)C2=O,p_exp_N2,-9.962573502
3119,[*]c1ccc2c(c1)C(=O)N(c1ccc(C(c3ccc(N4C(=O)c5ccc([*])cc5C4=O)cc3)(C(F)(F)F)C(F)(F)F)cc1)C2=O,p_exp_O2,-9.226213555
3120,[*]c1ccc2c(c1)C(=O)N(c1ccc(Cc3ccc(N4C(=O)c5ccc(C([*])(C(F)(F)F)C(F)(F)F)cc5C4=O)c(Cl)c3)cc1Cl)C2=O,p_exp_CH4,-10.91721463
3121,[*]c1ccc2c(c1)C(=O)N(c1ccc(Cc3ccc(N4C(=O)c5ccc(C([*])(C(F)(F)F)C(F)(F)F)cc5C4=O)c(Cl)c3)cc1Cl)C2=O,p_exp_CO2,-9.168770306
3122,[*]c1ccc2c(c1)C(=O)N(c1ccc(Cc3ccc(N4C(=O)c5ccc(C([*])(C(F)(F)F)C(F)(F)F)cc5C4=O)c(Cl)c3)cc1Cl)C2=O,p_exp_He,-8.517126416
3123,[*]c1ccc2c(c1)C(=O)N(c1ccc(Cc3ccc(N4C(=O)c5ccc(C([*])(C(F)(F)F)C(F)(F)F)cc5C4=O)c(Cl)c3)cc1Cl)C2=O,p_exp_N2,-10.57024772
3124,[*]c1ccc2c(c1)C(=O)N(c1ccc(Cc3ccc(N4C(=O)c5ccc(C([*])(C(F)(F)F)C(F)(F)F)cc5C4=O)c(Cl)c3)cc1Cl)C2=O,p_exp_O2,-9.742321425
3125,[*]c1ccc2c(c1)C(=O)N(c1ccc(Cc3ccc(N4C(=O)c5ccc(C([*])(C(F)(F)F)C(F)(F)F)cc5C4=O)cc3)cc1)C2=O,p_exp_CH4,-10.43062609
3126,[*]c1ccc2c(c1)C(=O)N(c1ccc(Cc3ccc(N4C(=O)c5ccc(C([*])(C(F)(F)F)C(F)(F)F)cc5C4=O)cc3)cc1)C2=O,p_exp_CO2,-8.76700389
3127,[*]c1ccc2c(c1)C(=O)N(c1ccc(Cc3ccc(N4C(=O)c5ccc(C([*])(C(F)(F)F)C(F)(F)F)cc5C4=O)cc3)cc1)C2=O,p_exp_H2,-8.349692477
3128,[*]c1ccc2c(c1)C(=O)N(c1ccc(Cc3ccc(N4C(=O)c5ccc(C([*])(C(F)(F)F)C(F)(F)F)cc5C4=O)cc3)cc1)C2=O,p_exp_He,-8.382999659
3129,[*]c1ccc2c(c1)C(=O)N(c1ccc(Cc3ccc(N4C(=O)c5ccc(C([*])(C(F)(F)F)C(F)(F)F)cc5C4=O)cc3)cc1)C2=O,p_exp_N2,-10.18976748
3130,[*]c1ccc2c(c1)C(=O)N(c1ccc(Cc3ccc(N4C(=O)c5ccc(C([*])(C(F)(F)F)C(F)(F)F)cc5C4=O)cc3)cc1)C2=O,p_exp_O2,-9.40560745
3131,[*]c1ccc2c(c1)C(=O)N(c1ccc(Cc3ccc(N4C(=O)c5ccc(S([*])(=O)=O)cc5C4=O)cc3)cc1)C2=O,p_exp_H2,-9.199282922
3132,[*]c1ccc2c(c1)C(=O)N(c1ccc(Cc3ccc(N4C(=O)c5ccc(S([*])(=O)=O)cc5C4=O)cc3)cc1)C2=O,p_exp_N2,-11.49485002
3133,[*]c1ccc2c(c1)C(=O)N(c1ccc(Cc3ccc(N4C(=O)c5ccc(S([*])(=O)=O)cc5C4=O)cc3)cc1)C2=O,p_exp_O2,-10.52870829
3134,[*]c1ccc2c(c1)C(=O)N(c1ccc(Cc3ccc(N4C(=O)c5ccc([*])cc5C4=O)c(Cl)c3)cc1Cl)C2=O,p_exp_CH4,-11.78515615
3135,[*]c1ccc2c(c1)C(=O)N(c1ccc(Cc3ccc(N4C(=O)c5ccc([*])cc5C4=O)c(Cl)c3)cc1Cl)C2=O,p_exp_CO2,-10.00966115
3136,[*]c1ccc2c(c1)C(=O)N(c1ccc(Cc3ccc(N4C(=O)c5ccc([*])cc5C4=O)c(Cl)c3)cc1Cl)C2=O,p_exp_He,-9.159893906
3137,[*]c1ccc2c(c1)C(=O)N(c1ccc(Cc3ccc(N4C(=O)c5ccc([*])cc5C4=O)c(Cl)c3)cc1Cl)C2=O,p_exp_N2,-11.51286162
3138,[*]c1ccc2c(c1)C(=O)N(c1ccc(Cc3ccc(N4C(=O)c5ccc([*])cc5C4=O)c(Cl)c3)cc1Cl)C2=O,p_exp_O2,-10.58502665
3139,[*]c1ccc2c(c1)C(=O)N(c1ccc(Cc3ccc(N4C(=O)c5ccc([*])cc5C4=O)cc3)cc1)C2=O,p_exp_CH4,-11.31425826
3140,[*]c1ccc2c(c1)C(=O)N(c1ccc(Cc3ccc(N4C(=O)c5ccc([*])cc5C4=O)cc3)cc1)C2=O,p_exp_CO2,-9.798602876
3141,[*]c1ccc2c(c1)C(=O)N(c1ccc(Cc3ccc(N4C(=O)c5ccc([*])cc5C4=O)cc3)cc1)C2=O,p_exp_H2,-9.193820026
3142,[*]c1ccc2c(c1)C(=O)N(c1ccc(Cc3ccc(N4C(=O)c5ccc([*])cc5C4=O)cc3)cc1)C2=O,p_exp_He,-9.341988603
3143,[*]c1ccc2c(c1)C(=O)N(c1ccc(Cc3ccc(N4C(=O)c5ccc([*])cc5C4=O)cc3)cc1)C2=O,p_exp_N2,-11.65560773
3144,[*]c1ccc2c(c1)C(=O)N(c1ccc(Cc3ccc(N4C(=O)c5ccc([*])cc5C4=O)cc3)cc1)C2=O,p_exp_O2,-10.72584215
3145,[*]c1ccc2c(c1)C(=O)N(c1ccc(Cc3ccc(N4C(=O)c5ccc([*])cc5C4=O)cc3Br)c(Br)c1)C2=O,p_exp_CH4,-12.26760624
3146,[*]c1ccc2c(c1)C(=O)N(c1ccc(Cc3ccc(N4C(=O)c5ccc([*])cc5C4=O)cc3Br)c(Br)c1)C2=O,p_exp_CO2,-10.50168945
3147,[*]c1ccc2c(c1)C(=O)N(c1ccc(Cc3ccc(N4C(=O)c5ccc([*])cc5C4=O)cc3Br)c(Br)c1)C2=O,p_exp_He,-9.449771647
3148,[*]c1ccc2c(c1)C(=O)N(c1ccc(Cc3ccc(N4C(=O)c5ccc([*])cc5C4=O)cc3Br)c(Br)c1)C2=O,p_exp_N2,-11.98716278
3149,[*]c1ccc2c(c1)C(=O)N(c1ccc(Cc3ccc(N4C(=O)c5ccc([*])cc5C4=O)cc3Br)c(Br)c1)C2=O,p_exp_O2,-11.0347983
3150,[*]c1ccc2c(c1)C(=O)N(c1ccc(Cc3ccc(N4C(=O)c5ccc([*])cc5C4=O)cc3Cl)c(Cl)c1)C2=O,p_exp_CH4,-12.25963731
3151,[*]c1ccc2c(c1)C(=O)N(c1ccc(Cc3ccc(N4C(=O)c5ccc([*])cc5C4=O)cc3Cl)c(Cl)c1)C2=O,p_exp_CO2,-10.47495519
3152,[*]c1ccc2c(c1)C(=O)N(c1ccc(Cc3ccc(N4C(=O)c5ccc([*])cc5C4=O)cc3Cl)c(Cl)c1)C2=O,p_exp_He,-9.435333936
3153,[*]c1ccc2c(c1)C(=O)N(c1ccc(Cc3ccc(N4C(=O)c5ccc([*])cc5C4=O)cc3Cl)c(Cl)c1)C2=O,p_exp_N2,-11.97061622
3154,[*]c1ccc2c(c1)C(=O)N(c1ccc(Cc3ccc(N4C(=O)c5ccc([*])cc5C4=O)cc3Cl)c(Cl)c1)C2=O,p_exp_O2,-11.01908806
3155,[*]c1ccc2c(c1)C(=O)N(c1ccc(Cc3ccc(N4C(=O)c5ccc([*])cc5C4=O)cc3F)c(F)c1)C2=O,p_exp_CH4,-11.88941029
3156,[*]c1ccc2c(c1)C(=O)N(c1ccc(Cc3ccc(N4C(=O)c5ccc([*])cc5C4=O)cc3F)c(F)c1)C2=O,p_exp_CO2,-10.26600071
3157,[*]c1ccc2c(c1)C(=O)N(c1ccc(Cc3ccc(N4C(=O)c5ccc([*])cc5C4=O)cc3F)c(F)c1)C2=O,p_exp_He,-9.36251027
3158,[*]c1ccc2c(c1)C(=O)N(c1ccc(Cc3ccc(N4C(=O)c5ccc([*])cc5C4=O)cc3F)c(F)c1)C2=O,p_exp_N2,-11.69250396
3159,[*]c1ccc2c(c1)C(=O)N(c1ccc(Cc3ccc(N4C(=O)c5ccc([*])cc5C4=O)cc3F)c(F)c1)C2=O,p_exp_O2,-10.84466396
3160,[*]c1ccc2c(c1)C(=O)N(c1ccc(N(c3ccc(N4C(=O)c5ccc(C([*])(C(F)(F)F)C(F)(F)F)cc5C4=O)cc3)c3ccc(N(c4ccccc4)c4ccccc4)cc3)cc1)C2=O,p_exp_CH4,-9.906578315
3161,[*]c1ccc2c(c1)C(=O)N(c1ccc(N(c3ccc(N4C(=O)c5ccc(C([*])(C(F)(F)F)C(F)(F)F)cc5C4=O)cc3)c3ccc(N(c4ccccc4)c4ccccc4)cc3)cc1)C2=O,p_exp_CO2,-8.928117993
3162,[*]c1ccc2c(c1)C(=O)N(c1ccc(N(c3ccc(N4C(=O)c5ccc(C([*])(C(F)(F)F)C(F)(F)F)cc5C4=O)cc3)c3ccc(N(c4ccccc4)c4ccccc4)cc3)cc1)C2=O,p_exp_N2,-10.34678749
3163,[*]c1ccc2c(c1)C(=O)N(c1ccc(N(c3ccc(N4C(=O)c5ccc(C([*])(C(F)(F)F)C(F)(F)F)cc5C4=O)cc3)c3ccc(N(c4ccccc4)c4ccccc4)cc3)cc1)C2=O,p_exp_O2,-9.705533774
3164,[*]c1ccc2c(c1)C(=O)N(c1ccc(N(c3ccccc3)c3ccc(N4C(=O)c5ccc(C([*])(C(F)(F)F)C(F)(F)F)cc5C4=O)cc3)cc1)C2=O,p_exp_CH4,-10.4202164
3165,[*]c1ccc2c(c1)C(=O)N(c1ccc(N(c3ccccc3)c3ccc(N4C(=O)c5ccc(C([*])(C(F)(F)F)C(F)(F)F)cc5C4=O)cc3)cc1)C2=O,p_exp_CO2,-8.8569852
3166,[*]c1ccc2c(c1)C(=O)N(c1ccc(N(c3ccccc3)c3ccc(N4C(=O)c5ccc(C([*])(C(F)(F)F)C(F)(F)F)cc5C4=O)cc3)cc1)C2=O,p_exp_H2,-8.26760624
3167,[*]c1ccc2c(c1)C(=O)N(c1ccc(N(c3ccccc3)c3ccc(N4C(=O)c5ccc(C([*])(C(F)(F)F)C(F)(F)F)cc5C4=O)cc3)cc1)C2=O,p_exp_N2,-10.18045606
3168,[*]c1ccc2c(c1)C(=O)N(c1ccc(N(c3ccccc3)c3ccc(N4C(=O)c5ccc(C([*])(C(F)(F)F)C(F)(F)F)cc5C4=O)cc3)cc1)C2=O,p_exp_O2,-9.474955193
3169,[*]c1ccc2c(c1)C(=O)N(c1ccc(N(c3ccccc3)c3ccc(N4C(=O)c5ccc([*])cc5C4=O)cc3)cc1)C2=O,p_exp_CH4,-10.78251606
3170,[*]c1ccc2c(c1)C(=O)N(c1ccc(N(c3ccccc3)c3ccc(N4C(=O)c5ccc([*])cc5C4=O)cc3)cc1)C2=O,p_exp_CO2,-9.327902142
3171,[*]c1ccc2c(c1)C(=O)N(c1ccc(N(c3ccccc3)c3ccc(N4C(=O)c5ccc([*])cc5C4=O)cc3)cc1)C2=O,p_exp_H2,-8.832682665
3172,[*]c1ccc2c(c1)C(=O)N(c1ccc(N(c3ccccc3)c3ccc(N4C(=O)c5ccc([*])cc5C4=O)cc3)cc1)C2=O,p_exp_N2,-10.70774393
3173,[*]c1ccc2c(c1)C(=O)N(c1ccc(N(c3ccccc3)c3ccc(N4C(=O)c5ccc([*])cc5C4=O)cc3)cc1)C2=O,p_exp_O2,-9.924453039
3174,[*]c1ccc2c(c1)C(=O)N(c1ccc(N3C(=O)c4ccc(C([*])(C(F)(F)F)C(F)(F)F)cc4C3=O)cc1)C2=O,p_exp_CH4,-10.68402965
3175,[*]c1ccc2c(c1)C(=O)N(c1ccc(N3C(=O)c4ccc(C([*])(C(F)(F)F)C(F)(F)F)cc4C3=O)cc1)C2=O,p_exp_CO2,-8.896196279
3176,[*]c1ccc2c(c1)C(=O)N(c1ccc(N3C(=O)c4ccc(C([*])(C(F)(F)F)C(F)(F)F)cc4C3=O)cc1)C2=O,p_exp_H2,-8.542118103
3177,[*]c1ccc2c(c1)C(=O)N(c1ccc(N3C(=O)c4ccc(C([*])(C(F)(F)F)C(F)(F)F)cc4C3=O)cc1)C2=O,p_exp_N2,-10.31425826
3178,[*]c1ccc2c(c1)C(=O)N(c1ccc(N3C(=O)c4ccc(C([*])(C(F)(F)F)C(F)(F)F)cc4C3=O)cc1)C2=O,p_exp_O2,-9.580044252
3179,[*]c1ccc2c(c1)C(=O)N(c1ccc(N3C(=O)c4ccc([Si]([*])(C)C)cc4C3=O)cc1)C2=O,p_exp_CH4,-11.19382003
3180,[*]c1ccc2c(c1)C(=O)N(c1ccc(N3C(=O)c4ccc([Si]([*])(C)C)cc4C3=O)cc1)C2=O,p_exp_CO2,-9.560667306
3181,[*]c1ccc2c(c1)C(=O)N(c1ccc(N3C(=O)c4ccc([Si]([*])(C)C)cc4C3=O)cc1)C2=O,p_exp_H2,-9.026872146
3182,[*]c1ccc2c(c1)C(=O)N(c1ccc(N3C(=O)c4ccc([Si]([*])(C)C)cc4C3=O)cc1)C2=O,p_exp_N2,-10.9788107
3183,[*]c1ccc2c(c1)C(=O)N(c1ccc(N3C(=O)c4ccc([Si]([*])(C)C)cc4C3=O)cc1)C2=O,p_exp_O2,-10.22184875
3184,[*]c1ccc2c(c1)C(=O)N(c1ccc(NC(=O)C(F)(F)C(F)(F)C(F)(F)C(F)(F)C(=O)Nc3ccc(N4C(=O)c5ccc(C([*])(C(F)(F)F)C(F)(F)F)cc5C4=O)cc3)cc1)C2=O,p_exp_CH4,-10.92081875
3185,[*]c1ccc2c(c1)C(=O)N(c1ccc(NC(=O)C(F)(F)C(F)(F)C(F)(F)C(F)(F)C(=O)Nc3ccc(N4C(=O)c5ccc(C([*])(C(F)(F)F)C(F)(F)F)cc5C4=O)cc3)cc1)C2=O,p_exp_CO2,-9.242603971
3186,[*]c1ccc2c(c1)C(=O)N(c1ccc(NC(=O)C(F)(F)C(F)(F)C(F)(F)C(F)(F)C(=O)Nc3ccc(N4C(=O)c5ccc(C([*])(C(F)(F)F)C(F)(F)F)cc5C4=O)cc3)cc1)C2=O,p_exp_N2,-10.56863624
3187,[*]c1ccc2c(c1)C(=O)N(c1ccc(NC(=O)C(F)(F)C(F)(F)C(F)(F)C(F)(F)C(=O)Nc3ccc(N4C(=O)c5ccc(C([*])(C(F)(F)F)C(F)(F)F)cc5C4=O)cc3)cc1)C2=O,p_exp_O2,-9.826813732
3188,[*]c1ccc2c(c1)C(=O)N(c1ccc(NC(=O)C(F)(F)C(F)(F)C(F)(F)C(F)(F)C(F)(F)C(F)(F)C(=O)Nc3ccc(N4C(=O)c5ccc(C([*])(C(F)(F)F)C(F)(F)F)cc5C4=O)cc3)cc1)C2=O,p_exp_CH4,-10.76955108
3189,[*]c1ccc2c(c1)C(=O)N(c1ccc(NC(=O)C(F)(F)C(F)(F)C(F)(F)C(F)(F)C(F)(F)C(F)(F)C(=O)Nc3ccc(N4C(=O)c5ccc(C([*])(C(F)(F)F)C(F)(F)F)cc5C4=O)cc3)cc1)C2=O,p_exp_CO2,-9.050122296
3190,[*]c1ccc2c(c1)C(=O)N(c1ccc(NC(=O)C(F)(F)C(F)(F)C(F)(F)C(F)(F)C(F)(F)C(F)(F)C(=O)Nc3ccc(N4C(=O)c5ccc(C([*])(C(F)(F)F)C(F)(F)F)cc5C4=O)cc3)cc1)C2=O,p_exp_N2,-10.40893539
3191,[*]c1ccc2c(c1)C(=O)N(c1ccc(NC(=O)C(F)(F)C(F)(F)C(F)(F)C(F)(F)C(F)(F)C(F)(F)C(=O)Nc3ccc(N4C(=O)c5ccc(C([*])(C(F)(F)F)C(F)(F)F)cc5C4=O)cc3)cc1)C2=O,p_exp_O2,-9.721246399
3192,[*]c1ccc2c(c1)C(=O)N(c1ccc(Oc3ccc(-c4ccc(-c5ccc(-c6ccc(Oc7ccc(N8C(=O)c9ccc(C([*])(C(F)(F)F)C(F)(F)F)cc9C8=O)cc7)c(C(F)(F)F)c6)cc5)cc4)cc3C(F)(F)F)cc1)C2=O,p_exp_CH4,-9.821023053
3193,[*]c1ccc2c(c1)C(=O)N(c1ccc(Oc3ccc(-c4ccc(-c5ccc(-c6ccc(Oc7ccc(N8C(=O)c9ccc(C([*])(C(F)(F)F)C(F)(F)F)cc9C8=O)cc7)c(C(F)(F)F)c6)cc5)cc4)cc3C(F)(F)F)cc1)C2=O,p_exp_CO2,-8.436518915
3194,[*]c1ccc2c(c1)C(=O)N(c1ccc(Oc3ccc(-c4ccc(-c5ccc(-c6ccc(Oc7ccc(N8C(=O)c9ccc(C([*])(C(F)(F)F)C(F)(F)F)cc9C8=O)cc7)c(C(F)(F)F)c6)cc5)cc4)cc3C(F)(F)F)cc1)C2=O,p_exp_N2,-9.507239611
3195,[*]c1ccc2c(c1)C(=O)N(c1ccc(Oc3ccc(-c4ccc(-c5ccc(-c6ccc(Oc7ccc(N8C(=O)c9ccc(C([*])(C(F)(F)F)C(F)(F)F)cc9C8=O)cc7)c(C(F)(F)F)c6)cc5)cc4)cc3C(F)(F)F)cc1)C2=O,p_exp_O2,-8.76700389
3196,[*]c1ccc2c(c1)C(=O)N(c1ccc(Oc3ccc(-c4ccc(-c5ccc(Oc6ccc(N7C(=O)c8ccc(C([*])(C(F)(F)F)C(F)(F)F)cc8C7=O)cc6)c(C(F)(F)F)c5)cc4)cc3C(F)(F)F)cc1)C2=O,p_exp_CH4,-9.924453039
3197,[*]c1ccc2c(c1)C(=O)N(c1ccc(Oc3ccc(-c4ccc(-c5ccc(Oc6ccc(N7C(=O)c8ccc(C([*])(C(F)(F)F)C(F)(F)F)cc8C7=O)cc6)c(C(F)(F)F)c5)cc4)cc3C(F)(F)F)cc1)C2=O,p_exp_CO2,-8.480172006
3198,[*]c1ccc2c(c1)C(=O)N(c1ccc(Oc3ccc(-c4ccc(-c5ccc(Oc6ccc(N7C(=O)c8ccc(C([*])(C(F)(F)F)C(F)(F)F)cc8C7=O)cc6)c(C(F)(F)F)c5)cc4)cc3C(F)(F)F)cc1)C2=O,p_exp_N2,-9.542118103
3199,[*]c1ccc2c(c1)C(=O)N(c1ccc(Oc3ccc(-c4ccc(-c5ccc(Oc6ccc(N7C(=O)c8ccc(C([*])(C(F)(F)F)C(F)(F)F)cc8C7=O)cc6)c(C(F)(F)F)c5)cc4)cc3C(F)(F)F)cc1)C2=O,p_exp_O2,-8.818156412
3200,[*]c1ccc2c(c1)C(=O)N(c1ccc(Oc3ccc(-c4ccc(-c5ccc(Oc6ccc(N7C(=O)c8ccc(C([*])(C(F)(F)F)C(F)(F)F)cc8C7=O)cc6)c(C(F)(F)F)c5)s4)cc3C(F)(F)F)cc1)C2=O,p_exp_CH4,-9.774690718
3201,[*]c1ccc2c(c1)C(=O)N(c1ccc(Oc3ccc(-c4ccc(-c5ccc(Oc6ccc(N7C(=O)c8ccc(C([*])(C(F)(F)F)C(F)(F)F)cc8C7=O)cc6)c(C(F)(F)F)c5)s4)cc3C(F)(F)F)cc1)C2=O,p_exp_CO2,-8.343901798
3202,[*]c1ccc2c(c1)C(=O)N(c1ccc(Oc3ccc(-c4ccc(-c5ccc(Oc6ccc(N7C(=O)c8ccc(C([*])(C(F)(F)F)C(F)(F)F)cc8C7=O)cc6)c(C(F)(F)F)c5)s4)cc3C(F)(F)F)cc1)C2=O,p_exp_N2,-9.749579998
3203,[*]c1ccc2c(c1)C(=O)N(c1ccc(Oc3ccc(-c4ccc(-c5ccc(Oc6ccc(N7C(=O)c8ccc(C([*])(C(F)(F)F)C(F)(F)F)cc8C7=O)cc6)c(C(F)(F)F)c5)s4)cc3C(F)(F)F)cc1)C2=O,p_exp_O2,-8.931814138
3204,[*]c1ccc2c(c1)C(=O)N(c1ccc(Oc3ccc(-c4ccc(Oc5ccc(N6C(=O)c7ccc(C([*])(C(F)(F)F)C(F)(F)F)cc7C6=O)cc5)cc4)cc3)cc1)C2=O,p_exp_CH4,-10.66756154
3205,[*]c1ccc2c(c1)C(=O)N(c1ccc(Oc3ccc(-c4ccc(Oc5ccc(N6C(=O)c7ccc(C([*])(C(F)(F)F)C(F)(F)F)cc7C6=O)cc5)cc4)cc3)cc1)C2=O,p_exp_CO2,-9.105130343
3206,[*]c1ccc2c(c1)C(=O)N(c1ccc(Oc3ccc(-c4ccc(Oc5ccc(N6C(=O)c7ccc(C([*])(C(F)(F)F)C(F)(F)F)cc7C6=O)cc5)cc4)cc3)cc1)C2=O,p_exp_He,-8.73754891
3207,[*]c1ccc2c(c1)C(=O)N(c1ccc(Oc3ccc(-c4ccc(Oc5ccc(N6C(=O)c7ccc(C([*])(C(F)(F)F)C(F)(F)F)cc7C6=O)cc5)cc4)cc3)cc1)C2=O,p_exp_N2,-10.50445566
3208,[*]c1ccc2c(c1)C(=O)N(c1ccc(Oc3ccc(-c4ccc(Oc5ccc(N6C(=O)c7ccc(C([*])(C(F)(F)F)C(F)(F)F)cc7C6=O)cc5)cc4)cc3)cc1)C2=O,p_exp_O2,-9.761953897
3209,[*]c1ccc2c(c1)C(=O)N(c1ccc(Oc3ccc(-c4cccc(-c5ccc(Oc6ccc(N7C(=O)c8ccc(C([*])(C(F)(F)F)C(F)(F)F)cc8C7=O)cc6)c(C(F)(F)F)c5)n4)cc3C(F)(F)F)cc1)C2=O,p_exp_CH4,-9.709965389
3210,[*]c1ccc2c(c1)C(=O)N(c1ccc(Oc3ccc(-c4cccc(-c5ccc(Oc6ccc(N7C(=O)c8ccc(C([*])(C(F)(F)F)C(F)(F)F)cc8C7=O)cc6)c(C(F)(F)F)c5)n4)cc3C(F)(F)F)cc1)C2=O,p_exp_CO2,-8.284832642
3211,[*]c1ccc2c(c1)C(=O)N(c1ccc(Oc3ccc(-c4cccc(-c5ccc(Oc6ccc(N7C(=O)c8ccc(C([*])(C(F)(F)F)C(F)(F)F)cc8C7=O)cc6)c(C(F)(F)F)c5)n4)cc3C(F)(F)F)cc1)C2=O,p_exp_N2,-9.718966633
3212,[*]c1ccc2c(c1)C(=O)N(c1ccc(Oc3ccc(-c4cccc(-c5ccc(Oc6ccc(N7C(=O)c8ccc(C([*])(C(F)(F)F)C(F)(F)F)cc8C7=O)cc6)c(C(F)(F)F)c5)n4)cc3C(F)(F)F)cc1)C2=O,p_exp_O2,-8.913640169
3213,[*]c1ccc2c(c1)C(=O)N(c1ccc(Oc3ccc(C(c4ccc(-c5ccc(Oc6ccc(N7C(=O)c8ccc([*])cc8C7=O)cc6)cc5)cc4)(C(F)(F)F)C(F)(F)F)cc3)cc1)C2,p_exp_CH4,-10.838632
3214,[*]c1ccc2c(c1)C(=O)N(c1ccc(Oc3ccc(C(c4ccc(-c5ccc(Oc6ccc(N7C(=O)c8ccc([*])cc8C7=O)cc6)cc5)cc4)(C(F)(F)F)C(F)(F)F)cc3)cc1)C2,p_exp_CO2,-9.304518324
3215,[*]c1ccc2c(c1)C(=O)N(c1ccc(Oc3ccc(C(c4ccc(-c5ccc(Oc6ccc(N7C(=O)c8ccc([*])cc8C7=O)cc6)cc5)cc4)(C(F)(F)F)C(F)(F)F)cc3)cc1)C2,p_exp_H2,-8.761953897
3216,[*]c1ccc2c(c1)C(=O)N(c1ccc(Oc3ccc(C(c4ccc(-c5ccc(Oc6ccc(N7C(=O)c8ccc([*])cc8C7=O)cc6)cc5)cc4)(C(F)(F)F)C(F)(F)F)cc3)cc1)C2,p_exp_N2,-10.61083392
3217,[*]c1ccc2c(c1)C(=O)N(c1ccc(Oc3ccc(C(c4ccc(-c5ccc(Oc6ccc(N7C(=O)c8ccc([*])cc8C7=O)cc6)cc5)cc4)(C(F)(F)F)C(F)(F)F)cc3)cc1)C2,p_exp_O2,-9.812479279
3218,[*]c1ccc2c(c1)C(=O)N(c1ccc(Oc3ccc(C(c4ccc(-c5ccc(Oc6ccc(N7C(=O)c8ccc([*])cc8C7=O)cc6C(F)(F)F)cc5)cc4)(C(F)(F)F)C(F)(F)F)cc3)c(C(F)(F)F)c1)C2,p_exp_CH4,-10.5543958
3219,[*]c1ccc2c(c1)C(=O)N(c1ccc(Oc3ccc(C(c4ccc(-c5ccc(Oc6ccc(N7C(=O)c8ccc([*])cc8C7=O)cc6C(F)(F)F)cc5)cc4)(C(F)(F)F)C(F)(F)F)cc3)c(C(F)(F)F)c1)C2,p_exp_CO2,-9.038578906
3220,[*]c1ccc2c(c1)C(=O)N(c1ccc(Oc3ccc(C(c4ccc(-c5ccc(Oc6ccc(N7C(=O)c8ccc([*])cc8C7=O)cc6C(F)(F)F)cc5)cc4)(C(F)(F)F)C(F)(F)F)cc3)c(C(F)(F)F)c1)C2,p_exp_H2,-8.514278574
3221,[*]c1ccc2c(c1)C(=O)N(c1ccc(Oc3ccc(C(c4ccc(-c5ccc(Oc6ccc(N7C(=O)c8ccc([*])cc8C7=O)cc6C(F)(F)F)cc5)cc4)(C(F)(F)F)C(F)(F)F)cc3)c(C(F)(F)F)c1)C2,p_exp_N2,-10.24949161
3222,[*]c1ccc2c(c1)C(=O)N(c1ccc(Oc3ccc(C(c4ccc(-c5ccc(Oc6ccc(N7C(=O)c8ccc([*])cc8C7=O)cc6C(F)(F)F)cc5)cc4)(C(F)(F)F)C(F)(F)F)cc3)c(C(F)(F)F)c1)C2,p_exp_O2,-9.507239611
3223,[*]c1ccc2c(c1)C(=O)N(c1ccc(Oc3ccc(C(c4ccc(Oc5ccc(N6C(=O)c7ccc(C([*])(C(F)(F)F)C(F)(F)F)cc7C6=O)cc5)cc4)(C(F)(F)F)C(F)(F)F)cc3)cc1)C2=O,p_exp_CH4,-10.35654732
3224,[*]c1ccc2c(c1)C(=O)N(c1ccc(Oc3ccc(C(c4ccc(Oc5ccc(N6C(=O)c7ccc(C([*])(C(F)(F)F)C(F)(F)F)cc7C6=O)cc5)cc4)(C(F)(F)F)C(F)(F)F)cc3)cc1)C2=O,p_exp_CO2,-8.809668302
3225,[*]c1ccc2c(c1)C(=O)N(c1ccc(Oc3ccc(C(c4ccc(Oc5ccc(N6C(=O)c7ccc(C([*])(C(F)(F)F)C(F)(F)F)cc7C6=O)cc5)cc4)(C(F)(F)F)C(F)(F)F)cc3)cc1)C2=O,p_exp_H2,-8.447331784
3226,[*]c1ccc2c(c1)C(=O)N(c1ccc(Oc3ccc(C(c4ccc(Oc5ccc(N6C(=O)c7ccc(C([*])(C(F)(F)F)C(F)(F)F)cc7C6=O)cc5)cc4)(C(F)(F)F)C(F)(F)F)cc3)cc1)C2=O,p_exp_N2,-10.08565684
3227,[*]c1ccc2c(c1)C(=O)N(c1ccc(Oc3ccc(C(c4ccc(Oc5ccc(N6C(=O)c7ccc(C([*])(C(F)(F)F)C(F)(F)F)cc7C6=O)cc5)cc4)(C(F)(F)F)C(F)(F)F)cc3)cc1)C2=O,p_exp_O2,-9.395773947
3228,[*]c1ccc2c(c1)C(=O)N(c1ccc(Oc3ccc(C(c4ccc(Oc5ccc(N6C(=O)c7ccc(C([*])(C(F)(F)F)C(F)(F)F)cc7C6=O)cc5C(F)(F)F)cc4)(C(F)(F)F)C(F)(F)F)cc3)c(C(F)(F)F)c1)C2=O,p_exp_CH4,-10.15304467
3229,[*]c1ccc2c(c1)C(=O)N(c1ccc(Oc3ccc(C(c4ccc(Oc5ccc(N6C(=O)c7ccc(C([*])(C(F)(F)F)C(F)(F)F)cc7C6=O)cc5C(F)(F)F)cc4)(C(F)(F)F)C(F)(F)F)cc3)c(C(F)(F)F)c1)C2=O,p_exp_CO2,-8.642065153
3230,[*]c1ccc2c(c1)C(=O)N(c1ccc(Oc3ccc(C(c4ccc(Oc5ccc(N6C(=O)c7ccc(C([*])(C(F)(F)F)C(F)(F)F)cc7C6=O)cc5C(F)(F)F)cc4)(C(F)(F)F)C(F)(F)F)cc3)c(C(F)(F)F)c1)C2=O,p_exp_H2,-8.256490235
3231,[*]c1ccc2c(c1)C(=O)N(c1ccc(Oc3ccc(C(c4ccc(Oc5ccc(N6C(=O)c7ccc(C([*])(C(F)(F)F)C(F)(F)F)cc7C6=O)cc5C(F)(F)F)cc4)(C(F)(F)F)C(F)(F)F)cc3)c(C(F)(F)F)c1)C2=O,p_exp_N2,-9.886056648
3232,[*]c1ccc2c(c1)C(=O)N(c1ccc(Oc3ccc(C(c4ccc(Oc5ccc(N6C(=O)c7ccc(C([*])(C(F)(F)F)C(F)(F)F)cc7C6=O)cc5C(F)(F)F)cc4)(C(F)(F)F)C(F)(F)F)cc3)c(C(F)(F)F)c1)C2=O,p_exp_O2,-9.187086643
3233,[*]c1ccc2c(c1)C(=O)N(c1ccc(Oc3ccc(C(c4ccc(Oc5ccc(N6C(=O)c7ccc([*])cc7C6=O)cc5)cc4)(C(F)(F)F)C(F)(F)F)cc3)cc1)C2=O,p_exp_CH4,-10.66554625
3234,[*]c1ccc2c(c1)C(=O)N(c1ccc(Oc3ccc(C(c4ccc(Oc5ccc(N6C(=O)c7ccc([*])cc7C6=O)cc5)cc4)(C(F)(F)F)C(F)(F)F)cc3)cc1)C2=O,p_exp_CO2,-9.134896025
3235,[*]c1ccc2c(c1)C(=O)N(c1ccc(Oc3ccc(C(c4ccc(Oc5ccc(N6C(=O)c7ccc([*])cc7C6=O)cc5)cc4)(C(F)(F)F)C(F)(F)F)cc3)cc1)C2=O,p_exp_He,-8.73754891
3236,[*]c1ccc2c(c1)C(=O)N(c1ccc(Oc3ccc(C(c4ccc(Oc5ccc(N6C(=O)c7ccc([*])cc7C6=O)cc5)cc4)(C(F)(F)F)C(F)(F)F)cc3)cc1)C2=O,p_exp_N2,-10.51570016
3237,[*]c1ccc2c(c1)C(=O)N(c1ccc(Oc3ccc(C(c4ccc(Oc5ccc(N6C(=O)c7ccc([*])cc7C6=O)cc5)cc4)(C(F)(F)F)C(F)(F)F)cc3)cc1)C2=O,p_exp_O2,-9.777283529
3238,[*]c1ccc2c(c1)C(=O)N(c1ccc(Oc3ccc(C(c4ccc(Oc5ccc(N6C(=O)c7ccc([*])cc7C6=O)cc5C(F)(F)F)cc4)(C(F)(F)F)C(F)(F)F)cc3)c(C(F)(F)F)c1)C2=O,p_exp_CH4,-10.5543958
3239,[*]c1ccc2c(c1)C(=O)N(c1ccc(Oc3ccc(C(c4ccc(Oc5ccc(N6C(=O)c7ccc([*])cc7C6=O)cc5C(F)(F)F)cc4)(C(F)(F)F)C(F)(F)F)cc3)c(C(F)(F)F)c1)C2=O,p_exp_CO2,-9.038578906
3240,[*]c1ccc2c(c1)C(=O)N(c1ccc(Oc3ccc(C(c4ccc(Oc5ccc(N6C(=O)c7ccc([*])cc7C6=O)cc5C(F)(F)F)cc4)(C(F)(F)F)C(F)(F)F)cc3)c(C(F)(F)F)c1)C2=O,p_exp_H2,-8.514278574
3241,[*]c1ccc2c(c1)C(=O)N(c1ccc(Oc3ccc(C(c4ccc(Oc5ccc(N6C(=O)c7ccc([*])cc7C6=O)cc5C(F)(F)F)cc4)(C(F)(F)F)C(F)(F)F)cc3)c(C(F)(F)F)c1)C2=O,p_exp_N2,-10.24949161
3242,[*]c1ccc2c(c1)C(=O)N(c1ccc(Oc3ccc(C(c4ccc(Oc5ccc(N6C(=O)c7ccc([*])cc7C6=O)cc5C(F)(F)F)cc4)(C(F)(F)F)C(F)(F)F)cc3)c(C(F)(F)F)c1)C2=O,p_exp_O2,-9.507239611
3243,[*]c1ccc2c(c1)C(=O)N(c1ccc(Oc3ccc(N4C(=O)c5ccc(C([*])(C(F)(F)F)C(F)(F)F)cc5C4=O)cc3)cc1)C2,p_exp_CH4,-10.46724562
3244,[*]c1ccc2c(c1)C(=O)N(c1ccc(Oc3ccc(N4C(=O)c5ccc(C([*])(C(F)(F)F)C(F)(F)F)cc5C4=O)cc3)cc1)C2,p_exp_CO2,-8.777283529
3245,[*]c1ccc2c(c1)C(=O)N(c1ccc(Oc3ccc(N4C(=O)c5ccc(C([*])(C(F)(F)F)C(F)(F)F)cc5C4=O)cc3)cc1)C2,p_exp_H2,-8.390405591
3246,[*]c1ccc2c(c1)C(=O)N(c1ccc(Oc3ccc(N4C(=O)c5ccc(C([*])(C(F)(F)F)C(F)(F)F)cc5C4=O)cc3)cc1)C2,p_exp_N2,-10.13489603
3247,[*]c1ccc2c(c1)C(=O)N(c1ccc(Oc3ccc(N4C(=O)c5ccc(C([*])(C(F)(F)F)C(F)(F)F)cc5C4=O)cc3)cc1)C2,p_exp_O2,-9.411168274
3248,[*]c1ccc2c(c1)C(=O)N(c1ccc(Oc3ccc(N4C(=O)c5ccc(C([*])(C(F)(F)F)C(F)(F)F)cc5C4=O)cc3)cc1)C2=O,p_exp_CH4,-10.46470588
3249,[*]c1ccc2c(c1)C(=O)N(c1ccc(Oc3ccc(N4C(=O)c5ccc(C([*])(C(F)(F)F)C(F)(F)F)cc5C4=O)cc3)cc1)C2=O,p_exp_CO2,-8.725842151
3250,[*]c1ccc2c(c1)C(=O)N(c1ccc(Oc3ccc(N4C(=O)c5ccc(C([*])(C(F)(F)F)C(F)(F)F)cc5C4=O)cc3)cc1)C2=O,p_exp_H2,-8.462180905
3251,[*]c1ccc2c(c1)C(=O)N(c1ccc(Oc3ccc(N4C(=O)c5ccc(C([*])(C(F)(F)F)C(F)(F)F)cc5C4=O)cc3)cc1)C2=O,p_exp_He,-8.416801226
3252,[*]c1ccc2c(c1)C(=O)N(c1ccc(Oc3ccc(N4C(=O)c5ccc(C([*])(C(F)(F)F)C(F)(F)F)cc5C4=O)cc3)cc1)C2=O,p_exp_N2,-10.15739076
3253,[*]c1ccc2c(c1)C(=O)N(c1ccc(Oc3ccc(N4C(=O)c5ccc(C([*])(C(F)(F)F)C(F)(F)F)cc5C4=O)cc3)cc1)C2=O,p_exp_O2,-9.415668776
3254,[*]c1ccc2c(c1)C(=O)N(c1ccc(Oc3ccc(N4C(=O)c5ccc(S([*])(=O)=O)cc5C4=O)cc3)cc1)C2=O,p_exp_H2,-9.251037139
3255,[*]c1ccc2c(c1)C(=O)N(c1ccc(Oc3ccc(N4C(=O)c5ccc(S([*])(=O)=O)cc5C4=O)cc3)cc1)C2=O,p_exp_N2,-11.56863624
3256,[*]c1ccc2c(c1)C(=O)N(c1ccc(Oc3ccc(N4C(=O)c5ccc(S([*])(=O)=O)cc5C4=O)cc3)cc1)C2=O,p_exp_O2,-10.69897
3257,[*]c1ccc2c(c1)C(=O)N(c1ccc(Oc3ccc(N4C(=O)c5ccc([*])cc5C4=O)cc3)cc1)C2,p_exp_CH4,-12.00436481
3258,[*]c1ccc2c(c1)C(=O)N(c1ccc(Oc3ccc(N4C(=O)c5ccc([*])cc5C4=O)cc3)cc1)C2,p_exp_CO2,-10.19246497
3259,[*]c1ccc2c(c1)C(=O)N(c1ccc(Oc3ccc(N4C(=O)c5ccc([*])cc5C4=O)cc3)cc1)C2,p_exp_H2,-9.434152181
3260,[*]c1ccc2c(c1)C(=O)N(c1ccc(Oc3ccc(N4C(=O)c5ccc([*])cc5C4=O)cc3)cc1)C2=O,p_exp_CH4,-11.55284197
3261,[*]c1ccc2c(c1)C(=O)N(c1ccc(Oc3ccc(N4C(=O)c5ccc([*])cc5C4=O)cc3)cc1)C2=O,p_exp_CO2,-9.987162775
3262,[*]c1ccc2c(c1)C(=O)N(c1ccc(Oc3ccc(N4C(=O)c5ccc([*])cc5C4=O)cc3)cc1)C2=O,p_exp_H2,-9.404503778
3263,[*]c1ccc2c(c1)C(=O)N(c1ccc(Oc3ccc(N4C(=O)c5ccc([*])cc5C4=O)cc3)cc1)C2=O,p_exp_N2,-11.66756154
3264,[*]c1ccc2c(c1)C(=O)N(c1ccc(Oc3ccc(N4C(=O)c5ccc([*])cc5C4=O)cc3)cc1)C2=O,p_exp_O2,-10.75696195
3265,[*]c1ccc2c(c1)C(=O)N(c1ccc(Oc3ccc(N4C(=O)c5ccc([Si]([*])(C)C)cc5C4=O)cc3)cc1)C2=O,p_exp_CH4,-10.79317412
3266,[*]c1ccc2c(c1)C(=O)N(c1ccc(Oc3ccc(N4C(=O)c5ccc([Si]([*])(C)C)cc5C4=O)cc3)cc1)C2=O,p_exp_CO2,-9.480172006
3267,[*]c1ccc2c(c1)C(=O)N(c1ccc(Oc3ccc(N4C(=O)c5ccc([Si]([*])(C)C)cc5C4=O)cc3)cc1)C2=O,p_exp_H2,-9.036212173
3268,[*]c1ccc2c(c1)C(=O)N(c1ccc(Oc3ccc(N4C(=O)c5ccc([Si]([*])(C)C)cc5C4=O)cc3)cc1)C2=O,p_exp_N2,-10.98296666
3269,[*]c1ccc2c(c1)C(=O)N(c1ccc(Oc3ccc(N4C(=O)c5ccc([Si]([*])(C)C)cc5C4=O)cc3)cc1)C2=O,p_exp_O2,-10.22694531
3270,[*]c1ccc2c(c1)C(=O)N(c1ccc(Oc3ccc(Oc4ccc(Oc5ccc(N6C(=O)c7ccc([*])cc7C6=O)cc5)cc4)cc3)cc1)C2=O,p_exp_CH4,-11.51570016
3271,[*]c1ccc2c(c1)C(=O)N(c1ccc(Oc3ccc(Oc4ccc(Oc5ccc(N6C(=O)c7ccc([*])cc7C6=O)cc5)cc4)cc3)cc1)C2=O,p_exp_CO2,-9.903089987
3272,[*]c1ccc2c(c1)C(=O)N(c1ccc(Oc3ccc(Oc4ccc(Oc5ccc(N6C(=O)c7ccc([*])cc7C6=O)cc5)cc4)cc3)cc1)C2=O,p_exp_He,-9.392544977
3273,[*]c1ccc2c(c1)C(=O)N(c1ccc(Oc3ccc(Oc4ccc(Oc5ccc(N6C(=O)c7ccc([*])cc7C6=O)cc5)cc4)cc3)cc1)C2=O,p_exp_N2,-11.40671393
3274,[*]c1ccc2c(c1)C(=O)N(c1ccc(Oc3ccc(Oc4ccc(Oc5ccc(N6C(=O)c7ccc([*])cc7C6=O)cc5)cc4)cc3)cc1)C2=O,p_exp_O2,-10.59176003
3275,[*]c1ccc2c(c1)C(=O)N(c1ccc(Oc3ccc(S(=O)(=O)c4ccc(Oc5ccc(N6C(=O)c7ccc([*])cc7C6=O)cc5)cc4)cc3)cc1)C2=O,p_exp_CH4,-11.40120949
3276,[*]c1ccc2c(c1)C(=O)N(c1ccc(Oc3ccc(S(=O)(=O)c4ccc(Oc5ccc(N6C(=O)c7ccc([*])cc7C6=O)cc5)cc4)cc3)cc1)C2=O,p_exp_CO2,-9.732828272
3277,[*]c1ccc2c(c1)C(=O)N(c1ccc(Oc3ccc(S(=O)(=O)c4ccc(Oc5ccc(N6C(=O)c7ccc([*])cc7C6=O)cc5)cc4)cc3)cc1)C2=O,p_exp_He,-9.221125528
3278,[*]c1ccc2c(c1)C(=O)N(c1ccc(Oc3ccc(S(=O)(=O)c4ccc(Oc5ccc(N6C(=O)c7ccc([*])cc7C6=O)cc5)cc4)cc3)cc1)C2=O,p_exp_N2,-11.2644011
3279,[*]c1ccc2c(c1)C(=O)N(c1ccc(Oc3ccc(S(=O)(=O)c4ccc(Oc5ccc(N6C(=O)c7ccc([*])cc7C6=O)cc5)cc4)cc3)cc1)C2=O,p_exp_O2,-10.43415218
3280,[*]c1ccc2c(c1)C(=O)N(c1ccc(S(=O)(=O)c3ccc(N4C(=O)c5ccc(C([*])(C(F)(F)F)C(F)(F)F)cc5C4=O)cc3)cc1)C2=O,p_exp_CH4,-10.46852108
3281,[*]c1ccc2c(c1)C(=O)N(c1ccc(S(=O)(=O)c3ccc(N4C(=O)c5ccc(C([*])(C(F)(F)F)C(F)(F)F)cc5C4=O)cc3)cc1)C2=O,p_exp_CO2,-8.795880017
3282,[*]c1ccc2c(c1)C(=O)N(c1ccc(S(=O)(=O)c3ccc(N4C(=O)c5ccc(C([*])(C(F)(F)F)C(F)(F)F)cc5C4=O)cc3)cc1)C2=O,p_exp_N2,-10.21681131
3283,[*]c1ccc2c(c1)C(=O)N(c1ccc(S(=O)(=O)c3ccc(N4C(=O)c5ccc(C([*])(C(F)(F)F)C(F)(F)F)cc5C4=O)cc3)cc1)C2=O,p_exp_O2,-9.431798276
3284,[*]c1ccc2c(c1)C(=O)N(c1ccc(S(=O)(=O)c3ccc(N4C(=O)c5ccc([*])cc5C4=O)cc3)cc1)C2=O,p_exp_CH4,-11.27327279
3285,[*]c1ccc2c(c1)C(=O)N(c1ccc(S(=O)(=O)c3ccc(N4C(=O)c5ccc([*])cc5C4=O)cc3)cc1)C2=O,p_exp_CO2,-9.66756154
3286,[*]c1ccc2c(c1)C(=O)N(c1ccc(S(=O)(=O)c3ccc(N4C(=O)c5ccc([*])cc5C4=O)cc3)cc1)C2=O,p_exp_H2,-8.995678626
3287,[*]c1ccc2c(c1)C(=O)N(c1ccc(S(=O)(=O)c3ccc(N4C(=O)c5ccc([*])cc5C4=O)cc3)cc1)C2=O,p_exp_He,-9.153044675
3288,[*]c1ccc2c(c1)C(=O)N(c1ccc(S(=O)(=O)c3ccc(N4C(=O)c5ccc([*])cc5C4=O)cc3)cc1)C2=O,p_exp_N2,-11.22548303
3289,[*]c1ccc2c(c1)C(=O)N(c1ccc(S(=O)(=O)c3ccc(N4C(=O)c5ccc([*])cc5C4=O)cc3)cc1)C2=O,p_exp_O2,-10.37263414
3290,[*]c1ccc2c(c1)C(=O)N(c1ccc(Sc3ccc(N4C(=O)c5ccc(C([*])(C(F)(F)F)C(F)(F)F)cc5C4=O)cc3)cc1)C2=O,p_exp_CH4,-10.18045606
3291,[*]c1ccc2c(c1)C(=O)N(c1ccc(Sc3ccc(N4C(=O)c5ccc(C([*])(C(F)(F)F)C(F)(F)F)cc5C4=O)cc3)cc1)C2=O,p_exp_CO2,-8.63638802
3292,[*]c1ccc2c(c1)C(=O)N(c1ccc(Sc3ccc(N4C(=O)c5ccc(C([*])(C(F)(F)F)C(F)(F)F)cc5C4=O)cc3)cc1)C2=O,p_exp_N2,-10.06048075
3293,[*]c1ccc2c(c1)C(=O)N(c1ccc(Sc3ccc(N4C(=O)c5ccc(C([*])(C(F)(F)F)C(F)(F)F)cc5C4=O)cc3)cc1)C2=O,p_exp_O2,-9.331614083
3294,[*]c1ccc2c(c1)C(=O)N(c1ccc(Sc3ccc(N4C(=O)c5ccc([*])cc5C4=O)cc3)cc1)C2=O,p_exp_CH4,-11.78515615
3295,[*]c1ccc2c(c1)C(=O)N(c1ccc(Sc3ccc(N4C(=O)c5ccc([*])cc5C4=O)cc3)cc1)C2=O,p_exp_CO2,-10.11125904
3296,[*]c1ccc2c(c1)C(=O)N(c1ccc(Sc3ccc(N4C(=O)c5ccc([*])cc5C4=O)cc3)cc1)C2=O,p_exp_He,-9.431798276
3297,[*]c1ccc2c(c1)C(=O)N(c1ccc(Sc3ccc(N4C(=O)c5ccc([*])cc5C4=O)cc3)cc1)C2=O,p_exp_N2,-11.65757732
3298,[*]c1ccc2c(c1)C(=O)N(c1ccc(Sc3ccc(Sc4ccc(N5C(=O)c6ccc(C([*])(C(F)(F)F)C(F)(F)F)cc6C5=O)cc4)cc3)cc1)C2=O,p_exp_CH4,-10.55284197
3299,[*]c1ccc2c(c1)C(=O)N(c1ccc(Sc3ccc(Sc4ccc(N5C(=O)c6ccc(C([*])(C(F)(F)F)C(F)(F)F)cc6C5=O)cc4)cc3)cc1)C2=O,p_exp_CO2,-9.049635146
3300,[*]c1ccc2c(c1)C(=O)N(c1ccc(Sc3ccc(Sc4ccc(N5C(=O)c6ccc(C([*])(C(F)(F)F)C(F)(F)F)cc6C5=O)cc4)cc3)cc1)C2=O,p_exp_N2,-10.46852108
3301,[*]c1ccc2c(c1)C(=O)N(c1ccc(Sc3ccc(Sc4ccc(N5C(=O)c6ccc(C([*])(C(F)(F)F)C(F)(F)F)cc6C5=O)cc4)cc3)cc1)C2=O,p_exp_O2,-9.752026734
3302,[*]c1ccc2c(c1)C(=O)N(c1ccc(Sc3ccc(Sc4ccc(Sc5ccc(N6C(=O)c7ccc(C([*])(C(F)(F)F)C(F)(F)F)cc7C6=O)cc5)cc4)cc3)cc1)C2=O,p_exp_CH4,-10.65757732
3303,[*]c1ccc2c(c1)C(=O)N(c1ccc(Sc3ccc(Sc4ccc(Sc5ccc(N6C(=O)c7ccc(C([*])(C(F)(F)F)C(F)(F)F)cc7C6=O)cc5)cc4)cc3)cc1)C2=O,p_exp_CO2,-9.077274542
3304,[*]c1ccc2c(c1)C(=O)N(c1ccc(Sc3ccc(Sc4ccc(Sc5ccc(N6C(=O)c7ccc(C([*])(C(F)(F)F)C(F)(F)F)cc7C6=O)cc5)cc4)cc3)cc1)C2=O,p_exp_N2,-10.43179828
3305,[*]c1ccc2c(c1)C(=O)N(c1ccc(Sc3ccc(Sc4ccc(Sc5ccc(N6C(=O)c7ccc(C([*])(C(F)(F)F)C(F)(F)F)cc7C6=O)cc5)cc4)cc3)cc1)C2=O,p_exp_O2,-9.764471553
3306,[*]c1ccc2c(c1)C(=O)N(c1ccc(Sc3ccc(Sc4ccc(Sc5ccc(Sc6ccc(N7C(=O)c8ccc(C([*])(C(F)(F)F)C(F)(F)F)cc8C7=O)cc6)cc5)cc4)cc3)cc1)C2=O,p_exp_CH4,-10.58502665
3307,[*]c1ccc2c(c1)C(=O)N(c1ccc(Sc3ccc(Sc4ccc(Sc5ccc(Sc6ccc(N7C(=O)c8ccc(C([*])(C(F)(F)F)C(F)(F)F)cc8C7=O)cc6)cc5)cc4)cc3)cc1)C2=O,p_exp_CO2,-9.179142011
3308,[*]c1ccc2c(c1)C(=O)N(c1ccc(Sc3ccc(Sc4ccc(Sc5ccc(Sc6ccc(N7C(=O)c8ccc(C([*])(C(F)(F)F)C(F)(F)F)cc8C7=O)cc6)cc5)cc4)cc3)cc1)C2=O,p_exp_N2,-10.537602
3309,[*]c1ccc2c(c1)C(=O)N(c1ccc(Sc3ccc(Sc4ccc(Sc5ccc(Sc6ccc(N7C(=O)c8ccc(C([*])(C(F)(F)F)C(F)(F)F)cc8C7=O)cc6)cc5)cc4)cc3)cc1)C2=O,p_exp_O2,-9.835647144
3310,[*]c1ccc2c(c1)C(=O)N(c1ccc3[nH]c4ccc(N5C(=O)c6ccc(C([*])(C(F)(F)F)C(F)(F)F)cc6C5=O)cc4c3c1)C2=O,p_exp_CH4,-10.51855737
3311,[*]c1ccc2c(c1)C(=O)N(c1ccc3[nH]c4ccc(N5C(=O)c6ccc(C([*])(C(F)(F)F)C(F)(F)F)cc6C5=O)cc4c3c1)C2=O,p_exp_CO2,-8.76700389
3312,[*]c1ccc2c(c1)C(=O)N(c1ccc3[nH]c4ccc(N5C(=O)c6ccc(C([*])(C(F)(F)F)C(F)(F)F)cc6C5=O)cc4c3c1)C2=O,p_exp_H2,-8.235823868
3313,[*]c1ccc2c(c1)C(=O)N(c1ccc3[nH]c4ccc(N5C(=O)c6ccc(C([*])(C(F)(F)F)C(F)(F)F)cc6C5=O)cc4c3c1)C2=O,p_exp_N2,-10.14026143
3314,[*]c1ccc2c(c1)C(=O)N(c1ccc3[nH]c4ccc(N5C(=O)c6ccc(C([*])(C(F)(F)F)C(F)(F)F)cc6C5=O)cc4c3c1)C2=O,p_exp_O2,-9.347753659
3315,[*]c1ccc2c(c1)C(=O)N(c1ccc3c(c1)C1c4ccc(N5C(=O)c6ccc(C([*])(C(F)(F)F)C(F)(F)F)cc6C5=O)cc4C3c3cc4ccccc4cc31)C2=O,p_exp_CH4,-9.148741651
3316,[*]c1ccc2c(c1)C(=O)N(c1ccc3c(c1)C1c4ccc(N5C(=O)c6ccc(C([*])(C(F)(F)F)C(F)(F)F)cc6C5=O)cc4C3c3cc4ccccc4cc31)C2=O,p_exp_CO2,-7.677780705
3317,[*]c1ccc2c(c1)C(=O)N(c1ccc3c(c1)C1c4ccc(N5C(=O)c6ccc(C([*])(C(F)(F)F)C(F)(F)F)cc6C5=O)cc4C3c3cc4ccccc4cc31)C2=O,p_exp_H2,-7.55129368
3318,[*]c1ccc2c(c1)C(=O)N(c1ccc3c(c1)C1c4ccc(N5C(=O)c6ccc(C([*])(C(F)(F)F)C(F)(F)F)cc6C5=O)cc4C3c3cc4ccccc4cc31)C2=O,p_exp_He,-7.690369833
3319,[*]c1ccc2c(c1)C(=O)N(c1ccc3c(c1)C1c4ccc(N5C(=O)c6ccc(C([*])(C(F)(F)F)C(F)(F)F)cc6C5=O)cc4C3c3cc4ccccc4cc31)C2=O,p_exp_N2,-9.045757491
3320,[*]c1ccc2c(c1)C(=O)N(c1ccc3c(c1)C1c4ccc(N5C(=O)c6ccc(C([*])(C(F)(F)F)C(F)(F)F)cc6C5=O)cc4C3c3cc4ccccc4cc31)C2=O,p_exp_O2,-8.363512104
3321,[*]c1ccc2c(c1)C(=O)N(c1ccc3c(c1)C1c4ccccc4C3c3cc(N4C(=O)c5ccc(C([*])(C(F)(F)F)C(F)(F)F)cc5C4=O)ccc31)C2=O,p_exp_CH4,-9.494850022
3322,[*]c1ccc2c(c1)C(=O)N(c1ccc3c(c1)C1c4ccccc4C3c3cc(N4C(=O)c5ccc(C([*])(C(F)(F)F)C(F)(F)F)cc5C4=O)ccc31)C2=O,p_exp_CO2,-7.920818754
3323,[*]c1ccc2c(c1)C(=O)N(c1ccc3c(c1)C1c4ccccc4C3c3cc(N4C(=O)c5ccc(C([*])(C(F)(F)F)C(F)(F)F)cc5C4=O)ccc31)C2=O,p_exp_H2,-7.70333481
3324,[*]c1ccc2c(c1)C(=O)N(c1ccc3c(c1)C1c4ccccc4C3c3cc(N4C(=O)c5ccc(C([*])(C(F)(F)F)C(F)(F)F)cc5C4=O)ccc31)C2=O,p_exp_He,-7.793174124
3325,[*]c1ccc2c(c1)C(=O)N(c1ccc3c(c1)C1c4ccccc4C3c3cc(N4C(=O)c5ccc(C([*])(C(F)(F)F)C(F)(F)F)cc5C4=O)ccc31)C2=O,p_exp_N2,-9.327902142
3326,[*]c1ccc2c(c1)C(=O)N(c1ccc3c(c1)C1c4ccccc4C3c3cc(N4C(=O)c5ccc(C([*])(C(F)(F)F)C(F)(F)F)cc5C4=O)ccc31)C2=O,p_exp_O2,-8.595166283
3327,[*]c1ccc2c(c1)C(=O)N(c1ccc3c(c1)Cc1cc(N4C(=O)c5ccc(C([*])(C(F)(F)F)C(F)(F)F)cc5C4=O)ccc1-3)C2=O,p_exp_CH4,-10.33818731
3328,[*]c1ccc2c(c1)C(=O)N(c1ccc3c(c1)Cc1cc(N4C(=O)c5ccc(C([*])(C(F)(F)F)C(F)(F)F)cc5C4=O)ccc1-3)C2=O,p_exp_CO2,-8.625251654
3329,[*]c1ccc2c(c1)C(=O)N(c1ccc3c(c1)Cc1cc(N4C(=O)c5ccc(C([*])(C(F)(F)F)C(F)(F)F)cc5C4=O)ccc1-3)C2=O,p_exp_H2,-8.377785977
3330,[*]c1ccc2c(c1)C(=O)N(c1ccc3c(c1)Cc1cc(N4C(=O)c5ccc(C([*])(C(F)(F)F)C(F)(F)F)cc5C4=O)ccc1-3)C2=O,p_exp_He,-8.027797162
3331,[*]c1ccc2c(c1)C(=O)N(c1ccc3c(c1)Cc1cc(N4C(=O)c5ccc(C([*])(C(F)(F)F)C(F)(F)F)cc5C4=O)ccc1-3)C2=O,p_exp_N2,-10.00305075
3332,[*]c1ccc2c(c1)C(=O)N(c1ccc3c(c1)Cc1cc(N4C(=O)c5ccc(C([*])(C(F)(F)F)C(F)(F)F)cc5C4=O)ccc1-3)C2=O,p_exp_O2,-9.202732459
3333,[*]c1ccc2c(c1)C(=O)N(c1cccc(C(c3cccc(N4C(=O)c5ccc(C([*])(C(F)(F)F)C(F)(F)F)cc5C4=O)c3)(C(F)(F)F)C(F)(F)F)c1)C2=O,p_exp_CH4,-11.09691001
3334,[*]c1ccc2c(c1)C(=O)N(c1cccc(C(c3cccc(N4C(=O)c5ccc(C([*])(C(F)(F)F)C(F)(F)F)cc5C4=O)c3)(C(F)(F)F)C(F)(F)F)c1)C2=O,p_exp_CO2,-9.292429824
3335,[*]c1ccc2c(c1)C(=O)N(c1cccc(C(c3cccc(N4C(=O)c5ccc(C([*])(C(F)(F)F)C(F)(F)F)cc5C4=O)c3)(C(F)(F)F)C(F)(F)F)c1)C2=O,p_exp_He,-8.318758763
3336,[*]c1ccc2c(c1)C(=O)N(c1cccc(C(c3cccc(N4C(=O)c5ccc(C([*])(C(F)(F)F)C(F)(F)F)cc5C4=O)c3)(C(F)(F)F)C(F)(F)F)c1)C2=O,p_exp_N2,-10.58335949
3337,[*]c1ccc2c(c1)C(=O)N(c1cccc(C(c3cccc(N4C(=O)c5ccc(C([*])(C(F)(F)F)C(F)(F)F)cc5C4=O)c3)(C(F)(F)F)C(F)(F)F)c1)C2=O,p_exp_O2,-9.744727495
3338,[*]c1ccc2c(c1)C(=O)N(c1cccc(N3C(=O)c4ccc(C([*])(C(F)(F)F)C(F)(F)F)cc4C3=O)c1)C2=O,p_exp_CH4,-10.84163751
3339,[*]c1ccc2c(c1)C(=O)N(c1cccc(N3C(=O)c4ccc(C([*])(C(F)(F)F)C(F)(F)F)cc4C3=O)c1)C2=O,p_exp_CO2,-9.077793723
3340,[*]c1ccc2c(c1)C(=O)N(c1cccc(N3C(=O)c4ccc(C([*])(C(F)(F)F)C(F)(F)F)cc4C3=O)c1)C2=O,p_exp_H2,-8.567030709
3341,[*]c1ccc2c(c1)C(=O)N(c1cccc(N3C(=O)c4ccc(C([*])(C(F)(F)F)C(F)(F)F)cc4C3=O)c1)C2=O,p_exp_N2,-10.43062609
3342,[*]c1ccc2c(c1)C(=O)N(c1cccc(N3C(=O)c4ccc(C([*])(C(F)(F)F)C(F)(F)F)cc4C3=O)c1)C2=O,p_exp_O2,-9.588380294
3343,[*]c1ccc2c(c1)C(=O)N(c1cccc(NC(=O)C(F)(F)C(F)(F)C(F)(F)C(F)(F)C(=O)Nc3cccc(N4C(=O)c5ccc(C([*])(C(F)(F)F)C(F)(F)F)cc5C4=O)c3)c1)C2=O,p_exp_CH4,-11.39794001
3344,[*]c1ccc2c(c1)C(=O)N(c1cccc(NC(=O)C(F)(F)C(F)(F)C(F)(F)C(F)(F)C(=O)Nc3cccc(N4C(=O)c5ccc(C([*])(C(F)(F)F)C(F)(F)F)cc5C4=O)c3)c1)C2=O,p_exp_CO2,-9.779891912
3345,[*]c1ccc2c(c1)C(=O)N(c1cccc(NC(=O)C(F)(F)C(F)(F)C(F)(F)C(F)(F)C(=O)Nc3cccc(N4C(=O)c5ccc(C([*])(C(F)(F)F)C(F)(F)F)cc5C4=O)c3)c1)C2=O,p_exp_N2,-11.09691001
3346,[*]c1ccc2c(c1)C(=O)N(c1cccc(NC(=O)C(F)(F)C(F)(F)C(F)(F)C(F)(F)C(=O)Nc3cccc(N4C(=O)c5ccc(C([*])(C(F)(F)F)C(F)(F)F)cc5C4=O)c3)c1)C2=O,p_exp_O2,-10.30980392
3347,[*]c1ccc2c(c1)C(=O)N(c1cccc(NC(=O)C(F)(F)C(F)(F)C(F)(F)C(F)(F)C(F)(F)C(F)(F)C(=O)Nc3cccc(N4C(=O)c5ccc(C([*])(C(F)(F)F)C(F)(F)F)cc5C4=O)c3)c1)C2=O,p_exp_CH4,-11.04575749
3348,[*]c1ccc2c(c1)C(=O)N(c1cccc(NC(=O)C(F)(F)C(F)(F)C(F)(F)C(F)(F)C(F)(F)C(F)(F)C(=O)Nc3cccc(N4C(=O)c5ccc(C([*])(C(F)(F)F)C(F)(F)F)cc5C4=O)c3)c1)C2=O,p_exp_CO2,-9.438898616
3349,[*]c1ccc2c(c1)C(=O)N(c1cccc(NC(=O)C(F)(F)C(F)(F)C(F)(F)C(F)(F)C(F)(F)C(F)(F)C(=O)Nc3cccc(N4C(=O)c5ccc(C([*])(C(F)(F)F)C(F)(F)F)cc5C4=O)c3)c1)C2=O,p_exp_N2,-10.69897
3350,[*]c1ccc2c(c1)C(=O)N(c1cccc(NC(=O)C(F)(F)C(F)(F)C(F)(F)C(F)(F)C(F)(F)C(F)(F)C(=O)Nc3cccc(N4C(=O)c5ccc(C([*])(C(F)(F)F)C(F)(F)F)cc5C4=O)c3)c1)C2=O,p_exp_O2,-10
3351,[*]c1ccc2c(c1)C(=O)N(c1cccc(Oc3ccc(C(c4ccc(Oc5cccc(N6C(=O)c7ccc(C([*])(C(F)(F)F)C(F)(F)F)cc7C6=O)c5)cc4)(C(F)(F)F)C(F)(F)F)cc3)c1)C2=O,p_exp_CH4,-10.86646109
3352,[*]c1ccc2c(c1)C(=O)N(c1cccc(Oc3ccc(C(c4ccc(Oc5cccc(N6C(=O)c7ccc(C([*])(C(F)(F)F)C(F)(F)F)cc7C6=O)c5)cc4)(C(F)(F)F)C(F)(F)F)cc3)c1)C2=O,p_exp_CO2,-9.221125528
3353,[*]c1ccc2c(c1)C(=O)N(c1cccc(Oc3ccc(C(c4ccc(Oc5cccc(N6C(=O)c7ccc(C([*])(C(F)(F)F)C(F)(F)F)cc7C6=O)c5)cc4)(C(F)(F)F)C(F)(F)F)cc3)c1)C2=O,p_exp_H2,-8.677780705
3354,[*]c1ccc2c(c1)C(=O)N(c1cccc(Oc3ccc(C(c4ccc(Oc5cccc(N6C(=O)c7ccc(C([*])(C(F)(F)F)C(F)(F)F)cc7C6=O)c5)cc4)(C(F)(F)F)C(F)(F)F)cc3)c1)C2=O,p_exp_He,-8.590066877
3355,[*]c1ccc2c(c1)C(=O)N(c1cccc(Oc3ccc(C(c4ccc(Oc5cccc(N6C(=O)c7ccc(C([*])(C(F)(F)F)C(F)(F)F)cc7C6=O)c5)cc4)(C(F)(F)F)C(F)(F)F)cc3)c1)C2=O,p_exp_N2,-10.61978876
3356,[*]c1ccc2c(c1)C(=O)N(c1cccc(Oc3ccc(C(c4ccc(Oc5cccc(N6C(=O)c7ccc(C([*])(C(F)(F)F)C(F)(F)F)cc7C6=O)c5)cc4)(C(F)(F)F)C(F)(F)F)cc3)c1)C2=O,p_exp_O2,-9.869666232
3357,[*]c1ccc2c(c1)C(=O)N(c1cccc(Oc3ccc(N4C(=O)c5ccc(C([*])(C(F)(F)F)C(F)(F)F)cc5C4=O)cc3)c1)C2,p_exp_CH4,-10.90308999
3358,[*]c1ccc2c(c1)C(=O)N(c1cccc(Oc3ccc(N4C(=O)c5ccc(C([*])(C(F)(F)F)C(F)(F)F)cc5C4=O)cc3)c1)C2,p_exp_CO2,-9.21395879
3359,[*]c1ccc2c(c1)C(=O)N(c1cccc(Oc3ccc(N4C(=O)c5ccc(C([*])(C(F)(F)F)C(F)(F)F)cc5C4=O)cc3)c1)C2,p_exp_H2,-8.625251654
3360,[*]c1ccc2c(c1)C(=O)N(c1cccc(Oc3ccc(N4C(=O)c5ccc(C([*])(C(F)(F)F)C(F)(F)F)cc5C4=O)cc3)c1)C2,p_exp_N2,-10.58670024
3361,[*]c1ccc2c(c1)C(=O)N(c1cccc(Oc3ccc(N4C(=O)c5ccc(C([*])(C(F)(F)F)C(F)(F)F)cc5C4=O)cc3)c1)C2,p_exp_O2,-9.804100348
3362,[*]c1ccc2c(c1)C(=O)N(c1cccc(Oc3cccc(N4C(=O)c5ccc(C([*])(C(F)(F)F)C(F)(F)F)cc5C4=O)c3)c1)C2=O,p_exp_CH4,-11.49485002
3363,[*]c1ccc2c(c1)C(=O)N(c1cccc(Oc3cccc(N4C(=O)c5ccc(C([*])(C(F)(F)F)C(F)(F)F)cc5C4=O)c3)c1)C2=O,p_exp_CO2,-9.677780705
3364,[*]c1ccc2c(c1)C(=O)N(c1cccc(Oc3cccc(N4C(=O)c5ccc(C([*])(C(F)(F)F)C(F)(F)F)cc5C4=O)c3)c1)C2=O,p_exp_H2,-8.853871964
3365,[*]c1ccc2c(c1)C(=O)N(c1cccc(Oc3cccc(N4C(=O)c5ccc(C([*])(C(F)(F)F)C(F)(F)F)cc5C4=O)c3)c1)C2=O,p_exp_N2,-11
3366,[*]c1ccc2c(c1)C(=O)N(c1cccc(Oc3cccc(N4C(=O)c5ccc(C([*])(C(F)(F)F)C(F)(F)F)cc5C4=O)c3)c1)C2=O,p_exp_O2,-10.16749109
3367,[*]c1ccc2c(c1)C(=O)N(c1cccc(S(=O)(=O)c3cccc(N4C(=O)c5ccc(C([*])(C(F)(F)F)C(F)(F)F)cc5C4=O)c3)c1)C2=O,p_exp_CH4,-11.35163999
3368,[*]c1ccc2c(c1)C(=O)N(c1cccc(S(=O)(=O)c3cccc(N4C(=O)c5ccc(C([*])(C(F)(F)F)C(F)(F)F)cc5C4=O)c3)c1)C2=O,p_exp_CO2,-9.634512015
3369,[*]c1ccc2c(c1)C(=O)N(c1cccc(S(=O)(=O)c3cccc(N4C(=O)c5ccc(C([*])(C(F)(F)F)C(F)(F)F)cc5C4=O)c3)c1)C2=O,p_exp_N2,-11.05749589
3370,[*]c1ccc2c(c1)C(=O)N(c1cccc(S(=O)(=O)c3cccc(N4C(=O)c5ccc(C([*])(C(F)(F)F)C(F)(F)F)cc5C4=O)c3)c1)C2=O,p_exp_O2,-10.17717835
3371,[*]c1ccc2c(c1)C(=O)n1c-2nc2cc(Oc3ccc4nc5n(c4c3)C(=O)c3cc([*])ccc3-5)ccc21,p_exp_H2,-9.183096161
3372,[*]c1ccc2c(c1)C(=O)n1c-2nc2cc(Oc3ccc4nc5n(c4c3)C(=O)c3cc([*])ccc3-5)ccc21,p_exp_N2,-11.63827216
3373,[*]c1ccc2c(c1)C(=O)n1c-2nc2cc(Oc3ccc4nc5n(c4c3)C(=O)c3cc([*])ccc3-5)ccc21,p_exp_O2,-10.61978876
3374,[*]c1ccc2c(c1)C(=O)n1c-2nc2ccc(-c3ccc4c(c3)nc3n4C(=O)c4cc(C([*])(C(F)(F)F)C(F)(F)F)ccc4-3)cc21,p_exp_H2,-8.128427064
3375,[*]c1ccc2c(c1)C(=O)n1c-2nc2ccc(-c3ccc4c(c3)nc3n4C(=O)c4cc(C([*])(C(F)(F)F)C(F)(F)F)ccc4-3)cc21,p_exp_N2,-9.841637508
3376,[*]c1ccc2c(c1)C(=O)n1c-2nc2ccc(-c3ccc4c(c3)nc3n4C(=O)c4cc(C([*])(C(F)(F)F)C(F)(F)F)ccc4-3)cc21,p_exp_O2,-9.110698297
3377,[*]c1ccc2c(c1)C(=O)n1c-2nc2ccc(Oc3ccc4c(c3)nc3n4C(=O)c4cc(C([*])(C(F)(F)F)C(F)(F)F)ccc4-3)cc21,p_exp_H2,-8.260427656
3378,[*]c1ccc2c(c1)C(=O)n1c-2nc2ccc(Oc3ccc4c(c3)nc3n4C(=O)c4cc(C([*])(C(F)(F)F)C(F)(F)F)ccc4-3)cc21,p_exp_N2,-10.09151498
3379,[*]c1ccc2c(c1)C(=O)n1c-2nc2ccc(Oc3ccc4c(c3)nc3n4C(=O)c4cc(C([*])(C(F)(F)F)C(F)(F)F)ccc4-3)cc21,p_exp_O2,-9.297569464
3380,[*]c1ccc2c(c1)C(=O)n1c-2nc2ccc(Oc3ccc4nc5n(c4c3)C(=O)c3cc(C([*])(C(F)(F)F)C(F)(F)F)ccc3-5)cc21,p_exp_CH4,-10.26760624
3381,[*]c1ccc2c(c1)C(=O)n1c-2nc2ccc(Oc3ccc4nc5n(c4c3)C(=O)c3cc(C([*])(C(F)(F)F)C(F)(F)F)ccc3-5)cc21,p_exp_CO2,-8.559090918
3382,[*]c1ccc2c(c1)C(=O)n1c-2nc2ccc(Oc3ccc4nc5n(c4c3)C(=O)c3cc(C([*])(C(F)(F)F)C(F)(F)F)ccc3-5)cc21,p_exp_He,-8.050609993
3383,[*]c1ccc2c(c1)C(=O)n1c-2nc2ccc(Oc3ccc4nc5n(c4c3)C(=O)c3cc(C([*])(C(F)(F)F)C(F)(F)F)ccc3-5)cc21,p_exp_N2,-9.913640169
3384,[*]c1ccc2c(c1)C(=O)n1c-2nc2ccc(Oc3ccc4nc5n(c4c3)C(=O)c3cc(C([*])(C(F)(F)F)C(F)(F)F)ccc3-5)cc21,p_exp_O2,-9.102372909
3385,[*]c1ccc2c(c1)C1(CC2(C)C)CC(C)(C)c2ccc(N3C(=O)c4cc5c(cc4C3=O)C3(CC(C)(C)c4cc6c(cc43)C(=O)N([*])C6=O)CC5(C)C)cc21,p_exp_CH4,-7.88941029
3386,[*]c1ccc2c(c1)C1(CC2(C)C)CC(C)(C)c2ccc(N3C(=O)c4cc5c(cc4C3=O)C3(CC(C)(C)c4cc6c(cc43)C(=O)N([*])C6=O)CC5(C)C)cc21,p_exp_CO2,-6.818156412
3387,[*]c1ccc2c(c1)C1(CC2(C)C)CC(C)(C)c2ccc(N3C(=O)c4cc5c(cc4C3=O)C3(CC(C)(C)c4cc6c(cc43)C(=O)N([*])C6=O)CC5(C)C)cc21,p_exp_H2,-7.20481541
3388,[*]c1ccc2c(c1)C1(CC2(C)C)CC(C)(C)c2ccc(N3C(=O)c4cc5c(cc4C3=O)C3(CC(C)(C)c4cc6c(cc43)C(=O)N([*])C6=O)CC5(C)C)cc21,p_exp_He,-7.478861916
3389,[*]c1ccc2c(c1)C1(CC2(C)C)CC(C)(C)c2ccc(N3C(=O)c4cc5c(cc4C3=O)C3(CC(C)(C)c4cc6c(cc43)C(=O)N([*])C6=O)CC5(C)C)cc21,p_exp_N2,-8.187086643
3390,[*]c1ccc2c(c1)C1(CC2(C)C)CC(C)(C)c2ccc(N3C(=O)c4cc5c(cc4C3=O)C3(CC(C)(C)c4cc6c(cc43)C(=O)N([*])C6=O)CC5(C)C)cc21,p_exp_O2,-7.681936665
3391,[*]c1ccc2c(c1)C=C1C(=O)C(N3C(=O)c4ccc(C(c5ccc6c(c5)C(=O)N([*])C6=O)(C(F)(F)F)C(F)(F)F)cc4C3=O)=CC=C12,p_exp_CH4,-10.88941029
3392,[*]c1ccc2c(c1)C=C1C(=O)C(N3C(=O)c4ccc(C(c5ccc6c(c5)C(=O)N([*])C6=O)(C(F)(F)F)C(F)(F)F)cc4C3=O)=CC=C12,p_exp_CO2,-9.11463878
3393,[*]c1ccc2c(c1)C=C1C(=O)C(N3C(=O)c4ccc(C(c5ccc6c(c5)C(=O)N([*])C6=O)(C(F)(F)F)C(F)(F)F)cc4C3=O)=CC=C12,p_exp_H2,-8.469800302
3394,[*]c1ccc2c(c1)C=C1C(=O)C(N3C(=O)c4ccc(C(c5ccc6c(c5)C(=O)N([*])C6=O)(C(F)(F)F)C(F)(F)F)cc4C3=O)=CC=C12,p_exp_N2,-10.4698003
3395,[*]c1ccc2c(c1)C=C1C(=O)C(N3C(=O)c4ccc(C(c5ccc6c(c5)C(=O)N([*])C6=O)(C(F)(F)F)C(F)(F)F)cc4C3=O)=CC=C12,p_exp_O2,-9.630784143
3396,[*]c1ccc2c(c1)c1cc(N3C(=O)c4ccc(C(c5ccc6c(c5)C(=O)N([*])C6=O)(C(F)(F)F)C(F)(F)F)cc4C3=O)ccc1n2CC,p_exp_CH4,-9.987162775
3397,[*]c1ccc2c(c1)c1cc(N3C(=O)c4ccc(C(c5ccc6c(c5)C(=O)N([*])C6=O)(C(F)(F)F)C(F)(F)F)cc4C3=O)ccc1n2CC,p_exp_CO2,-8.4710833
3398,[*]c1ccc2c(c1)c1cc(N3C(=O)c4ccc(C(c5ccc6c(c5)C(=O)N([*])C6=O)(C(F)(F)F)C(F)(F)F)cc4C3=O)ccc1n2CC,p_exp_H2,-8.089909454
3399,[*]c1ccc2c(c1)c1cc(N3C(=O)c4ccc(C(c5ccc6c(c5)C(=O)N([*])C6=O)(C(F)(F)F)C(F)(F)F)cc4C3=O)ccc1n2CC,p_exp_N2,-9.756961951
3400,[*]c1ccc2c(c1)c1cc(N3C(=O)c4ccc(C(c5ccc6c(c5)C(=O)N([*])C6=O)(C(F)(F)F)C(F)(F)F)cc4C3=O)ccc1n2CC,p_exp_O2,-9.040005162
3401,[*]c1ccc2c(c1)nc(-c1cc(-c3nc4ccc([*])cc4n3C)cc(C(C)(C)C)c1)n2C,p_exp_He,-8.928117993
3402,[*]c1ccc2c(c1)nc(-c1cc(-c3nc4ccc([*])cc4n3CCCC)cc(C(C)(C)C)c1)n2CCCC,p_exp_He,-8.671620397
3403,[*]c1ccc2c(c1)nc(-c1cc(-c3nc4ccc([*])cc4n3Cc3ccc(C(C)(C)C)cc3)cc(C(C)(C)C)c1)n2Cc1ccc(C(C)(C)C)cc1,p_exp_He,-8.416801226
3404,[*]c1ccc2c(c1)nc(-c1cccc(-c3nc4ccc([*])cc4n3C)c1)n2C,p_exp_He,-9.507239611
3405,[*]c1ccc2c(c1)nc(-c1cccc(-c3nc4ccc([*])cc4n3CCCC)c1)n2CCCC,p_exp_He,-9.178486472
3406,[*]c1ccc2c(c1)nc(-c1cccc(-c3nc4ccc([*])cc4n3C[Si](C)(C)C)c1)n2C[Si](C)(C)C,p_exp_He,-9.191789027
3407,[*]c1ccc2c(c1)nc(-c1cccc(-c3nc4ccc([*])cc4n3Cc3ccc(C(C)(C)C)cc3)c1)n2Cc1ccc(C(C)(C)C)cc1,p_exp_He,-8.744727495
3408,[*]c1ccc2oc(-c3ccc4cc(-c5nc6cc(C([*])(C(F)(F)F)C(F)(F)F)ccc6o5)ccc4c3)nc2c1,p_exp_CH4,-11.01322827
3409,[*]c1ccc2oc(-c3ccc4cc(-c5nc6cc(C([*])(C(F)(F)F)C(F)(F)F)ccc6o5)ccc4c3)nc2c1,p_exp_CO2,-9.327902142
3410,[*]c1ccc2oc(-c3ccc4cc(-c5nc6cc(C([*])(C(F)(F)F)C(F)(F)F)ccc6o5)ccc4c3)nc2c1,p_exp_H2,-8.619788758
3411,[*]c1ccc2oc(-c3ccc4cc(-c5nc6cc(C([*])(C(F)(F)F)C(F)(F)F)ccc6o5)ccc4c3)nc2c1,p_exp_N2,-10.67778071
3412,[*]c1ccc2oc(-c3ccc4cc(-c5nc6cc(C([*])(C(F)(F)F)C(F)(F)F)ccc6o5)ccc4c3)nc2c1,p_exp_O2,-9.841637508
3413,[*]c1cccc(-c2nc3cc(-c4ccc5nc([*])[nH]c5c4)ccc3[nH]2)c1,p_exp_CH4,-12.74472749
3414,[*]c1cccc(-c2nc3cc(-c4ccc5nc([*])[nH]c5c4)ccc3[nH]2)c1,p_exp_CO2,-10.79588002
3415,[*]c1cccc(-c2nc3cc(-c4ccc5nc([*])[nH]c5c4)ccc3[nH]2)c1,p_exp_H2,-10.21112488
3416,[*]c1cccc(-c2nc3cc(-c4ccc5nc([*])[nH]c5c4)ccc3[nH]2)c1,p_exp_He,-9.978810701
3417,[*]c1cccc(-c2nc3cc(-c4ccc5nc([*])[nH]c5c4)ccc3[nH]2)c1,p_exp_N2,-12.31875876
3418,[*]c1cccc(-c2nc3cc(-c4ccc5nc([*])[nH]c5c4)ccc3[nH]2)c1,p_exp_O2,-11.82390874
3419,[*]c1cccc(-c2nc3cc(-c4ccc5nc([*])[nH]c5c4)ccc3[nH]2)n1,p_exp_H2,-9.860120914
3420,[*]c1cccc(-c2nc3cc(-c4ccc5nc([*])[nH]c5c4)ccc3[nH]2)n1,p_exp_O2,-11.34678749
3421,[*]c1cccc(N2C(=O)c3ccc(C(c4ccc5c(c4)C(=O)N([*])C5=O)(C(F)(F)F)C(F)(F)F)cc3C2=O)c1C,p_exp_CH4,-10.05749589
3422,[*]c1cccc(N2C(=O)c3ccc(C(c4ccc5c(c4)C(=O)N([*])C5=O)(C(F)(F)F)C(F)(F)F)cc3C2=O)c1C,p_exp_CO2,-8.42945706
3423,[*]c1cccc(N2C(=O)c3ccc(C(c4ccc5c(c4)C(=O)N([*])C5=O)(C(F)(F)F)C(F)(F)F)cc3C2=O)c1C,p_exp_H2,-7.987162775
3424,[*]c1cccc(N2C(=O)c3ccc(C(c4ccc5c(c4)C(=O)N([*])C5=O)(C(F)(F)F)C(F)(F)F)cc3C2=O)c1C,p_exp_N2,-9.698970004
3425,[*]c1cccc(N2C(=O)c3ccc(C(c4ccc5c(c4)C(=O)N([*])C5=O)(C(F)(F)F)C(F)(F)F)cc3C2=O)c1C,p_exp_O2,-8.962573502
3426,[*]c1cccc(Oc2ccc(C(c3ccc(Oc4cccc(-n5c(=O)c6cc7c(=O)n([*])c(=O)c7cc6c5=O)c4)cc3)(C(F)(F)F)C(F)(F)F)cc2)c1,p_exp_CH4,-10.76955108
3427,[*]c1cccc(Oc2ccc(C(c3ccc(Oc4cccc(-n5c(=O)c6cc7c(=O)n([*])c(=O)c7cc6c5=O)c4)cc3)(C(F)(F)F)C(F)(F)F)cc2)c1,p_exp_CO2,-9.213248578
3428,[*]c1cccc(Oc2ccc(C(c3ccc(Oc4cccc(-n5c(=O)c6cc7c(=O)n([*])c(=O)c7cc6c5=O)c4)cc3)(C(F)(F)F)C(F)(F)F)cc2)c1,p_exp_H2,-8.721246399
3429,[*]c1cccc(Oc2ccc(C(c3ccc(Oc4cccc(-n5c(=O)c6cc7c(=O)n([*])c(=O)c7cc6c5=O)c4)cc3)(C(F)(F)F)C(F)(F)F)cc2)c1,p_exp_N2,-10.53610701
3430,[*]c1cccc(Oc2ccc(C(c3ccc(Oc4cccc(-n5c(=O)c6cc7c(=O)n([*])c(=O)c7cc6c5=O)c4)cc3)(C(F)(F)F)C(F)(F)F)cc2)c1,p_exp_O2,-9.853871964
3431,[*]c1cccc(Oc2cccc(-n3c(=O)c4cc5c(=O)n([*])c(=O)c5cc4c3=O)c2)c1,p_exp_CH4,-12.09691001
3432,[*]c1cccc(Oc2cccc(-n3c(=O)c4cc5c(=O)n([*])c(=O)c5cc4c3=O)c2)c1,p_exp_CO2,-10.30103
3433,[*]c1cccc(Oc2cccc(-n3c(=O)c4cc5c(=O)n([*])c(=O)c5cc4c3=O)c2)c1,p_exp_H2,-9.443697499
3434,[*]c1cccc(Oc2cccc(-n3c(=O)c4cc5c(=O)n([*])c(=O)c5cc4c3=O)c2)c1,p_exp_N2,-11.74232143
3435,[*]c1cccc(Oc2cccc(-n3c(=O)c4cc5c(=O)n([*])c(=O)c5cc4c3=O)c2)c1,p_exp_O2,-10.88605665
3436,[*]c1cccc2c(-n3c(=O)c4cc5oc6cc7c(cc6oc5cc4c3=O)C3(CC(C)(C)c4cc5oc6cc8c(=O)n([*])c(=O)c8cc6oc5cc43)CC7(C)C)cccc12,p_exp_CH4,-8.568636236
3437,[*]c1cccc2c(-n3c(=O)c4cc5oc6cc7c(cc6oc5cc4c3=O)C3(CC(C)(C)c4cc5oc6cc8c(=O)n([*])c(=O)c8cc6oc5cc43)CC7(C)C)cccc12,p_exp_CO2,-7.292429824
3438,[*]c1cccc2c(-n3c(=O)c4cc5oc6cc7c(cc6oc5cc4c3=O)C3(CC(C)(C)c4cc5oc6cc8c(=O)n([*])c(=O)c8cc6oc5cc43)CC7(C)C)cccc12,p_exp_H2,-7.455931956
3439,[*]c1cccc2c(-n3c(=O)c4cc5oc6cc7c(cc6oc5cc4c3=O)C3(CC(C)(C)c4cc5oc6cc8c(=O)n([*])c(=O)c8cc6oc5cc43)CC7(C)C)cccc12,p_exp_He,-7.721246399
3440,[*]c1cccc2c(-n3c(=O)c4cc5oc6cc7c(cc6oc5cc4c3=O)C3(CC(C)(C)c4cc5oc6cc8c(=O)n([*])c(=O)c8cc6oc5cc43)CC7(C)C)cccc12,p_exp_N2,-8.721246399
3441,[*]c1cccc2c(-n3c(=O)c4cc5oc6cc7c(cc6oc5cc4c3=O)C3(CC(C)(C)c4cc5oc6cc8c(=O)n([*])c(=O)c8cc6oc5cc43)CC7(C)C)cccc12,p_exp_O2,-8.113509275
3442,[*]c1cncc(-c2ccc(Oc3ccc(C(c4ccc(Oc5ccc([*])cc5C(F)(F)F)cc4)C4c5ccccc5-c5ccccc54)cc3)c(C(F)(F)F)c2)c1,p_exp_CH4,-9.798602876
3443,[*]c1cncc(-c2ccc(Oc3ccc(C(c4ccc(Oc5ccc([*])cc5C(F)(F)F)cc4)C4c5ccccc5-c5ccccc54)cc3)c(C(F)(F)F)c2)c1,p_exp_CO2,-8.588380294
3444,[*]c1cncc(-c2ccc(Oc3ccc(C(c4ccc(Oc5ccc([*])cc5C(F)(F)F)cc4)C4c5ccccc5-c5ccccc54)cc3)c(C(F)(F)F)c2)c1,p_exp_H2,-8.364516253
3445,[*]c1cncc(-c2ccc(Oc3ccc(C(c4ccc(Oc5ccc([*])cc5C(F)(F)F)cc4)C4c5ccccc5-c5ccccc54)cc3)c(C(F)(F)F)c2)c1,p_exp_He,-8.403402904
3446,[*]c1cncc(-c2ccc(Oc3ccc(C(c4ccc(Oc5ccc([*])cc5C(F)(F)F)cc4)C4c5ccccc5-c5ccccc54)cc3)c(C(F)(F)F)c2)c1,p_exp_N2,-9.68613278
3447,[*]c1cncc(-c2ccc(Oc3ccc(C(c4ccc(Oc5ccc([*])cc5C(F)(F)F)cc4)C4c5ccccc5-c5ccccc54)cc3)c(C(F)(F)F)c2)c1,p_exp_O2,-9.206209615
3448,[*]c1nc2ccc(-c3ccc4[nH]c(-c5cc(Br)c([*])cc5Br)nc4c3)cc2[nH]1,p_exp_H2,-9.723538196
3449,[*]c1nc2ccc(-c3ccc4[nH]c(-c5cc(Br)c([*])cc5Br)nc4c3)cc2[nH]1,p_exp_O2,-11.15490196
3450,[*]c1nnc(C2CCC([*])CC2)o1,p_exp_CH4,-9.554395797
3451,[*]c1nnc(C2CCC([*])CC2)o1,p_exp_CO2,-8.107905397
3452,[*]c1nnc(C2CCC([*])CC2)o1,p_exp_N2,-9.397940009
3453,[*]c1nnc(C2CCC([*])CC2)o1,p_exp_O2,-8.698970004
